Time resolution is 1 ps
Info: [XPM_MEMORY 20-1] MEMORY_PRIMITIVE (0) instructs Vivado Synthesis to choose the memory primitive type. Depending on their values, other XPM_MEMORY parameters may preclude the choice of certain memory primitive types. Review XPM_MEMORY documentation and parameter values to understand any limitations, or set MEMORY_PRIMITIVE to a different value. block_design_elaboreate_tb.uut.histo_i.axis_data_fifo_0.inst.gen_fifo.xpm_fifo_axis_inst.xpm_fifo_base_inst.gen_sdpram.xpm_memory_base_inst.config_drc
Time: 1 ps  Iteration: 0  Process: /block_design_elaboreate_tb/uut/histo_i/axis_data_fifo_0/inst/gen_fifo.xpm_fifo_axis_inst/xpm_fifo_base_inst/gen_sdpram.xpm_memory_base_inst/Initial302_36  Scope: block_design_elaboreate_tb.uut.histo_i.axis_data_fifo_0.inst.gen_fifo.xpm_fifo_axis_inst.xpm_fifo_base_inst.gen_sdpram.xpm_memory_base_inst.config_drc  File: C:/Xilinx/Vivado/2024.2/data/ip/xpm/xpm_memory/hdl/xpm_memory.sv Line: 514
No photon emitted.
No photon emitted.
No photon emitted.
No photon emitted.
No photon emitted.
No photon emitted.
No photon emitted.
Photon emitted!
No photon emitted.
Sent data: 0000000000403524, last: 0
No photon emitted.
No photon emitted.
No photon emitted.
No photon emitted.
No photon emitted.
No photon emitted.
No photon emitted.
No photon emitted.
No photon emitted.
No photon emitted.
No photon emitted.
No photon emitted.
No photon emitted.
No photon emitted.
No photon emitted.
Photon emitted!
Photon emitted!
Sent data: 000000000150de81, last: 0
No photon emitted.
Sent data: 000000000160d609, last: 0
No photon emitted.
No photon emitted.
No photon emitted.
No photon emitted.
No photon emitted.
No photon emitted.
No photon emitted.
No photon emitted.
No photon emitted.
No photon emitted.
No photon emitted.
No photon emitted.
No photon emitted.
No photon emitted.
No photon emitted.
No photon emitted.
No photon emitted.
Photon emitted!
No photon emitted.
Sent data: 000000000290d663, last: 0
No photon emitted.
No photon emitted.
No photon emitted.
No photon emitted.
No photon emitted.
No photon emitted.
No photon emitted.
No photon emitted.
No photon emitted.
No photon emitted.
No photon emitted.
Photon emitted!
No photon emitted.
Sent data: 0000000003607b0d, last: 0
No photon emitted.
No photon emitted.
No photon emitted.
Photon emitted!
No photon emitted.
Sent data: 0000000003b0198d, last: 0
No photon emitted.
No photon emitted.
No photon emitted.
No photon emitted.
No photon emitted.
No photon emitted.
No photon emitted.
No photon emitted.
No photon emitted.
No photon emitted.
No photon emitted.
No photon emitted.
No photon emitted.
No photon emitted.
No photon emitted.
No photon emitted.
No photon emitted.
No photon emitted.
No photon emitted.
No photon emitted.
No photon emitted.
No photon emitted.
No photon emitted.
Photon emitted!
No photon emitted.
Sent data: 0000000005408465, last: 0
No photon emitted.
No photon emitted.
No photon emitted.
No photon emitted.
No photon emitted.
No photon emitted.
No photon emitted.
No photon emitted.
No photon emitted.
No photon emitted.
Photon emitted!
No photon emitted.
Sent data: 000000000600d212, last: 0
No photon emitted.
No photon emitted.
No photon emitted.
No photon emitted.
Photon emitted!
No photon emitted.
Sent data: 0000000006606301, last: 0
No photon emitted.
No photon emitted.
No photon emitted.
No photon emitted.
No photon emitted.
No photon emitted.
No photon emitted.
No photon emitted.
No photon emitted.
No photon emitted.
No photon emitted.
No photon emitted.
No photon emitted.
No photon emitted.
No photon emitted.
No photon emitted.
No photon emitted.
No photon emitted.
No photon emitted.
No photon emitted.
No photon emitted.
No photon emitted.
No photon emitted.
No photon emitted.
No photon emitted.
No photon emitted.
No photon emitted.
No photon emitted.
No photon emitted.
No photon emitted.
No photon emitted.
Photon emitted!
No photon emitted.
Sent data: 0000000008704d0d, last: 0
No photon emitted.
No photon emitted.
Photon emitted!
No photon emitted.
Sent data: 0000000008b07176, last: 0
Photon emitted!
No photon emitted.
Sent data: 0000000008d04d3d, last: 0
No photon emitted.
No photon emitted.
No photon emitted.
No photon emitted.
No photon emitted.
No photon emitted.
No photon emitted.
No photon emitted.
No photon emitted.
No photon emitted.
No photon emitted.
No photon emitted.
Photon emitted!
No photon emitted.
Sent data: 0000000009b057ed, last: 0
Photon emitted!
No photon emitted.
Sent data: 0000000009d0778c, last: 0
No photon emitted.
Photon emitted!
No photon emitted.
Sent data: 000000000a0069f9, last: 0
Photon emitted!
No photon emitted.
Sent data: 000000000a20a4c6, last: 0
No photon emitted.
No photon emitted.
No photon emitted.
No photon emitted.
No photon emitted.
No photon emitted.
No photon emitted.
No photon emitted.
No photon emitted.
No photon emitted.
No photon emitted.
No photon emitted.
No photon emitted.
No photon emitted.
No photon emitted.
No photon emitted.
No photon emitted.
No photon emitted.
Photon emitted!
No photon emitted.
Sent data: 000000000b6084c5, last: 0
No photon emitted.
No photon emitted.
No photon emitted.
Photon emitted!
No photon emitted.
Sent data: 000000000bb0d2aa, last: 0
No photon emitted.
Photon emitted!
No photon emitted.
Sent data: 000000000be077e5, last: 0
No photon emitted.
No photon emitted.
No photon emitted.
No photon emitted.
No photon emitted.
No photon emitted.
No photon emitted.
No photon emitted.
No photon emitted.
Photon emitted!
No photon emitted.
Sent data: 000000000c90f277, last: 0
No photon emitted.
No photon emitted.
No photon emitted.
No photon emitted.
Photon emitted!
No photon emitted.
Sent data: 000000000cf0d612, last: 0
Photon emitted!
No photon emitted.
Sent data: 000000000d105b8f, last: 0
No photon emitted.
No photon emitted.
No photon emitted.
No photon emitted.
No photon emitted.
No photon emitted.
Photon emitted!
No photon emitted.
Sent data: 000000000d9069f2, last: 0
No photon emitted.
No photon emitted.
No photon emitted.
No photon emitted.
No photon emitted.
No photon emitted.
No photon emitted.
No photon emitted.
No photon emitted.
No photon emitted.
No photon emitted.
No photon emitted.
No photon emitted.
No photon emitted.
Photon emitted!
No photon emitted.
Sent data: 000000000e9096ce, last: 0
No photon emitted.
No photon emitted.
No photon emitted.
No photon emitted.
No photon emitted.
No photon emitted.
No photon emitted.
Photon emitted!
No photon emitted.
Sent data: 000000000f20fae8, last: 0
No photon emitted.
No photon emitted.
No photon emitted.
Photon emitted!
No photon emitted.
Sent data: 000000000f70cec5, last: 0
No photon emitted.
No photon emitted.
No photon emitted.
No photon emitted.
No photon emitted.
No photon emitted.
No photon emitted.
No photon emitted.
No photon emitted.
No photon emitted.
Photon emitted!
No photon emitted.
Sent data: 000000001030495c, last: 0
Photon emitted!
No photon emitted.
Sent data: 000000001050a8bd, last: 0
No photon emitted.
Photon emitted!
No photon emitted.
Sent data: 000000001080d82d, last: 0
No photon emitted.
No photon emitted.
Photon emitted!
No photon emitted.
Sent data: 0000000010c0a665, last: 0
No photon emitted.
No photon emitted.
No photon emitted.
No photon emitted.
No photon emitted.
No photon emitted.
Photon emitted!
Photon emitted!
Sent data: 000000001140e263, last: 0
No photon emitted.
Sent data: 000000001150070a, last: 0
No photon emitted.
No photon emitted.
No photon emitted.
No photon emitted.
No photon emitted.
No photon emitted.
No photon emitted.
No photon emitted.
No photon emitted.
No photon emitted.
No photon emitted.
No photon emitted.
No photon emitted.
No photon emitted.
No photon emitted.
No photon emitted.
No photon emitted.
No photon emitted.
No photon emitted.
Photon emitted!
No photon emitted.
Sent data: 0000000012a0a280, last: 0
No photon emitted.
No photon emitted.
No photon emitted.
No photon emitted.
No photon emitted.
No photon emitted.
No photon emitted.
No photon emitted.
No photon emitted.
No photon emitted.
Photon emitted!
No photon emitted.
Sent data: 0000000013602120, last: 0
No photon emitted.
No photon emitted.
No photon emitted.
No photon emitted.
No photon emitted.
No photon emitted.
No photon emitted.
No photon emitted.
Photon emitted!
No photon emitted.
Sent data: 00000000140045aa, last: 0
No photon emitted.
No photon emitted.
Photon emitted!
No photon emitted.
Sent data: 000000001440cc9d, last: 0
No photon emitted.
No photon emitted.
No photon emitted.
Photon emitted!
No photon emitted.
Sent data: 000000001490be96, last: 0
No photon emitted.
No photon emitted.
No photon emitted.
No photon emitted.
No photon emitted.
No photon emitted.
No photon emitted.
No photon emitted.
No photon emitted.
No photon emitted.
No photon emitted.
No photon emitted.
No photon emitted.
No photon emitted.
Photon emitted!
No photon emitted.
Sent data: 000000001590b813, last: 0
No photon emitted.
No photon emitted.
No photon emitted.
No photon emitted.
Photon emitted!
No photon emitted.
Sent data: 0000000015f0b80d, last: 0
No photon emitted.
No photon emitted.
No photon emitted.
No photon emitted.
No photon emitted.
Photon emitted!
Photon emitted!
Sent data: 000000001660d653, last: 0
No photon emitted.
Photon emitted!
Sent data: 0000000016705d6b, last: 0
No photon emitted.
Sent data: 000000001690aad5, last: 0
No photon emitted.
No photon emitted.
No photon emitted.
No photon emitted.
No photon emitted.
Photon emitted!
No photon emitted.
Sent data: 000000001700ca02, last: 0
No photon emitted.
No photon emitted.
No photon emitted.
No photon emitted.
No photon emitted.
No photon emitted.
No photon emitted.
No photon emitted.
No photon emitted.
No photon emitted.
No photon emitted.
No photon emitted.
No photon emitted.
No photon emitted.
Photon emitted!
No photon emitted.
Sent data: 000000001800beae, last: 0
No photon emitted.
Photon emitted!
No photon emitted.
Sent data: 000000001830691d, last: 0
No photon emitted.
No photon emitted.
No photon emitted.
No photon emitted.
No photon emitted.
No photon emitted.
No photon emitted.
No photon emitted.
No photon emitted.
No photon emitted.
No photon emitted.
No photon emitted.
No photon emitted.
No photon emitted.
No photon emitted.
No photon emitted.
No photon emitted.
No photon emitted.
No photon emitted.
No photon emitted.
No photon emitted.
No photon emitted.
No photon emitted.
No photon emitted.
No photon emitted.
No photon emitted.
No photon emitted.
No photon emitted.
No photon emitted.
No photon emitted.
No photon emitted.
No photon emitted.
No photon emitted.
No photon emitted.
No photon emitted.
No photon emitted.
No photon emitted.
No photon emitted.
No photon emitted.
No photon emitted.
No photon emitted.
No photon emitted.
Photon emitted!
No photon emitted.
Sent data: 000000001af0f2cf, last: 0
No photon emitted.
No photon emitted.
No photon emitted.
No photon emitted.
No photon emitted.
No photon emitted.
No photon emitted.
No photon emitted.
No photon emitted.
Photon emitted!
No photon emitted.
Sent data: 000000001ba04923, last: 0
No photon emitted.
No photon emitted.
No photon emitted.
No photon emitted.
No photon emitted.
Photon emitted!
No photon emitted.
Sent data: 000000001c10650a, last: 0
Photon emitted!
No photon emitted.
Sent data: 000000001c308aca, last: 0
No photon emitted.
No photon emitted.
No photon emitted.
No photon emitted.
Photon emitted!
No photon emitted.
Sent data: 000000001c90cc3c, last: 0
No photon emitted.
No photon emitted.
No photon emitted.
No photon emitted.
No photon emitted.
No photon emitted.
No photon emitted.
No photon emitted.
No photon emitted.
No photon emitted.
No photon emitted.
No photon emitted.
No photon emitted.
No photon emitted.
No photon emitted.
No photon emitted.
No photon emitted.
Photon emitted!
Photon emitted!
Sent data: 000000001dc03df2, last: 0
No photon emitted.
Sent data: 000000001dd0618a, last: 0
No photon emitted.
No photon emitted.
No photon emitted.
No photon emitted.
No photon emitted.
No photon emitted.
No photon emitted.
No photon emitted.
No photon emitted.
Photon emitted!
No photon emitted.
Sent data: 000000001e803341, last: 0
No photon emitted.
No photon emitted.
Photon emitted!
No photon emitted.
Sent data: 000000001ec0b4d8, last: 0
No photon emitted.
No photon emitted.
No photon emitted.
No photon emitted.
No photon emitted.
Photon emitted!
No photon emitted.
Sent data: 000000001f307378, last: 0
No photon emitted.
No photon emitted.
Photon emitted!
No photon emitted.
Sent data: 000000001f709289, last: 0
No photon emitted.
No photon emitted.
No photon emitted.
No photon emitted.
No photon emitted.
No photon emitted.
No photon emitted.
No photon emitted.
No photon emitted.
No photon emitted.
No photon emitted.
No photon emitted.
No photon emitted.
No photon emitted.
No photon emitted.
No photon emitted.
Photon emitted!
No photon emitted.
Sent data: 0000000020900deb, last: 0
No photon emitted.
No photon emitted.
No photon emitted.
No photon emitted.
No photon emitted.
No photon emitted.
No photon emitted.
No photon emitted.
No photon emitted.
No photon emitted.
No photon emitted.
No photon emitted.
No photon emitted.
No photon emitted.
No photon emitted.
Photon emitted!
Photon emitted!
Sent data: 0000000021a065b6, last: 0
No photon emitted.
No photon emitted.
Sent data: 0000000021b079c6, last: 0
No photon emitted.
No photon emitted.
No photon emitted.
No photon emitted.
No photon emitted.
No photon emitted.
No photon emitted.
No photon emitted.
No photon emitted.
Photon emitted!
No photon emitted.
Sent data: 00000000227013ae, last: 0
No photon emitted.
No photon emitted.
No photon emitted.
No photon emitted.
Photon emitted!
No photon emitted.
Sent data: 0000000022d082bc, last: 0
No photon emitted.
Photon emitted!
No photon emitted.
Sent data: 0000000023005d2a, last: 0
No photon emitted.
Photon emitted!
No photon emitted.
Sent data: 0000000023309a0b, last: 0
No photon emitted.
No photon emitted.
No photon emitted.
Photon emitted!
No photon emitted.
Sent data: 000000002380be71, last: 0
No photon emitted.
Photon emitted!
No photon emitted.
Sent data: 0000000023b04185, last: 0
No photon emitted.
Photon emitted!
No photon emitted.
Sent data: 0000000023e0554f, last: 0
No photon emitted.
No photon emitted.
No photon emitted.
No photon emitted.
No photon emitted.
No photon emitted.
No photon emitted.
No photon emitted.
No photon emitted.
No photon emitted.
No photon emitted.
No photon emitted.
No photon emitted.
No photon emitted.
No photon emitted.
No photon emitted.
No photon emitted.
No photon emitted.
No photon emitted.
No photon emitted.
No photon emitted.
No photon emitted.
No photon emitted.
No photon emitted.
No photon emitted.
Photon emitted!
No photon emitted.
Sent data: 000000002590e03b, last: 0
No photon emitted.
No photon emitted.
No photon emitted.
No photon emitted.
No photon emitted.
Photon emitted!
No photon emitted.
Sent data: 000000002600333a, last: 0
No photon emitted.
No photon emitted.
No photon emitted.
No photon emitted.
No photon emitted.
No photon emitted.
No photon emitted.
No photon emitted.
No photon emitted.
No photon emitted.
No photon emitted.
No photon emitted.
No photon emitted.
No photon emitted.
Photon emitted!
No photon emitted.
Sent data: 000000002700b27e, last: 0
Photon emitted!
No photon emitted.
Sent data: 0000000027204b15, last: 0
No photon emitted.
Photon emitted!
No photon emitted.
Sent data: 0000000027501bf1, last: 0
No photon emitted.
No photon emitted.
No photon emitted.
No photon emitted.
No photon emitted.
No photon emitted.
Photon emitted!
Photon emitted!
Sent data: 0000000027d04bd9, last: 0
No photon emitted.
Sent data: 0000000027e00762, last: 0
No photon emitted.
No photon emitted.
No photon emitted.
Photon emitted!
No photon emitted.
Sent data: 0000000028307b4c, last: 0
No photon emitted.
No photon emitted.
No photon emitted.
No photon emitted.
No photon emitted.
No photon emitted.
Photon emitted!
No photon emitted.
Sent data: 0000000028b0559f, last: 0
No photon emitted.
No photon emitted.
No photon emitted.
No photon emitted.
No photon emitted.
No photon emitted.
No photon emitted.
No photon emitted.
No photon emitted.
No photon emitted.
No photon emitted.
No photon emitted.
No photon emitted.
No photon emitted.
No photon emitted.
No photon emitted.
No photon emitted.
No photon emitted.
No photon emitted.
No photon emitted.
Photon emitted!
No photon emitted.
Sent data: 000000002a10218f, last: 0
No photon emitted.
No photon emitted.
No photon emitted.
No photon emitted.
No photon emitted.
No photon emitted.
No photon emitted.
No photon emitted.
No photon emitted.
No photon emitted.
No photon emitted.
No photon emitted.
No photon emitted.
No photon emitted.
No photon emitted.
No photon emitted.
No photon emitted.
No photon emitted.
Photon emitted!
No photon emitted.
Sent data: 000000002b5029f8, last: 0
No photon emitted.
No photon emitted.
No photon emitted.
No photon emitted.
No photon emitted.
No photon emitted.
No photon emitted.
No photon emitted.
No photon emitted.
No photon emitted.
No photon emitted.
No photon emitted.
No photon emitted.
No photon emitted.
No photon emitted.
No photon emitted.
No photon emitted.
No photon emitted.
No photon emitted.
No photon emitted.
No photon emitted.
No photon emitted.
Photon emitted!
No photon emitted.
Sent data: 000000002cd0e0b7, last: 0
No photon emitted.
No photon emitted.
Photon emitted!
No photon emitted.
Sent data: 000000002d10d69f, last: 0
No photon emitted.
No photon emitted.
Photon emitted!
No photon emitted.
Sent data: 000000002d50945c, last: 0
No photon emitted.
No photon emitted.
No photon emitted.
No photon emitted.
No photon emitted.
No photon emitted.
No photon emitted.
No photon emitted.
No photon emitted.
No photon emitted.
No photon emitted.
No photon emitted.
Photon emitted!
No photon emitted.
Sent data: 000000002e30c05b, last: 0
Photon emitted!
No photon emitted.
Sent data: 000000002e503789, last: 0
No photon emitted.
No photon emitted.
No photon emitted.
No photon emitted.
No photon emitted.
No photon emitted.
No photon emitted.
No photon emitted.
No photon emitted.
No photon emitted.
No photon emitted.
No photon emitted.
No photon emitted.
No photon emitted.
No photon emitted.
No photon emitted.
No photon emitted.
No photon emitted.
No photon emitted.
No photon emitted.
No photon emitted.
No photon emitted.
No photon emitted.
No photon emitted.
No photon emitted.
No photon emitted.
No photon emitted.
No photon emitted.
No photon emitted.
No photon emitted.
No photon emitted.
No photon emitted.
No photon emitted.
No photon emitted.
Photon emitted!
No photon emitted.
Sent data: 000000003090b249, last: 0
No photon emitted.
No photon emitted.
No photon emitted.
No photon emitted.
No photon emitted.
No photon emitted.
No photon emitted.
No photon emitted.
Photon emitted!
No photon emitted.
Sent data: 000000003130bed0, last: 0
No photon emitted.
No photon emitted.
No photon emitted.
Photon emitted!
No photon emitted.
Sent data: 000000003180c0d7, last: 0
No photon emitted.
No photon emitted.
No photon emitted.
No photon emitted.
No photon emitted.
No photon emitted.
No photon emitted.
No photon emitted.
Photon emitted!
Photon emitted!
Sent data: 000000003220fc51, last: 0
No photon emitted.
No photon emitted.
Sent data: 0000000032302f96, last: 0
No photon emitted.
No photon emitted.
No photon emitted.
No photon emitted.
No photon emitted.
No photon emitted.
No photon emitted.
No photon emitted.
No photon emitted.
No photon emitted.
No photon emitted.
Photon emitted!
No photon emitted.
Sent data: 0000000033107f0c, last: 0
No photon emitted.
No photon emitted.
No photon emitted.
No photon emitted.
No photon emitted.
No photon emitted.
No photon emitted.
No photon emitted.
No photon emitted.
No photon emitted.
No photon emitted.
No photon emitted.
No photon emitted.
No photon emitted.
No photon emitted.
No photon emitted.
No photon emitted.
Photon emitted!
No photon emitted.
Sent data: 000000003440cec2, last: 0
No photon emitted.
No photon emitted.
No photon emitted.
No photon emitted.
No photon emitted.
No photon emitted.
No photon emitted.
No photon emitted.
No photon emitted.
No photon emitted.
No photon emitted.
No photon emitted.
No photon emitted.
No photon emitted.
No photon emitted.
No photon emitted.
Photon emitted!
No photon emitted.
Sent data: 0000000035606dc8, last: 0
No photon emitted.
No photon emitted.
No photon emitted.
No photon emitted.
No photon emitted.
No photon emitted.
No photon emitted.
No photon emitted.
No photon emitted.
No photon emitted.
No photon emitted.
No photon emitted.
No photon emitted.
No photon emitted.
No photon emitted.
No photon emitted.
No photon emitted.
No photon emitted.
No photon emitted.
No photon emitted.
No photon emitted.
No photon emitted.
No photon emitted.
No photon emitted.
No photon emitted.
No photon emitted.
No photon emitted.
No photon emitted.
Photon emitted!
No photon emitted.
Sent data: 000000003740da77, last: 0
No photon emitted.
No photon emitted.
No photon emitted.
No photon emitted.
No photon emitted.
No photon emitted.
No photon emitted.
No photon emitted.
Photon emitted!
No photon emitted.
Sent data: 0000000037e06d3d, last: 0
No photon emitted.
No photon emitted.
No photon emitted.
No photon emitted.
No photon emitted.
No photon emitted.
Photon emitted!
No photon emitted.
Sent data: 0000000038605b12, last: 0
No photon emitted.
No photon emitted.
No photon emitted.
No photon emitted.
No photon emitted.
No photon emitted.
No photon emitted.
No photon emitted.
No photon emitted.
No photon emitted.
No photon emitted.
No photon emitted.
No photon emitted.
Photon emitted!
No photon emitted.
Sent data: 000000003950807e, last: 0
No photon emitted.
No photon emitted.
Photon emitted!
No photon emitted.
Sent data: 000000003990016d, last: 0
No photon emitted.
No photon emitted.
No photon emitted.
No photon emitted.
No photon emitted.
No photon emitted.
No photon emitted.
No photon emitted.
No photon emitted.
No photon emitted.
No photon emitted.
No photon emitted.
No photon emitted.
No photon emitted.
No photon emitted.
No photon emitted.
No photon emitted.
No photon emitted.
No photon emitted.
No photon emitted.
No photon emitted.
No photon emitted.
No photon emitted.
No photon emitted.
No photon emitted.
No photon emitted.
No photon emitted.
No photon emitted.
No photon emitted.
No photon emitted.
No photon emitted.
No photon emitted.
Photon emitted!
No photon emitted.
Sent data: 000000003bb06739, last: 0
Photon emitted!
Photon emitted!
Sent data: 000000003bd00f1f, last: 0
No photon emitted.
Sent data: 000000003be0f6d3, last: 0
No photon emitted.
No photon emitted.
No photon emitted.
No photon emitted.
No photon emitted.
No photon emitted.
No photon emitted.
No photon emitted.
No photon emitted.
No photon emitted.
No photon emitted.
No photon emitted.
No photon emitted.
No photon emitted.
No photon emitted.
No photon emitted.
No photon emitted.
No photon emitted.
No photon emitted.
No photon emitted.
No photon emitted.
No photon emitted.
No photon emitted.
No photon emitted.
No photon emitted.
No photon emitted.
Photon emitted!
No photon emitted.
Sent data: 000000003da02f85, last: 0
No photon emitted.
No photon emitted.
No photon emitted.
No photon emitted.
No photon emitted.
No photon emitted.
No photon emitted.
Photon emitted!
Photon emitted!
Sent data: 000000003e308878, last: 0
No photon emitted.
No photon emitted.
Sent data: 000000003e40595b, last: 0
No photon emitted.
No photon emitted.
No photon emitted.
No photon emitted.
No photon emitted.
Photon emitted!
Photon emitted!
Sent data: 000000003ec04b49, last: 0
No photon emitted.
Sent data: 000000003ed0ae3f, last: 0
No photon emitted.
No photon emitted.
No photon emitted.
No photon emitted.
No photon emitted.
No photon emitted.
No photon emitted.
Photon emitted!
No photon emitted.
Sent data: 000000003f602f2a, last: 0
No photon emitted.
No photon emitted.
No photon emitted.
No photon emitted.
No photon emitted.
No photon emitted.
No photon emitted.
No photon emitted.
No photon emitted.
No photon emitted.
No photon emitted.
Received data: 1234567800000000, last: 0
No photon emitted.
No photon emitted.
No photon emitted.
Photon emitted!
No photon emitted.
Sent data: 0000000000606358, last: 0
Photon emitted!
No photon emitted.
Sent data: 000000000080b886, last: 0
No photon emitted.
No photon emitted.
No photon emitted.
Photon emitted!
Photon emitted!
Sent data: 0000000000d08c8e, last: 0
Photon emitted!
Sent data: 0000000000e0f29c, last: 0
No photon emitted.
No photon emitted.
Sent data: 0000000000f019fa, last: 0
No photon emitted.
No photon emitted.
Photon emitted!
No photon emitted.
Sent data: 000000000140bc26, last: 0
No photon emitted.
No photon emitted.
No photon emitted.
No photon emitted.
No photon emitted.
No photon emitted.
No photon emitted.
No photon emitted.
No photon emitted.
No photon emitted.
No photon emitted.
No photon emitted.
No photon emitted.
No photon emitted.
No photon emitted.
No photon emitted.
No photon emitted.
No photon emitted.
Photon emitted!
No photon emitted.
Sent data: 0000000002801773, last: 0
No photon emitted.
No photon emitted.
No photon emitted.
No photon emitted.
No photon emitted.
No photon emitted.
No photon emitted.
Photon emitted!
No photon emitted.
Sent data: 000000000310b4a3, last: 0
No photon emitted.
No photon emitted.
No photon emitted.
No photon emitted.
No photon emitted.
No photon emitted.
No photon emitted.
No photon emitted.
No photon emitted.
No photon emitted.
No photon emitted.
No photon emitted.
No photon emitted.
No photon emitted.
No photon emitted.
No photon emitted.
No photon emitted.
No photon emitted.
No photon emitted.
No photon emitted.
No photon emitted.
No photon emitted.
No photon emitted.
No photon emitted.
No photon emitted.
No photon emitted.
No photon emitted.
No photon emitted.
No photon emitted.
No photon emitted.
No photon emitted.
No photon emitted.
No photon emitted.
No photon emitted.
No photon emitted.
No photon emitted.
No photon emitted.
No photon emitted.
No photon emitted.
No photon emitted.
No photon emitted.
No photon emitted.
No photon emitted.
No photon emitted.
No photon emitted.
No photon emitted.
No photon emitted.
Photon emitted!
No photon emitted.
Sent data: 000000000620a82f, last: 0
No photon emitted.
No photon emitted.
No photon emitted.
No photon emitted.
No photon emitted.
No photon emitted.
No photon emitted.
No photon emitted.
No photon emitted.
No photon emitted.
No photon emitted.
No photon emitted.
No photon emitted.
No photon emitted.
No photon emitted.
No photon emitted.
No photon emitted.
No photon emitted.
No photon emitted.
No photon emitted.
No photon emitted.
No photon emitted.
No photon emitted.
Photon emitted!
No photon emitted.
Sent data: 0000000007b092b3, last: 0
No photon emitted.
No photon emitted.
No photon emitted.
No photon emitted.
No photon emitted.
No photon emitted.
No photon emitted.
No photon emitted.
No photon emitted.
No photon emitted.
No photon emitted.
No photon emitted.
No photon emitted.
No photon emitted.
No photon emitted.
No photon emitted.
Photon emitted!
No photon emitted.
Sent data: 0000000008d0d65f, last: 0
Photon emitted!
No photon emitted.
Sent data: 0000000008f00d44, last: 0
No photon emitted.
Photon emitted!
No photon emitted.
Sent data: 0000000009207df7, last: 0
No photon emitted.
No photon emitted.
No photon emitted.
No photon emitted.
No photon emitted.
No photon emitted.
No photon emitted.
No photon emitted.
No photon emitted.
No photon emitted.
No photon emitted.
No photon emitted.
No photon emitted.
No photon emitted.
No photon emitted.
No photon emitted.
No photon emitted.
No photon emitted.
No photon emitted.
No photon emitted.
Photon emitted!
No photon emitted.
Sent data: 000000000a80b6cb, last: 0
No photon emitted.
No photon emitted.
No photon emitted.
No photon emitted.
No photon emitted.
Photon emitted!
No photon emitted.
Sent data: 000000000af09ae6, last: 0
No photon emitted.
No photon emitted.
No photon emitted.
No photon emitted.
No photon emitted.
No photon emitted.
No photon emitted.
No photon emitted.
No photon emitted.
No photon emitted.
No photon emitted.
No photon emitted.
No photon emitted.
No photon emitted.
No photon emitted.
Photon emitted!
No photon emitted.
Sent data: 000000000c005b5a, last: 0
No photon emitted.
Photon emitted!
No photon emitted.
Sent data: 000000000c304129, last: 0
No photon emitted.
No photon emitted.
No photon emitted.
No photon emitted.
No photon emitted.
No photon emitted.
No photon emitted.
No photon emitted.
No photon emitted.
No photon emitted.
No photon emitted.
No photon emitted.
No photon emitted.
No photon emitted.
No photon emitted.
No photon emitted.
No photon emitted.
No photon emitted.
Photon emitted!
No photon emitted.
Sent data: 000000000d70e2ed, last: 0
No photon emitted.
No photon emitted.
No photon emitted.
No photon emitted.
No photon emitted.
No photon emitted.
No photon emitted.
No photon emitted.
No photon emitted.
No photon emitted.
No photon emitted.
No photon emitted.
Photon emitted!
No photon emitted.
Sent data: 000000000e50ecda, last: 0
No photon emitted.
No photon emitted.
No photon emitted.
No photon emitted.
No photon emitted.
No photon emitted.
No photon emitted.
Photon emitted!
No photon emitted.
Sent data: 000000000ee0b665, last: 0
No photon emitted.
No photon emitted.
No photon emitted.
No photon emitted.
No photon emitted.
No photon emitted.
No photon emitted.
No photon emitted.
No photon emitted.
No photon emitted.
Photon emitted!
No photon emitted.
Sent data: 000000000fa0e2b5, last: 0
No photon emitted.
Photon emitted!
No photon emitted.
Sent data: 000000000fd094df, last: 0
No photon emitted.
No photon emitted.
Photon emitted!
No photon emitted.
Sent data: 0000000010101979, last: 0
No photon emitted.
No photon emitted.
No photon emitted.
Photon emitted!
No photon emitted.
Sent data: 0000000010607f44, last: 0
No photon emitted.
No photon emitted.
No photon emitted.
Photon emitted!
Photon emitted!
Sent data: 0000000010b08cd0, last: 0
No photon emitted.
No photon emitted.
Sent data: 0000000010c00b2a, last: 0
Photon emitted!
No photon emitted.
Sent data: 0000000010f02dab, last: 0
No photon emitted.
Photon emitted!
No photon emitted.
Sent data: 0000000011204f0e, last: 0
No photon emitted.
No photon emitted.
No photon emitted.
No photon emitted.
No photon emitted.
No photon emitted.
No photon emitted.
Photon emitted!
Photon emitted!
Sent data: 0000000011b02ddc, last: 0
No photon emitted.
No photon emitted.
Sent data: 0000000011c0bc9a, last: 0
No photon emitted.
No photon emitted.
No photon emitted.
No photon emitted.
No photon emitted.
No photon emitted.
No photon emitted.
No photon emitted.
No photon emitted.
No photon emitted.
No photon emitted.
No photon emitted.
No photon emitted.
No photon emitted.
No photon emitted.
No photon emitted.
Photon emitted!
Photon emitted!
Sent data: 0000000012f0f2fd, last: 0
No photon emitted.
No photon emitted.
Sent data: 00000000130082c3, last: 0
No photon emitted.
No photon emitted.
Photon emitted!
No photon emitted.
Sent data: 0000000013506d56, last: 0
No photon emitted.
No photon emitted.
No photon emitted.
No photon emitted.
Photon emitted!
No photon emitted.
Sent data: 0000000013b0694e, last: 0
No photon emitted.
No photon emitted.
No photon emitted.
No photon emitted.
No photon emitted.
No photon emitted.
No photon emitted.
No photon emitted.
No photon emitted.
No photon emitted.
No photon emitted.
No photon emitted.
No photon emitted.
No photon emitted.
No photon emitted.
No photon emitted.
No photon emitted.
No photon emitted.
Photon emitted!
No photon emitted.
Sent data: 0000000014f0f667, last: 0
No photon emitted.
No photon emitted.
No photon emitted.
No photon emitted.
No photon emitted.
No photon emitted.
No photon emitted.
No photon emitted.
No photon emitted.
No photon emitted.
No photon emitted.
No photon emitted.
No photon emitted.
Photon emitted!
No photon emitted.
Sent data: 0000000015e0b40a, last: 0
No photon emitted.
Photon emitted!
No photon emitted.
Sent data: 00000000161039b6, last: 0
No photon emitted.
No photon emitted.
No photon emitted.
No photon emitted.
No photon emitted.
No photon emitted.
No photon emitted.
Photon emitted!
No photon emitted.
Sent data: 0000000016a08a38, last: 0
No photon emitted.
No photon emitted.
No photon emitted.
No photon emitted.
No photon emitted.
No photon emitted.
No photon emitted.
No photon emitted.
No photon emitted.
No photon emitted.
No photon emitted.
No photon emitted.
No photon emitted.
No photon emitted.
No photon emitted.
Photon emitted!
No photon emitted.
Sent data: 0000000017b00779, last: 0
No photon emitted.
No photon emitted.
No photon emitted.
No photon emitted.
No photon emitted.
No photon emitted.
No photon emitted.
No photon emitted.
No photon emitted.
No photon emitted.
No photon emitted.
No photon emitted.
No photon emitted.
Photon emitted!
Photon emitted!
Sent data: 0000000018a0c4b8, last: 0
Photon emitted!
No photon emitted.
Sent data: 0000000018b03f94, last: 0
No photon emitted.
Sent data: 0000000018c05d93, last: 0
No photon emitted.
No photon emitted.
Photon emitted!
No photon emitted.
Sent data: 000000001910ac04, last: 0
No photon emitted.
No photon emitted.
No photon emitted.
No photon emitted.
No photon emitted.
No photon emitted.
No photon emitted.
Photon emitted!
No photon emitted.
Sent data: 0000000019a0ca59, last: 0
No photon emitted.
No photon emitted.
No photon emitted.
No photon emitted.
No photon emitted.
No photon emitted.
No photon emitted.
No photon emitted.
No photon emitted.
No photon emitted.
No photon emitted.
No photon emitted.
No photon emitted.
Photon emitted!
No photon emitted.
Sent data: 000000001a9069db, last: 0
No photon emitted.
Photon emitted!
No photon emitted.
Sent data: 000000001ac0de4d, last: 0
No photon emitted.
Photon emitted!
Photon emitted!
Sent data: 000000001af037d9, last: 0
No photon emitted.
No photon emitted.
Sent data: 000000001b00a66d, last: 0
No photon emitted.
No photon emitted.
No photon emitted.
No photon emitted.
No photon emitted.
No photon emitted.
No photon emitted.
No photon emitted.
No photon emitted.
No photon emitted.
No photon emitted.
No photon emitted.
No photon emitted.
No photon emitted.
No photon emitted.
No photon emitted.
No photon emitted.
Photon emitted!
No photon emitted.
Sent data: 000000001c40e276, last: 0
No photon emitted.
No photon emitted.
No photon emitted.
No photon emitted.
No photon emitted.
No photon emitted.
No photon emitted.
No photon emitted.
No photon emitted.
No photon emitted.
No photon emitted.
No photon emitted.
No photon emitted.
No photon emitted.
No photon emitted.
No photon emitted.
No photon emitted.
No photon emitted.
No photon emitted.
No photon emitted.
Photon emitted!
Photon emitted!
Sent data: 000000001da049ca, last: 0
No photon emitted.
No photon emitted.
Sent data: 000000001db02db6, last: 0
Photon emitted!
No photon emitted.
Sent data: 000000001de07195, last: 0
No photon emitted.
No photon emitted.
No photon emitted.
No photon emitted.
No photon emitted.
No photon emitted.
No photon emitted.
No photon emitted.
No photon emitted.
No photon emitted.
No photon emitted.
Photon emitted!
Photon emitted!
Sent data: 000000001eb09a46, last: 0
Photon emitted!
No photon emitted.
Sent data: 000000001ec01b04, last: 0
No photon emitted.
Sent data: 000000001ed061f7, last: 0
No photon emitted.
No photon emitted.
No photon emitted.
No photon emitted.
No photon emitted.
No photon emitted.
No photon emitted.
No photon emitted.
No photon emitted.
No photon emitted.
Photon emitted!
No photon emitted.
Sent data: 000000001fa00769, last: 0
No photon emitted.
No photon emitted.
No photon emitted.
No photon emitted.
No photon emitted.
Photon emitted!
No photon emitted.
Sent data: 000000002010bab4, last: 0
No photon emitted.
Photon emitted!
No photon emitted.
Sent data: 0000000020400d88, last: 0
No photon emitted.
No photon emitted.
No photon emitted.
No photon emitted.
No photon emitted.
No photon emitted.
No photon emitted.
No photon emitted.
No photon emitted.
No photon emitted.
No photon emitted.
No photon emitted.
No photon emitted.
No photon emitted.
No photon emitted.
No photon emitted.
No photon emitted.
Photon emitted!
Photon emitted!
Sent data: 0000000021705928, last: 0
No photon emitted.
No photon emitted.
Sent data: 000000002180842d, last: 0
No photon emitted.
No photon emitted.
No photon emitted.
No photon emitted.
No photon emitted.
No photon emitted.
No photon emitted.
No photon emitted.
No photon emitted.
Photon emitted!
No photon emitted.
Sent data: 000000002240b0c7, last: 0
No photon emitted.
No photon emitted.
No photon emitted.
No photon emitted.
No photon emitted.
No photon emitted.
No photon emitted.
No photon emitted.
No photon emitted.
No photon emitted.
No photon emitted.
No photon emitted.
No photon emitted.
No photon emitted.
No photon emitted.
No photon emitted.
No photon emitted.
No photon emitted.
No photon emitted.
No photon emitted.
No photon emitted.
No photon emitted.
No photon emitted.
No photon emitted.
No photon emitted.
No photon emitted.
No photon emitted.
No photon emitted.
No photon emitted.
No photon emitted.
No photon emitted.
No photon emitted.
No photon emitted.
No photon emitted.
No photon emitted.
No photon emitted.
No photon emitted.
No photon emitted.
No photon emitted.
No photon emitted.
No photon emitted.
No photon emitted.
No photon emitted.
No photon emitted.
No photon emitted.
Photon emitted!
No photon emitted.
Sent data: 0000000025309c2e, last: 0
No photon emitted.
No photon emitted.
No photon emitted.
No photon emitted.
No photon emitted.
No photon emitted.
No photon emitted.
No photon emitted.
No photon emitted.
No photon emitted.
Photon emitted!
No photon emitted.
Sent data: 0000000025f0e408, last: 0
No photon emitted.
No photon emitted.
No photon emitted.
No photon emitted.
No photon emitted.
No photon emitted.
No photon emitted.
No photon emitted.
No photon emitted.
No photon emitted.
No photon emitted.
No photon emitted.
No photon emitted.
No photon emitted.
No photon emitted.
No photon emitted.
No photon emitted.
No photon emitted.
No photon emitted.
Photon emitted!
No photon emitted.
Sent data: 000000002740451c, last: 0
No photon emitted.
No photon emitted.
No photon emitted.
No photon emitted.
No photon emitted.
No photon emitted.
No photon emitted.
No photon emitted.
No photon emitted.
No photon emitted.
No photon emitted.
No photon emitted.
No photon emitted.
No photon emitted.
No photon emitted.
No photon emitted.
No photon emitted.
No photon emitted.
No photon emitted.
No photon emitted.
No photon emitted.
No photon emitted.
No photon emitted.
No photon emitted.
No photon emitted.
No photon emitted.
No photon emitted.
No photon emitted.
No photon emitted.
No photon emitted.
No photon emitted.
No photon emitted.
No photon emitted.
Photon emitted!
No photon emitted.
Sent data: 000000002970a6fd, last: 0
Photon emitted!
No photon emitted.
Sent data: 0000000029900729, last: 0
No photon emitted.
No photon emitted.
No photon emitted.
No photon emitted.
No photon emitted.
Photon emitted!
No photon emitted.
Sent data: 000000002a00901c, last: 0
No photon emitted.
Photon emitted!
No photon emitted.
Sent data: 000000002a306786, last: 0
No photon emitted.
No photon emitted.
Photon emitted!
No photon emitted.
Sent data: 000000002a7088da, last: 0
No photon emitted.
No photon emitted.
No photon emitted.
No photon emitted.
Photon emitted!
No photon emitted.
Sent data: 000000002ad0c63d, last: 0
No photon emitted.
No photon emitted.
No photon emitted.
No photon emitted.
No photon emitted.
No photon emitted.
No photon emitted.
No photon emitted.
No photon emitted.
No photon emitted.
No photon emitted.
Photon emitted!
No photon emitted.
Sent data: 000000002ba02766, last: 0
No photon emitted.
No photon emitted.
No photon emitted.
No photon emitted.
No photon emitted.
No photon emitted.
No photon emitted.
No photon emitted.
No photon emitted.
No photon emitted.
No photon emitted.
Photon emitted!
No photon emitted.
Sent data: 000000002c70c470, last: 0
No photon emitted.
Photon emitted!
Photon emitted!
Sent data: 000000002ca08473, last: 0
No photon emitted.
Photon emitted!
Sent data: 000000002cb019ba, last: 0
No photon emitted.
Sent data: 000000002cd0335e, last: 0
No photon emitted.
No photon emitted.
No photon emitted.
No photon emitted.
No photon emitted.
No photon emitted.
No photon emitted.
No photon emitted.
No photon emitted.
No photon emitted.
No photon emitted.
Photon emitted!
No photon emitted.
Sent data: 000000002da079fa, last: 0
No photon emitted.
No photon emitted.
No photon emitted.
No photon emitted.
No photon emitted.
No photon emitted.
No photon emitted.
No photon emitted.
No photon emitted.
No photon emitted.
No photon emitted.
No photon emitted.
No photon emitted.
Photon emitted!
No photon emitted.
Sent data: 000000002e9005d5, last: 0
No photon emitted.
No photon emitted.
No photon emitted.
No photon emitted.
No photon emitted.
No photon emitted.
Photon emitted!
No photon emitted.
Sent data: 000000002f10f61a, last: 0
No photon emitted.
No photon emitted.
No photon emitted.
No photon emitted.
No photon emitted.
No photon emitted.
No photon emitted.
Photon emitted!
No photon emitted.
Sent data: 000000002fa080b9, last: 0
Photon emitted!
No photon emitted.
Sent data: 000000002fc06137, last: 0
No photon emitted.
Photon emitted!
No photon emitted.
Sent data: 000000002ff03796, last: 0
No photon emitted.
Photon emitted!
No photon emitted.
Sent data: 00000000302021c0, last: 0
No photon emitted.
No photon emitted.
No photon emitted.
No photon emitted.
No photon emitted.
No photon emitted.
No photon emitted.
No photon emitted.
No photon emitted.
No photon emitted.
No photon emitted.
No photon emitted.
No photon emitted.
Photon emitted!
No photon emitted.
Sent data: 0000000031101f26, last: 0
No photon emitted.
No photon emitted.
No photon emitted.
No photon emitted.
No photon emitted.
No photon emitted.
No photon emitted.
No photon emitted.
No photon emitted.
No photon emitted.
No photon emitted.
No photon emitted.
No photon emitted.
No photon emitted.
No photon emitted.
Photon emitted!
No photon emitted.
Sent data: 0000000032209ab6, last: 0
No photon emitted.
No photon emitted.
No photon emitted.
No photon emitted.
Photon emitted!
No photon emitted.
Sent data: 000000003280037d, last: 0
Photon emitted!
No photon emitted.
Sent data: 0000000032a00fdc, last: 0
No photon emitted.
Photon emitted!
Photon emitted!
Sent data: 0000000032d05786, last: 0
No photon emitted.
Sent data: 0000000032e07f78, last: 0
No photon emitted.
No photon emitted.
No photon emitted.
No photon emitted.
No photon emitted.
No photon emitted.
No photon emitted.
No photon emitted.
No photon emitted.
No photon emitted.
No photon emitted.
No photon emitted.
No photon emitted.
No photon emitted.
No photon emitted.
Photon emitted!
No photon emitted.
Sent data: 0000000033f01b7e, last: 0
No photon emitted.
No photon emitted.
No photon emitted.
No photon emitted.
No photon emitted.
No photon emitted.
No photon emitted.
No photon emitted.
No photon emitted.
No photon emitted.
No photon emitted.
No photon emitted.
No photon emitted.
No photon emitted.
No photon emitted.
No photon emitted.
No photon emitted.
No photon emitted.
No photon emitted.
No photon emitted.
No photon emitted.
No photon emitted.
No photon emitted.
Photon emitted!
No photon emitted.
Sent data: 00000000358080db, last: 0
No photon emitted.
Photon emitted!
No photon emitted.
Sent data: 0000000035b0b6cf, last: 0
No photon emitted.
No photon emitted.
No photon emitted.
No photon emitted.
No photon emitted.
No photon emitted.
No photon emitted.
No photon emitted.
No photon emitted.
No photon emitted.
No photon emitted.
No photon emitted.
No photon emitted.
No photon emitted.
No photon emitted.
Photon emitted!
No photon emitted.
Sent data: 0000000036c02b79, last: 0
No photon emitted.
No photon emitted.
No photon emitted.
No photon emitted.
No photon emitted.
No photon emitted.
No photon emitted.
Photon emitted!
No photon emitted.
Sent data: 000000003750e4fa, last: 0
No photon emitted.
No photon emitted.
No photon emitted.
No photon emitted.
No photon emitted.
No photon emitted.
No photon emitted.
No photon emitted.
No photon emitted.
No photon emitted.
No photon emitted.
No photon emitted.
No photon emitted.
No photon emitted.
No photon emitted.
No photon emitted.
No photon emitted.
Photon emitted!
No photon emitted.
Sent data: 000000003880ee61, last: 0
No photon emitted.
No photon emitted.
No photon emitted.
No photon emitted.
No photon emitted.
No photon emitted.
No photon emitted.
No photon emitted.
No photon emitted.
No photon emitted.
No photon emitted.
No photon emitted.
Photon emitted!
No photon emitted.
Sent data: 0000000039600917, last: 0
No photon emitted.
No photon emitted.
No photon emitted.
No photon emitted.
No photon emitted.
Photon emitted!
No photon emitted.
Sent data: 0000000039d0f8a1, last: 0
No photon emitted.
No photon emitted.
No photon emitted.
No photon emitted.
Photon emitted!
No photon emitted.
Sent data: 000000003a301186, last: 0
No photon emitted.
No photon emitted.
No photon emitted.
No photon emitted.
No photon emitted.
No photon emitted.
No photon emitted.
No photon emitted.
No photon emitted.
No photon emitted.
No photon emitted.
No photon emitted.
No photon emitted.
No photon emitted.
No photon emitted.
No photon emitted.
No photon emitted.
No photon emitted.
No photon emitted.
No photon emitted.
No photon emitted.
No photon emitted.
No photon emitted.
No photon emitted.
No photon emitted.
No photon emitted.
No photon emitted.
No photon emitted.
No photon emitted.
No photon emitted.
No photon emitted.
No photon emitted.
No photon emitted.
No photon emitted.
No photon emitted.
No photon emitted.
No photon emitted.
No photon emitted.
No photon emitted.
No photon emitted.
No photon emitted.
No photon emitted.
No photon emitted.
No photon emitted.
No photon emitted.
No photon emitted.
No photon emitted.
No photon emitted.
No photon emitted.
No photon emitted.
Photon emitted!
No photon emitted.
Sent data: 000000003d709650, last: 0
No photon emitted.
No photon emitted.
No photon emitted.
No photon emitted.
No photon emitted.
No photon emitted.
No photon emitted.
No photon emitted.
No photon emitted.
No photon emitted.
No photon emitted.
No photon emitted.
No photon emitted.
Photon emitted!
No photon emitted.
Sent data: 000000003e6059f5, last: 0
No photon emitted.
No photon emitted.
No photon emitted.
No photon emitted.
No photon emitted.
No photon emitted.
No photon emitted.
No photon emitted.
No photon emitted.
No photon emitted.
No photon emitted.
No photon emitted.
No photon emitted.
No photon emitted.
No photon emitted.
Photon emitted!
No photon emitted.
Sent data: 000000003f708835, last: 0
No photon emitted.
No photon emitted.
Photon emitted!
No photon emitted.
Sent data: 000000003fb08a29, last: 0
No photon emitted.
Photon emitted!
No photon emitted.
Sent data: 000000003fe075c1, last: 0
Photon emitted!
No photon emitted.
Sent data: 000000000000f4c5, last: 0
No photon emitted.
No photon emitted.
Photon emitted!
No photon emitted.
Sent data: 000000000040b498, last: 0
Photon emitted!
No photon emitted.
Sent data: 0000000000607b4b, last: 0
No photon emitted.
No photon emitted.
Photon emitted!
No photon emitted.
Sent data: 0000000000a0c273, last: 0
No photon emitted.
No photon emitted.
No photon emitted.
No photon emitted.
No photon emitted.
No photon emitted.
No photon emitted.
Photon emitted!
No photon emitted.
Sent data: 000000000130e6ec, last: 0
No photon emitted.
Photon emitted!
No photon emitted.
Sent data: 000000000160968a, last: 0
No photon emitted.
No photon emitted.
No photon emitted.
No photon emitted.
No photon emitted.
No photon emitted.
No photon emitted.
No photon emitted.
Photon emitted!
Photon emitted!
Sent data: 000000000200514e, last: 0
No photon emitted.
Sent data: 00000000021080a8, last: 0
No photon emitted.
No photon emitted.
Photon emitted!
No photon emitted.
Sent data: 0000000002507da9, last: 0
No photon emitted.
No photon emitted.
No photon emitted.
No photon emitted.
No photon emitted.
Photon emitted!
No photon emitted.
Sent data: 0000000002c08ca1, last: 0
No photon emitted.
No photon emitted.
Photon emitted!
No photon emitted.
Sent data: 000000000300390e, last: 0
No photon emitted.
No photon emitted.
No photon emitted.
No photon emitted.
No photon emitted.
Photon emitted!
No photon emitted.
Sent data: 000000000370e6e6, last: 0
No photon emitted.
No photon emitted.
No photon emitted.
No photon emitted.
No photon emitted.
No photon emitted.
No photon emitted.
No photon emitted.
No photon emitted.
No photon emitted.
No photon emitted.
No photon emitted.
No photon emitted.
No photon emitted.
No photon emitted.
No photon emitted.
No photon emitted.
No photon emitted.
No photon emitted.
No photon emitted.
No photon emitted.
No photon emitted.
No photon emitted.
No photon emitted.
No photon emitted.
No photon emitted.
No photon emitted.
Photon emitted!
No photon emitted.
Sent data: 000000000540c09f, last: 0
No photon emitted.
No photon emitted.
Photon emitted!
No photon emitted.
Sent data: 000000000580352a, last: 0
No photon emitted.
Photon emitted!
No photon emitted.
Sent data: 0000000005b01d2a, last: 0
No photon emitted.
No photon emitted.
No photon emitted.
No photon emitted.
No photon emitted.
No photon emitted.
No photon emitted.
No photon emitted.
No photon emitted.
No photon emitted.
Photon emitted!
No photon emitted.
Sent data: 000000000670f48d, last: 0
No photon emitted.
Photon emitted!
No photon emitted.
Sent data: 0000000006a07f9e, last: 0
No photon emitted.
No photon emitted.
No photon emitted.
No photon emitted.
No photon emitted.
No photon emitted.
No photon emitted.
No photon emitted.
No photon emitted.
No photon emitted.
No photon emitted.
No photon emitted.
No photon emitted.
Photon emitted!
No photon emitted.
Sent data: 000000000790e638, last: 0
No photon emitted.
Photon emitted!
No photon emitted.
Sent data: 0000000007c0a879, last: 0
No photon emitted.
No photon emitted.
No photon emitted.
No photon emitted.
No photon emitted.
No photon emitted.
No photon emitted.
No photon emitted.
No photon emitted.
No photon emitted.
No photon emitted.
No photon emitted.
No photon emitted.
No photon emitted.
No photon emitted.
No photon emitted.
No photon emitted.
No photon emitted.
No photon emitted.
No photon emitted.
No photon emitted.
No photon emitted.
Photon emitted!
No photon emitted.
Sent data: 00000000094063c8, last: 0
No photon emitted.
No photon emitted.
Photon emitted!
No photon emitted.
Sent data: 00000000098045ca, last: 0
No photon emitted.
No photon emitted.
No photon emitted.
No photon emitted.
No photon emitted.
No photon emitted.
No photon emitted.
No photon emitted.
No photon emitted.
No photon emitted.
No photon emitted.
No photon emitted.
No photon emitted.
No photon emitted.
Photon emitted!
No photon emitted.
Sent data: 000000000a804113, last: 0
No photon emitted.
No photon emitted.
No photon emitted.
No photon emitted.
No photon emitted.
No photon emitted.
No photon emitted.
Photon emitted!
No photon emitted.
Sent data: 000000000b10496b, last: 0
No photon emitted.
No photon emitted.
No photon emitted.
No photon emitted.
No photon emitted.
No photon emitted.
No photon emitted.
No photon emitted.
No photon emitted.
No photon emitted.
No photon emitted.
No photon emitted.
Photon emitted!
No photon emitted.
Sent data: 000000000bf0aec7, last: 0
No photon emitted.
No photon emitted.
No photon emitted.
No photon emitted.
No photon emitted.
No photon emitted.
No photon emitted.
No photon emitted.
No photon emitted.
No photon emitted.
No photon emitted.
No photon emitted.
No photon emitted.
No photon emitted.
No photon emitted.
No photon emitted.
No photon emitted.
No photon emitted.
No photon emitted.
No photon emitted.
No photon emitted.
Photon emitted!
No photon emitted.
Sent data: 000000000d605db6, last: 0
No photon emitted.
No photon emitted.
No photon emitted.
Photon emitted!
No photon emitted.
Sent data: 000000000db01dba, last: 0
Photon emitted!
No photon emitted.
Sent data: 000000000dd02bc4, last: 0
No photon emitted.
No photon emitted.
No photon emitted.
No photon emitted.
No photon emitted.
No photon emitted.
No photon emitted.
No photon emitted.
No photon emitted.
No photon emitted.
No photon emitted.
No photon emitted.
No photon emitted.
Photon emitted!
No photon emitted.
Sent data: 000000000ec015b9, last: 0
No photon emitted.
No photon emitted.
Photon emitted!
No photon emitted.
Sent data: 000000000f005392, last: 0
No photon emitted.
Photon emitted!
No photon emitted.
Sent data: 000000000f309ab4, last: 0
Photon emitted!
No photon emitted.
Sent data: 000000000f503b7f, last: 0
No photon emitted.
No photon emitted.
No photon emitted.
No photon emitted.
No photon emitted.
Photon emitted!
No photon emitted.
Sent data: 000000000fc09086, last: 0
No photon emitted.
No photon emitted.
No photon emitted.
No photon emitted.
No photon emitted.
No photon emitted.
No photon emitted.
No photon emitted.
No photon emitted.
No photon emitted.
No photon emitted.
Photon emitted!
No photon emitted.
Sent data: 00000000109075fa, last: 0
No photon emitted.
Photon emitted!
No photon emitted.
Sent data: 0000000010c094f2, last: 0
Photon emitted!
No photon emitted.
Sent data: 0000000010e02132, last: 0
No photon emitted.
No photon emitted.
No photon emitted.
No photon emitted.
No photon emitted.
No photon emitted.
No photon emitted.
No photon emitted.
No photon emitted.
No photon emitted.
No photon emitted.
No photon emitted.
No photon emitted.
Photon emitted!
No photon emitted.
Sent data: 0000000011d0debd, last: 0
No photon emitted.
No photon emitted.
No photon emitted.
No photon emitted.
No photon emitted.
No photon emitted.
No photon emitted.
No photon emitted.
No photon emitted.
No photon emitted.
No photon emitted.
No photon emitted.
No photon emitted.
No photon emitted.
No photon emitted.
No photon emitted.
No photon emitted.
No photon emitted.
No photon emitted.
Photon emitted!
No photon emitted.
Sent data: 0000000013204d84, last: 0
No photon emitted.
No photon emitted.
No photon emitted.
No photon emitted.
No photon emitted.
No photon emitted.
No photon emitted.
No photon emitted.
No photon emitted.
No photon emitted.
Photon emitted!
No photon emitted.
Sent data: 0000000013e0a4e4, last: 0
No photon emitted.
Photon emitted!
No photon emitted.
Sent data: 0000000014104fca, last: 0
Photon emitted!
No photon emitted.
Sent data: 00000000143079a9, last: 0
Photon emitted!
No photon emitted.
Sent data: 000000001450a8a1, last: 0
No photon emitted.
No photon emitted.
No photon emitted.
No photon emitted.
No photon emitted.
No photon emitted.
No photon emitted.
No photon emitted.
No photon emitted.
No photon emitted.
Photon emitted!
No photon emitted.
Sent data: 000000001510298e, last: 0
No photon emitted.
No photon emitted.
No photon emitted.
Photon emitted!
No photon emitted.
Sent data: 000000001560eafb, last: 0
No photon emitted.
No photon emitted.
Photon emitted!
No photon emitted.
Sent data: 0000000015a09e0b, last: 0
No photon emitted.
No photon emitted.
No photon emitted.
No photon emitted.
No photon emitted.
No photon emitted.
Photon emitted!
No photon emitted.
Sent data: 00000000162090ef, last: 0
No photon emitted.
No photon emitted.
No photon emitted.
Photon emitted!
No photon emitted.
Sent data: 0000000016703dc9, last: 0
No photon emitted.
No photon emitted.
No photon emitted.
No photon emitted.
No photon emitted.
No photon emitted.
No photon emitted.
No photon emitted.
No photon emitted.
No photon emitted.
No photon emitted.
No photon emitted.
No photon emitted.
No photon emitted.
No photon emitted.
No photon emitted.
No photon emitted.
No photon emitted.
No photon emitted.
No photon emitted.
No photon emitted.
No photon emitted.
Photon emitted!
No photon emitted.
Sent data: 0000000017f06536, last: 0
No photon emitted.
No photon emitted.
No photon emitted.
No photon emitted.
No photon emitted.
No photon emitted.
No photon emitted.
No photon emitted.
No photon emitted.
No photon emitted.
No photon emitted.
No photon emitted.
No photon emitted.
No photon emitted.
No photon emitted.
No photon emitted.
No photon emitted.
No photon emitted.
No photon emitted.
No photon emitted.
No photon emitted.
Photon emitted!
No photon emitted.
Sent data: 000000001960c875, last: 0
No photon emitted.
No photon emitted.
No photon emitted.
No photon emitted.
No photon emitted.
Photon emitted!
No photon emitted.
Sent data: 0000000019d0d68f, last: 0
No photon emitted.
No photon emitted.
No photon emitted.
No photon emitted.
No photon emitted.
No photon emitted.
No photon emitted.
No photon emitted.
No photon emitted.
No photon emitted.
No photon emitted.
No photon emitted.
No photon emitted.
No photon emitted.
No photon emitted.
No photon emitted.
No photon emitted.
No photon emitted.
No photon emitted.
No photon emitted.
No photon emitted.
No photon emitted.
No photon emitted.
No photon emitted.
No photon emitted.
No photon emitted.
No photon emitted.
No photon emitted.
No photon emitted.
No photon emitted.
Photon emitted!
No photon emitted.
Sent data: 000000001bd03f6b, last: 1
Photon emitted!
No photon emitted.
Sent data: 000000001bf06788, last: 0
No photon emitted.
No photon emitted.
No photon emitted.
No photon emitted.
No photon emitted.
No photon emitted.
No photon emitted.
No photon emitted.
No photon emitted.
No photon emitted.
No photon emitted.
Photon emitted!
Photon emitted!
Sent data: 000000001cc0b4ae, last: 0
No photon emitted.
Sent data: 000000001cd0019b, last: 0
No photon emitted.
No photon emitted.
Photon emitted!
No photon emitted.
Sent data: 000000001d104592, last: 0
No photon emitted.
No photon emitted.
No photon emitted.
No photon emitted.
No photon emitted.
No photon emitted.
No photon emitted.
No photon emitted.
No photon emitted.
No photon emitted.
No photon emitted.
Photon emitted!
Photon emitted!
Sent data: 000000001de05f28, last: 0
No photon emitted.
No photon emitted.
Sent data: 000000001df0e02d, last: 0
No photon emitted.
No photon emitted.
No photon emitted.
No photon emitted.
No photon emitted.
No photon emitted.
No photon emitted.
No photon emitted.
No photon emitted.
No photon emitted.
No photon emitted.
No photon emitted.
No photon emitted.
No photon emitted.
No photon emitted.
No photon emitted.
No photon emitted.
No photon emitted.
No photon emitted.
No photon emitted.
No photon emitted.
No photon emitted.
No photon emitted.
No photon emitted.
No photon emitted.
No photon emitted.
No photon emitted.
No photon emitted.
No photon emitted.
No photon emitted.
No photon emitted.
No photon emitted.
No photon emitted.
No photon emitted.
No photon emitted.
No photon emitted.
No photon emitted.
Photon emitted!
No photon emitted.
Sent data: 0000000020705f4b, last: 0
No photon emitted.
No photon emitted.
Photon emitted!
No photon emitted.
Sent data: 0000000020b0b0c2, last: 0
No photon emitted.
No photon emitted.
No photon emitted.
No photon emitted.
No photon emitted.
No photon emitted.
Photon emitted!
No photon emitted.
Sent data: 000000002130f61e, last: 0
No photon emitted.
Photon emitted!
No photon emitted.
Sent data: 000000002160050d, last: 0
No photon emitted.
No photon emitted.
No photon emitted.
No photon emitted.
No photon emitted.
No photon emitted.
No photon emitted.
No photon emitted.
No photon emitted.
No photon emitted.
No photon emitted.
Photon emitted!
No photon emitted.
Sent data: 0000000022307dec, last: 0
No photon emitted.
No photon emitted.
No photon emitted.
Photon emitted!
No photon emitted.
Sent data: 0000000022801d18, last: 0
No photon emitted.
No photon emitted.
No photon emitted.
No photon emitted.
No photon emitted.
No photon emitted.
Photon emitted!
No photon emitted.
Sent data: 0000000023001bd1, last: 0
No photon emitted.
No photon emitted.
No photon emitted.
No photon emitted.
No photon emitted.
No photon emitted.
Photon emitted!
No photon emitted.
Sent data: 0000000023809c86, last: 0
No photon emitted.
No photon emitted.
No photon emitted.
Photon emitted!
No photon emitted.
Sent data: 0000000023d0a441, last: 0
No photon emitted.
No photon emitted.
No photon emitted.
No photon emitted.
No photon emitted.
No photon emitted.
No photon emitted.
No photon emitted.
No photon emitted.
No photon emitted.
No photon emitted.
Photon emitted!
No photon emitted.
Sent data: 0000000024a0e43b, last: 0
Photon emitted!
Photon emitted!
Sent data: 0000000024c079d8, last: 0
Photon emitted!
Sent data: 0000000024d06953, last: 0
Photon emitted!
Photon emitted!
Sent data: 0000000024e0e256, last: 0
No photon emitted.
No photon emitted.
Sent data: 0000000024f0a25b, last: 0
No photon emitted.
Sent data: 000000002500fae2, last: 0
No photon emitted.
No photon emitted.
No photon emitted.
No photon emitted.
No photon emitted.
No photon emitted.
No photon emitted.
No photon emitted.
No photon emitted.
No photon emitted.
No photon emitted.
No photon emitted.
No photon emitted.
No photon emitted.
No photon emitted.
Photon emitted!
No photon emitted.
Sent data: 000000002630e204, last: 0
No photon emitted.
No photon emitted.
No photon emitted.
No photon emitted.
No photon emitted.
No photon emitted.
No photon emitted.
No photon emitted.
No photon emitted.
No photon emitted.
No photon emitted.
Photon emitted!
No photon emitted.
Sent data: 0000000027000373, last: 0
No photon emitted.
No photon emitted.
No photon emitted.
No photon emitted.
No photon emitted.
No photon emitted.
Photon emitted!
No photon emitted.
Sent data: 000000002780b4d8, last: 0
No photon emitted.
No photon emitted.
No photon emitted.
No photon emitted.
No photon emitted.
No photon emitted.
No photon emitted.
No photon emitted.
No photon emitted.
No photon emitted.
Photon emitted!
No photon emitted.
Sent data: 0000000028404d12, last: 0
No photon emitted.
No photon emitted.
No photon emitted.
No photon emitted.
No photon emitted.
No photon emitted.
No photon emitted.
No photon emitted.
No photon emitted.
No photon emitted.
No photon emitted.
Photon emitted!
No photon emitted.
Sent data: 000000002910c4b8, last: 0
No photon emitted.
No photon emitted.
No photon emitted.
No photon emitted.
No photon emitted.
No photon emitted.
No photon emitted.
No photon emitted.
No photon emitted.
No photon emitted.
No photon emitted.
No photon emitted.
No photon emitted.
No photon emitted.
No photon emitted.
No photon emitted.
No photon emitted.
No photon emitted.
Photon emitted!
No photon emitted.
Sent data: 000000002a509239, last: 0
No photon emitted.
No photon emitted.
No photon emitted.
Photon emitted!
No photon emitted.
Sent data: 000000002aa0b6e5, last: 0
No photon emitted.
No photon emitted.
No photon emitted.
No photon emitted.
No photon emitted.
No photon emitted.
No photon emitted.
No photon emitted.
No photon emitted.
No photon emitted.
No photon emitted.
No photon emitted.
No photon emitted.
Photon emitted!
No photon emitted.
Sent data: 000000002b90dca1, last: 0
No photon emitted.
No photon emitted.
No photon emitted.
No photon emitted.
No photon emitted.
No photon emitted.
No photon emitted.
No photon emitted.
Photon emitted!
No photon emitted.
Sent data: 000000002c300f2b, last: 0
No photon emitted.
No photon emitted.
No photon emitted.
No photon emitted.
No photon emitted.
No photon emitted.
No photon emitted.
No photon emitted.
No photon emitted.
No photon emitted.
No photon emitted.
No photon emitted.
No photon emitted.
No photon emitted.
No photon emitted.
No photon emitted.
No photon emitted.
No photon emitted.
No photon emitted.
No photon emitted.
No photon emitted.
No photon emitted.
No photon emitted.
No photon emitted.
No photon emitted.
No photon emitted.
No photon emitted.
No photon emitted.
No photon emitted.
No photon emitted.
No photon emitted.
No photon emitted.
No photon emitted.
No photon emitted.
No photon emitted.
No photon emitted.
No photon emitted.
No photon emitted.
No photon emitted.
No photon emitted.
Photon emitted!
No photon emitted.
Sent data: 000000002ed05d81, last: 0
No photon emitted.
No photon emitted.
No photon emitted.
No photon emitted.
No photon emitted.
Photon emitted!
No photon emitted.
Sent data: 000000002f4005c8, last: 0
No photon emitted.
Photon emitted!
No photon emitted.
Sent data: 000000002f705527, last: 0
No photon emitted.
No photon emitted.
No photon emitted.
No photon emitted.
No photon emitted.
No photon emitted.
No photon emitted.
No photon emitted.
No photon emitted.
No photon emitted.
No photon emitted.
No photon emitted.
No photon emitted.
No photon emitted.
No photon emitted.
No photon emitted.
Photon emitted!
No photon emitted.
Sent data: 00000000309079a1, last: 0
No photon emitted.
Photon emitted!
No photon emitted.
Sent data: 0000000030c0ee1f, last: 0
No photon emitted.
No photon emitted.
No photon emitted.
No photon emitted.
No photon emitted.
Photon emitted!
No photon emitted.
Sent data: 000000003130ba04, last: 0
No photon emitted.
No photon emitted.
No photon emitted.
No photon emitted.
No photon emitted.
No photon emitted.
Photon emitted!
No photon emitted.
Sent data: 0000000031b02358, last: 0
Photon emitted!
No photon emitted.
Sent data: 0000000031d08096, last: 0
No photon emitted.
No photon emitted.
No photon emitted.
No photon emitted.
No photon emitted.
No photon emitted.
No photon emitted.
No photon emitted.
No photon emitted.
No photon emitted.
Photon emitted!
No photon emitted.
Sent data: 0000000032901314, last: 0
No photon emitted.
No photon emitted.
No photon emitted.
No photon emitted.
No photon emitted.
No photon emitted.
No photon emitted.
No photon emitted.
No photon emitted.
No photon emitted.
No photon emitted.
No photon emitted.
No photon emitted.
No photon emitted.
No photon emitted.
Photon emitted!
Photon emitted!
Sent data: 0000000033a0b412, last: 0
No photon emitted.
No photon emitted.
Sent data: 0000000033b0f096, last: 0
No photon emitted.
No photon emitted.
No photon emitted.
No photon emitted.
No photon emitted.
No photon emitted.
No photon emitted.
No photon emitted.
No photon emitted.
No photon emitted.
Photon emitted!
No photon emitted.
Sent data: 000000003480e2b1, last: 0
Photon emitted!
No photon emitted.
Sent data: 0000000034a05555, last: 0
No photon emitted.
No photon emitted.
No photon emitted.
No photon emitted.
No photon emitted.
No photon emitted.
No photon emitted.
No photon emitted.
No photon emitted.
No photon emitted.
Photon emitted!
No photon emitted.
Sent data: 0000000035608eed, last: 0
No photon emitted.
No photon emitted.
No photon emitted.
No photon emitted.
No photon emitted.
Photon emitted!
No photon emitted.
Sent data: 0000000035d02b2b, last: 0
No photon emitted.
No photon emitted.
No photon emitted.
No photon emitted.
No photon emitted.
No photon emitted.
No photon emitted.
No photon emitted.
No photon emitted.
No photon emitted.
No photon emitted.
No photon emitted.
No photon emitted.
No photon emitted.
No photon emitted.
No photon emitted.
No photon emitted.
Photon emitted!
No photon emitted.
Sent data: 0000000037001bf5, last: 0
No photon emitted.
No photon emitted.
No photon emitted.
No photon emitted.
No photon emitted.
Photon emitted!
No photon emitted.
Sent data: 00000000377003ad, last: 0
No photon emitted.
Photon emitted!
No photon emitted.
Sent data: 0000000037a0a227, last: 0
No photon emitted.
Photon emitted!
No photon emitted.
Sent data: 0000000037d07f84, last: 0
No photon emitted.
No photon emitted.
No photon emitted.
No photon emitted.
No photon emitted.
No photon emitted.
No photon emitted.
No photon emitted.
No photon emitted.
No photon emitted.
No photon emitted.
No photon emitted.
No photon emitted.
No photon emitted.
No photon emitted.
No photon emitted.
No photon emitted.
No photon emitted.
No photon emitted.
No photon emitted.
No photon emitted.
No photon emitted.
Photon emitted!
No photon emitted.
Sent data: 000000003950e4a7, last: 0
No photon emitted.
No photon emitted.
No photon emitted.
No photon emitted.
No photon emitted.
No photon emitted.
No photon emitted.
No photon emitted.
No photon emitted.
No photon emitted.
No photon emitted.
No photon emitted.
No photon emitted.
No photon emitted.
No photon emitted.
No photon emitted.
Photon emitted!
No photon emitted.
Sent data: 000000003a70a6e7, last: 0
No photon emitted.
No photon emitted.
Photon emitted!
No photon emitted.
Sent data: 000000003ab090b9, last: 0
No photon emitted.
No photon emitted.
Photon emitted!
No photon emitted.
Sent data: 000000003af0d649, last: 0
No photon emitted.
No photon emitted.
No photon emitted.
No photon emitted.
Photon emitted!
No photon emitted.
Sent data: 000000003b503bdb, last: 0
No photon emitted.
No photon emitted.
No photon emitted.
No photon emitted.
No photon emitted.
No photon emitted.
No photon emitted.
No photon emitted.
No photon emitted.
No photon emitted.
No photon emitted.
No photon emitted.
No photon emitted.
No photon emitted.
No photon emitted.
No photon emitted.
No photon emitted.
No photon emitted.
No photon emitted.
No photon emitted.
No photon emitted.
No photon emitted.
No photon emitted.
No photon emitted.
No photon emitted.
No photon emitted.
No photon emitted.
No photon emitted.
No photon emitted.
No photon emitted.
No photon emitted.
No photon emitted.
No photon emitted.
No photon emitted.
No photon emitted.
No photon emitted.
No photon emitted.
No photon emitted.
No photon emitted.
No photon emitted.
No photon emitted.
No photon emitted.
No photon emitted.
No photon emitted.
No photon emitted.
Photon emitted!
Photon emitted!
Sent data: 000000003e400fc9, last: 0
No photon emitted.
Sent data: 000000003e503151, last: 0
No photon emitted.
No photon emitted.
No photon emitted.
No photon emitted.
No photon emitted.
No photon emitted.
No photon emitted.
No photon emitted.
No photon emitted.
No photon emitted.
No photon emitted.
No photon emitted.
No photon emitted.
No photon emitted.
Photon emitted!
No photon emitted.
Sent data: 000000003f50dea1, last: 0
No photon emitted.
No photon emitted.
No photon emitted.
No photon emitted.
No photon emitted.
Photon emitted!
No photon emitted.
Sent data: 000000003fc05d2a, last: 0
Photon emitted!
No photon emitted.
Sent data: 000000003fe045fa, last: 0
Photon emitted!
No photon emitted.
Sent data: 000000000000a045, last: 0
No photon emitted.
No photon emitted.
No photon emitted.
Photon emitted!
No photon emitted.
Sent data: 0000000000500583, last: 0
No photon emitted.
No photon emitted.
Photon emitted!
No photon emitted.
Sent data: 000000000090c27c, last: 0
No photon emitted.
No photon emitted.
No photon emitted.
No photon emitted.
No photon emitted.
No photon emitted.
No photon emitted.
No photon emitted.
No photon emitted.
No photon emitted.
No photon emitted.
No photon emitted.
No photon emitted.
No photon emitted.
No photon emitted.
No photon emitted.
No photon emitted.
No photon emitted.
Photon emitted!
No photon emitted.
Sent data: 0000000001d09472, last: 0
No photon emitted.
No photon emitted.
No photon emitted.
No photon emitted.
No photon emitted.
No photon emitted.
No photon emitted.
No photon emitted.
No photon emitted.
Photon emitted!
No photon emitted.
Sent data: 000000000280bcfe, last: 0
No photon emitted.
No photon emitted.
No photon emitted.
No photon emitted.
No photon emitted.
No photon emitted.
No photon emitted.
No photon emitted.
No photon emitted.
No photon emitted.
No photon emitted.
No photon emitted.
No photon emitted.
No photon emitted.
No photon emitted.
No photon emitted.
No photon emitted.
No photon emitted.
No photon emitted.
No photon emitted.
No photon emitted.
No photon emitted.
No photon emitted.
Photon emitted!
Photon emitted!
Sent data: 000000000410f268, last: 0
No photon emitted.
Sent data: 000000000420aa6f, last: 0
No photon emitted.
No photon emitted.
No photon emitted.
No photon emitted.
No photon emitted.
No photon emitted.
No photon emitted.
No photon emitted.
No photon emitted.
No photon emitted.
No photon emitted.
No photon emitted.
No photon emitted.
Photon emitted!
No photon emitted.
Sent data: 0000000005100d86, last: 0
No photon emitted.
No photon emitted.
No photon emitted.
No photon emitted.
No photon emitted.
No photon emitted.
No photon emitted.
No photon emitted.
Photon emitted!
No photon emitted.
Sent data: 0000000005b021f0, last: 0
No photon emitted.
No photon emitted.
No photon emitted.
No photon emitted.
No photon emitted.
No photon emitted.
No photon emitted.
No photon emitted.
No photon emitted.
No photon emitted.
No photon emitted.
No photon emitted.
No photon emitted.
No photon emitted.
Photon emitted!
No photon emitted.
Sent data: 0000000006b01738, last: 0
No photon emitted.
No photon emitted.
No photon emitted.
Photon emitted!
No photon emitted.
Sent data: 0000000007001140, last: 0
Photon emitted!
No photon emitted.
Sent data: 000000000720f628, last: 0
No photon emitted.
No photon emitted.
No photon emitted.
No photon emitted.
No photon emitted.
No photon emitted.
No photon emitted.
No photon emitted.
No photon emitted.
No photon emitted.
No photon emitted.
No photon emitted.
No photon emitted.
No photon emitted.
No photon emitted.
No photon emitted.
Photon emitted!
No photon emitted.
Sent data: 00000000084029f6, last: 0
No photon emitted.
No photon emitted.
No photon emitted.
No photon emitted.
No photon emitted.
No photon emitted.
No photon emitted.
No photon emitted.
No photon emitted.
No photon emitted.
No photon emitted.
No photon emitted.
No photon emitted.
No photon emitted.
No photon emitted.
No photon emitted.
No photon emitted.
No photon emitted.
No photon emitted.
No photon emitted.
No photon emitted.
No photon emitted.
Photon emitted!
Photon emitted!
Sent data: 0000000009c09ac5, last: 0
No photon emitted.
Sent data: 0000000009d031c0, last: 0
No photon emitted.
Photon emitted!
No photon emitted.
Sent data: 000000000a005f74, last: 0
No photon emitted.
No photon emitted.
No photon emitted.
No photon emitted.
No photon emitted.
No photon emitted.
No photon emitted.
Photon emitted!
No photon emitted.
Sent data: 000000000a907139, last: 0
No photon emitted.
No photon emitted.
Photon emitted!
No photon emitted.
Sent data: 000000000ad0eab0, last: 0
No photon emitted.
No photon emitted.
No photon emitted.
No photon emitted.
No photon emitted.
No photon emitted.
No photon emitted.
No photon emitted.
No photon emitted.
No photon emitted.
No photon emitted.
No photon emitted.
No photon emitted.
No photon emitted.
No photon emitted.
No photon emitted.
No photon emitted.
No photon emitted.
No photon emitted.
Photon emitted!
Photon emitted!
Sent data: 000000000c20073c, last: 0
Photon emitted!
No photon emitted.
Sent data: 000000000c30132a, last: 0
No photon emitted.
Sent data: 000000000c405362, last: 0
No photon emitted.
No photon emitted.
No photon emitted.
No photon emitted.
No photon emitted.
No photon emitted.
No photon emitted.
No photon emitted.
No photon emitted.
Photon emitted!
No photon emitted.
Sent data: 000000000d003515, last: 0
No photon emitted.
No photon emitted.
No photon emitted.
No photon emitted.
No photon emitted.
No photon emitted.
No photon emitted.
No photon emitted.
No photon emitted.
No photon emitted.
No photon emitted.
No photon emitted.
Photon emitted!
No photon emitted.
Sent data: 000000000de0cee1, last: 0
No photon emitted.
Photon emitted!
No photon emitted.
Sent data: 000000000e101d17, last: 0
No photon emitted.
No photon emitted.
No photon emitted.
No photon emitted.
No photon emitted.
No photon emitted.
No photon emitted.
No photon emitted.
No photon emitted.
No photon emitted.
Photon emitted!
No photon emitted.
Sent data: 000000000ed0ee43, last: 0
Photon emitted!
No photon emitted.
Sent data: 000000000ef063c9, last: 0
Photon emitted!
No photon emitted.
Sent data: 000000000f108486, last: 0
No photon emitted.
No photon emitted.
No photon emitted.
No photon emitted.
No photon emitted.
No photon emitted.
No photon emitted.
No photon emitted.
No photon emitted.
No photon emitted.
No photon emitted.
No photon emitted.
No photon emitted.
No photon emitted.
No photon emitted.
No photon emitted.
No photon emitted.
No photon emitted.
No photon emitted.
Photon emitted!
No photon emitted.
Sent data: 0000000010604b25, last: 0
No photon emitted.
Photon emitted!
No photon emitted.
Sent data: 0000000010901dc1, last: 0
No photon emitted.
No photon emitted.
No photon emitted.
No photon emitted.
No photon emitted.
No photon emitted.
No photon emitted.
No photon emitted.
No photon emitted.
Photon emitted!
No photon emitted.
Sent data: 000000001140a28d, last: 0
No photon emitted.
No photon emitted.
No photon emitted.
No photon emitted.
No photon emitted.
No photon emitted.
No photon emitted.
No photon emitted.
No photon emitted.
No photon emitted.
No photon emitted.
No photon emitted.
No photon emitted.
No photon emitted.
No photon emitted.
No photon emitted.
No photon emitted.
No photon emitted.
No photon emitted.
No photon emitted.
No photon emitted.
No photon emitted.
No photon emitted.
No photon emitted.
No photon emitted.
Photon emitted!
No photon emitted.
Sent data: 0000000012f0e25a, last: 0
Photon emitted!
No photon emitted.
Sent data: 0000000013102707, last: 0
Photon emitted!
No photon emitted.
Sent data: 0000000013307b2c, last: 0
No photon emitted.
No photon emitted.
No photon emitted.
Photon emitted!
No photon emitted.
Sent data: 0000000013805d0c, last: 0
No photon emitted.
No photon emitted.
No photon emitted.
No photon emitted.
No photon emitted.
No photon emitted.
No photon emitted.
Photon emitted!
No photon emitted.
Sent data: 000000001410e671, last: 0
No photon emitted.
No photon emitted.
No photon emitted.
Photon emitted!
No photon emitted.
Sent data: 000000001460fc3b, last: 0
No photon emitted.
No photon emitted.
No photon emitted.
No photon emitted.
No photon emitted.
No photon emitted.
No photon emitted.
No photon emitted.
Photon emitted!
No photon emitted.
Sent data: 00000000150065b6, last: 0
Photon emitted!
No photon emitted.
Sent data: 000000001520c2f7, last: 0
No photon emitted.
No photon emitted.
No photon emitted.
No photon emitted.
No photon emitted.
Photon emitted!
No photon emitted.
Sent data: 000000001590ce9e, last: 0
No photon emitted.
No photon emitted.
No photon emitted.
No photon emitted.
No photon emitted.
No photon emitted.
No photon emitted.
No photon emitted.
No photon emitted.
No photon emitted.
No photon emitted.
No photon emitted.
Photon emitted!
No photon emitted.
Sent data: 000000001670d85c, last: 0
No photon emitted.
No photon emitted.
No photon emitted.
No photon emitted.
No photon emitted.
No photon emitted.
No photon emitted.
No photon emitted.
No photon emitted.
No photon emitted.
No photon emitted.
No photon emitted.
No photon emitted.
No photon emitted.
No photon emitted.
Photon emitted!
No photon emitted.
Sent data: 0000000017807755, last: 0
No photon emitted.
No photon emitted.
No photon emitted.
Photon emitted!
No photon emitted.
Sent data: 0000000017d0ba20, last: 0
No photon emitted.
No photon emitted.
No photon emitted.
No photon emitted.
No photon emitted.
No photon emitted.
No photon emitted.
No photon emitted.
No photon emitted.
No photon emitted.
No photon emitted.
No photon emitted.
No photon emitted.
No photon emitted.
No photon emitted.
No photon emitted.
No photon emitted.
No photon emitted.
Photon emitted!
No photon emitted.
Sent data: 00000000191092a0, last: 0
No photon emitted.
No photon emitted.
No photon emitted.
No photon emitted.
No photon emitted.
No photon emitted.
No photon emitted.
No photon emitted.
No photon emitted.
No photon emitted.
No photon emitted.
Photon emitted!
Photon emitted!
Sent data: 0000000019e00972, last: 0
No photon emitted.
No photon emitted.
Sent data: 0000000019f08cb4, last: 0
No photon emitted.
No photon emitted.
Photon emitted!
No photon emitted.
Sent data: 000000001a4075dd, last: 0
No photon emitted.
No photon emitted.
No photon emitted.
No photon emitted.
No photon emitted.
Photon emitted!
No photon emitted.
Sent data: 000000001ab0f00d, last: 0
No photon emitted.
No photon emitted.
No photon emitted.
No photon emitted.
No photon emitted.
Photon emitted!
No photon emitted.
Sent data: 000000001b20194b, last: 0
No photon emitted.
No photon emitted.
No photon emitted.
No photon emitted.
No photon emitted.
No photon emitted.
No photon emitted.
No photon emitted.
No photon emitted.
No photon emitted.
No photon emitted.
No photon emitted.
Photon emitted!
No photon emitted.
Sent data: 000000001c00c279, last: 0
No photon emitted.
No photon emitted.
No photon emitted.
Photon emitted!
No photon emitted.
Sent data: 000000001c50da9e, last: 0
No photon emitted.
No photon emitted.
No photon emitted.
No photon emitted.
No photon emitted.
Photon emitted!
No photon emitted.
Sent data: 000000001cc0e4fd, last: 0
No photon emitted.
No photon emitted.
No photon emitted.
No photon emitted.
No photon emitted.
No photon emitted.
No photon emitted.
No photon emitted.
Photon emitted!
No photon emitted.
Sent data: 000000001d60d27b, last: 0
No photon emitted.
No photon emitted.
No photon emitted.
No photon emitted.
Photon emitted!
No photon emitted.
Sent data: 000000001dc0738f, last: 0
No photon emitted.
No photon emitted.
No photon emitted.
No photon emitted.
No photon emitted.
No photon emitted.
No photon emitted.
No photon emitted.
No photon emitted.
No photon emitted.
No photon emitted.
No photon emitted.
No photon emitted.
No photon emitted.
No photon emitted.
No photon emitted.
No photon emitted.
No photon emitted.
Photon emitted!
No photon emitted.
Sent data: 000000001f009a03, last: 0
No photon emitted.
No photon emitted.
Photon emitted!
Photon emitted!
Sent data: 000000001f4029e3, last: 0
No photon emitted.
Sent data: 000000001f50431d, last: 0
No photon emitted.
No photon emitted.
No photon emitted.
No photon emitted.
No photon emitted.
No photon emitted.
No photon emitted.
No photon emitted.
No photon emitted.
Photon emitted!
No photon emitted.
Sent data: 0000000020003db1, last: 0
No photon emitted.
Photon emitted!
No photon emitted.
Sent data: 0000000020301f44, last: 0
No photon emitted.
No photon emitted.
No photon emitted.
No photon emitted.
No photon emitted.
No photon emitted.
No photon emitted.
No photon emitted.
No photon emitted.
No photon emitted.
No photon emitted.
No photon emitted.
No photon emitted.
No photon emitted.
No photon emitted.
No photon emitted.
No photon emitted.
No photon emitted.
No photon emitted.
No photon emitted.
Photon emitted!
No photon emitted.
Sent data: 000000002190bc95, last: 0
No photon emitted.
No photon emitted.
No photon emitted.
No photon emitted.
Photon emitted!
Photon emitted!
Sent data: 0000000021f0b4e0, last: 0
No photon emitted.
No photon emitted.
Sent data: 000000002200f8ed, last: 0
No photon emitted.
No photon emitted.
No photon emitted.
No photon emitted.
No photon emitted.
No photon emitted.
No photon emitted.
No photon emitted.
No photon emitted.
No photon emitted.
No photon emitted.
No photon emitted.
No photon emitted.
No photon emitted.
No photon emitted.
No photon emitted.
No photon emitted.
No photon emitted.
No photon emitted.
No photon emitted.
No photon emitted.
No photon emitted.
No photon emitted.
No photon emitted.
No photon emitted.
No photon emitted.
Photon emitted!
No photon emitted.
Sent data: 0000000023d01552, last: 0
No photon emitted.
Photon emitted!
Photon emitted!
Sent data: 0000000024005bf8, last: 0
No photon emitted.
Sent data: 000000002410378d, last: 0
No photon emitted.
No photon emitted.
No photon emitted.
No photon emitted.
No photon emitted.
No photon emitted.
No photon emitted.
No photon emitted.
No photon emitted.
No photon emitted.
No photon emitted.
No photon emitted.
No photon emitted.
No photon emitted.
No photon emitted.
No photon emitted.
No photon emitted.
No photon emitted.
No photon emitted.
No photon emitted.
No photon emitted.
No photon emitted.
No photon emitted.
No photon emitted.
No photon emitted.
No photon emitted.
No photon emitted.
No photon emitted.
Photon emitted!
No photon emitted.
Sent data: 0000000025f0c452, last: 0
No photon emitted.
No photon emitted.
No photon emitted.
No photon emitted.
Photon emitted!
No photon emitted.
Sent data: 0000000026506784, last: 0
No photon emitted.
No photon emitted.
No photon emitted.
Photon emitted!
No photon emitted.
Sent data: 0000000026a07d46, last: 0
No photon emitted.
No photon emitted.
No photon emitted.
No photon emitted.
No photon emitted.
No photon emitted.
No photon emitted.
No photon emitted.
No photon emitted.
No photon emitted.
No photon emitted.
No photon emitted.
No photon emitted.
No photon emitted.
No photon emitted.
No photon emitted.
No photon emitted.
No photon emitted.
No photon emitted.
No photon emitted.
No photon emitted.
No photon emitted.
No photon emitted.
Photon emitted!
No photon emitted.
Sent data: 000000002830928c, last: 0
No photon emitted.
No photon emitted.
No photon emitted.
No photon emitted.
No photon emitted.
No photon emitted.
No photon emitted.
No photon emitted.
No photon emitted.
No photon emitted.
No photon emitted.
No photon emitted.
No photon emitted.
No photon emitted.
No photon emitted.
No photon emitted.
No photon emitted.
No photon emitted.
No photon emitted.
No photon emitted.
No photon emitted.
No photon emitted.
No photon emitted.
No photon emitted.
No photon emitted.
No photon emitted.
No photon emitted.
No photon emitted.
No photon emitted.
No photon emitted.
No photon emitted.
No photon emitted.
No photon emitted.
No photon emitted.
No photon emitted.
No photon emitted.
No photon emitted.
Photon emitted!
No photon emitted.
Sent data: 000000002aa07d90, last: 0
No photon emitted.
No photon emitted.
No photon emitted.
No photon emitted.
No photon emitted.
No photon emitted.
No photon emitted.
No photon emitted.
No photon emitted.
No photon emitted.
No photon emitted.
No photon emitted.
Photon emitted!
No photon emitted.
Sent data: 000000002b804117, last: 0
No photon emitted.
No photon emitted.
No photon emitted.
No photon emitted.
No photon emitted.
No photon emitted.
No photon emitted.
No photon emitted.
No photon emitted.
No photon emitted.
No photon emitted.
No photon emitted.
No photon emitted.
No photon emitted.
No photon emitted.
No photon emitted.
No photon emitted.
Photon emitted!
Photon emitted!
Sent data: 000000002cb0616a, last: 0
No photon emitted.
No photon emitted.
Sent data: 000000002cc05784, last: 0
No photon emitted.
No photon emitted.
No photon emitted.
No photon emitted.
No photon emitted.
No photon emitted.
No photon emitted.
No photon emitted.
No photon emitted.
No photon emitted.
No photon emitted.
No photon emitted.
No photon emitted.
No photon emitted.
No photon emitted.
Photon emitted!
No photon emitted.
Sent data: 000000002de0bcaa, last: 0
No photon emitted.
No photon emitted.
No photon emitted.
No photon emitted.
No photon emitted.
No photon emitted.
No photon emitted.
No photon emitted.
No photon emitted.
No photon emitted.
No photon emitted.
No photon emitted.
No photon emitted.
No photon emitted.
No photon emitted.
No photon emitted.
No photon emitted.
No photon emitted.
No photon emitted.
No photon emitted.
No photon emitted.
No photon emitted.
No photon emitted.
No photon emitted.
No photon emitted.
No photon emitted.
No photon emitted.
No photon emitted.
Photon emitted!
No photon emitted.
Sent data: 000000002fc00f7c, last: 0
No photon emitted.
Photon emitted!
No photon emitted.
Sent data: 000000002ff08260, last: 0
No photon emitted.
No photon emitted.
No photon emitted.
No photon emitted.
No photon emitted.
No photon emitted.
Photon emitted!
No photon emitted.
Sent data: 0000000030704dba, last: 0
No photon emitted.
No photon emitted.
No photon emitted.
No photon emitted.
No photon emitted.
Photon emitted!
No photon emitted.
Sent data: 0000000030e0e08b, last: 0
No photon emitted.
No photon emitted.
No photon emitted.
No photon emitted.
No photon emitted.
No photon emitted.
Photon emitted!
No photon emitted.
Sent data: 000000003160fea6, last: 0
Photon emitted!
No photon emitted.
Sent data: 0000000031809e25, last: 0
Photon emitted!
Photon emitted!
Sent data: 0000000031a00332, last: 0
No photon emitted.
No photon emitted.
Sent data: 0000000031b084a2, last: 0
Photon emitted!
No photon emitted.
Sent data: 0000000031e0fc49, last: 0
No photon emitted.
Photon emitted!
No photon emitted.
Sent data: 000000003210b014, last: 0
No photon emitted.
No photon emitted.
No photon emitted.
No photon emitted.
No photon emitted.
No photon emitted.
No photon emitted.
No photon emitted.
Photon emitted!
No photon emitted.
Sent data: 0000000032b0c03d, last: 0
No photon emitted.
No photon emitted.
No photon emitted.
No photon emitted.
No photon emitted.
No photon emitted.
No photon emitted.
No photon emitted.
No photon emitted.
No photon emitted.
No photon emitted.
No photon emitted.
No photon emitted.
No photon emitted.
Photon emitted!
No photon emitted.
Sent data: 0000000033b0034b, last: 0
Photon emitted!
Photon emitted!
Sent data: 0000000033d0b05c, last: 0
No photon emitted.
Sent data: 0000000033e07547, last: 0
No photon emitted.
No photon emitted.
No photon emitted.
No photon emitted.
No photon emitted.
No photon emitted.
No photon emitted.
No photon emitted.
No photon emitted.
No photon emitted.
Photon emitted!
No photon emitted.
Sent data: 0000000034a01786, last: 0
No photon emitted.
No photon emitted.
No photon emitted.
No photon emitted.
No photon emitted.
No photon emitted.
No photon emitted.
No photon emitted.
No photon emitted.
No photon emitted.
No photon emitted.
No photon emitted.
No photon emitted.
No photon emitted.
No photon emitted.
No photon emitted.
No photon emitted.
No photon emitted.
No photon emitted.
No photon emitted.
No photon emitted.
No photon emitted.
No photon emitted.
No photon emitted.
No photon emitted.
No photon emitted.
No photon emitted.
No photon emitted.
No photon emitted.
No photon emitted.
Photon emitted!
No photon emitted.
Sent data: 0000000036a0fa39, last: 0
No photon emitted.
No photon emitted.
No photon emitted.
No photon emitted.
No photon emitted.
No photon emitted.
No photon emitted.
No photon emitted.
No photon emitted.
No photon emitted.
No photon emitted.
No photon emitted.
No photon emitted.
No photon emitted.
Photon emitted!
No photon emitted.
Sent data: 0000000037a08ab4, last: 0
No photon emitted.
No photon emitted.
No photon emitted.
No photon emitted.
No photon emitted.
No photon emitted.
No photon emitted.
No photon emitted.
No photon emitted.
No photon emitted.
No photon emitted.
No photon emitted.
No photon emitted.
No photon emitted.
No photon emitted.
No photon emitted.
No photon emitted.
No photon emitted.
Photon emitted!
No photon emitted.
Sent data: 0000000038e065d0, last: 0
No photon emitted.
Photon emitted!
No photon emitted.
Sent data: 000000003910d02c, last: 0
No photon emitted.
No photon emitted.
Photon emitted!
No photon emitted.
Sent data: 000000003950458c, last: 0
No photon emitted.
No photon emitted.
No photon emitted.
No photon emitted.
No photon emitted.
No photon emitted.
No photon emitted.
No photon emitted.
No photon emitted.
No photon emitted.
No photon emitted.
No photon emitted.
No photon emitted.
No photon emitted.
Photon emitted!
No photon emitted.
Sent data: 000000003a503707, last: 0
No photon emitted.
No photon emitted.
No photon emitted.
No photon emitted.
No photon emitted.
No photon emitted.
No photon emitted.
No photon emitted.
Photon emitted!
No photon emitted.
Sent data: 000000003af0c06a, last: 0
No photon emitted.
Photon emitted!
No photon emitted.
Sent data: 000000003b207911, last: 0
No photon emitted.
No photon emitted.
No photon emitted.
No photon emitted.
No photon emitted.
Photon emitted!
No photon emitted.
Sent data: 000000003b907fe8, last: 0
No photon emitted.
No photon emitted.
No photon emitted.
No photon emitted.
No photon emitted.
No photon emitted.
No photon emitted.
No photon emitted.
No photon emitted.
No photon emitted.
No photon emitted.
No photon emitted.
Photon emitted!
No photon emitted.
Sent data: 000000003c709e4b, last: 0
No photon emitted.
Photon emitted!
No photon emitted.
Sent data: 000000003ca00173, last: 0
No photon emitted.
No photon emitted.
No photon emitted.
No photon emitted.
Photon emitted!
Photon emitted!
Sent data: 000000003d005bec, last: 0
No photon emitted.
Sent data: 000000003d100523, last: 0
No photon emitted.
No photon emitted.
No photon emitted.
No photon emitted.
Photon emitted!
No photon emitted.
Sent data: 000000003d706fa4, last: 0
No photon emitted.
No photon emitted.
No photon emitted.
Photon emitted!
No photon emitted.
Sent data: 000000003dc065c9, last: 0
No photon emitted.
No photon emitted.
No photon emitted.
No photon emitted.
No photon emitted.
No photon emitted.
No photon emitted.
No photon emitted.
No photon emitted.
No photon emitted.
No photon emitted.
No photon emitted.
No photon emitted.
No photon emitted.
No photon emitted.
No photon emitted.
Photon emitted!
No photon emitted.
Sent data: 000000003ee08439, last: 0
No photon emitted.
No photon emitted.
No photon emitted.
No photon emitted.
No photon emitted.
No photon emitted.
No photon emitted.
No photon emitted.
No photon emitted.
No photon emitted.
No photon emitted.
No photon emitted.
No photon emitted.
No photon emitted.
No photon emitted.
No photon emitted.
No photon emitted.
No photon emitted.
No photon emitted.
No photon emitted.
No photon emitted.
No photon emitted.
No photon emitted.
Photon emitted!
No photon emitted.
Sent data: 000000000070f2df, last: 0
Photon emitted!
No photon emitted.
Sent data: 00000000009094d4, last: 0
No photon emitted.
No photon emitted.
No photon emitted.
No photon emitted.
No photon emitted.
No photon emitted.
No photon emitted.
No photon emitted.
No photon emitted.
No photon emitted.
Photon emitted!
No photon emitted.
Sent data: 0000000001506567, last: 0
No photon emitted.
No photon emitted.
No photon emitted.
No photon emitted.
No photon emitted.
No photon emitted.
Photon emitted!
No photon emitted.
Sent data: 0000000001d0419d, last: 0
No photon emitted.
No photon emitted.
No photon emitted.
No photon emitted.
No photon emitted.
No photon emitted.
Photon emitted!
No photon emitted.
Sent data: 00000000025025b0, last: 0
No photon emitted.
No photon emitted.
No photon emitted.
No photon emitted.
No photon emitted.
No photon emitted.
No photon emitted.
No photon emitted.
No photon emitted.
No photon emitted.
No photon emitted.
No photon emitted.
No photon emitted.
No photon emitted.
Photon emitted!
No photon emitted.
Sent data: 0000000003503982, last: 0
No photon emitted.
No photon emitted.
No photon emitted.
No photon emitted.
No photon emitted.
No photon emitted.
No photon emitted.
No photon emitted.
Photon emitted!
No photon emitted.
Sent data: 0000000003f03f49, last: 0
No photon emitted.
Photon emitted!
No photon emitted.
Sent data: 0000000004209ad9, last: 0
No photon emitted.
Photon emitted!
Photon emitted!
Sent data: 0000000004503720, last: 0
No photon emitted.
Sent data: 000000000460cc1c, last: 0
No photon emitted.
No photon emitted.
No photon emitted.
No photon emitted.
No photon emitted.
No photon emitted.
No photon emitted.
No photon emitted.
No photon emitted.
No photon emitted.
No photon emitted.
No photon emitted.
No photon emitted.
No photon emitted.
No photon emitted.
No photon emitted.
No photon emitted.
No photon emitted.
No photon emitted.
No photon emitted.
No photon emitted.
No photon emitted.
No photon emitted.
No photon emitted.
No photon emitted.
No photon emitted.
No photon emitted.
No photon emitted.
Photon emitted!
No photon emitted.
Sent data: 0000000006406f93, last: 0
No photon emitted.
No photon emitted.
Photon emitted!
No photon emitted.
Sent data: 00000000068061e3, last: 0
No photon emitted.
No photon emitted.
No photon emitted.
No photon emitted.
No photon emitted.
No photon emitted.
No photon emitted.
No photon emitted.
No photon emitted.
No photon emitted.
No photon emitted.
No photon emitted.
No photon emitted.
No photon emitted.
No photon emitted.
No photon emitted.
No photon emitted.
No photon emitted.
No photon emitted.
No photon emitted.
No photon emitted.
No photon emitted.
No photon emitted.
No photon emitted.
Photon emitted!
Photon emitted!
Sent data: 000000000820822a, last: 0
No photon emitted.
No photon emitted.
Sent data: 000000000830f8c8, last: 0
No photon emitted.
No photon emitted.
No photon emitted.
No photon emitted.
No photon emitted.
Photon emitted!
No photon emitted.
Sent data: 0000000008b0ae5d, last: 0
No photon emitted.
No photon emitted.
No photon emitted.
No photon emitted.
No photon emitted.
No photon emitted.
Photon emitted!
No photon emitted.
Sent data: 0000000009301d3a, last: 0
No photon emitted.
No photon emitted.
No photon emitted.
No photon emitted.
No photon emitted.
No photon emitted.
No photon emitted.
Photon emitted!
No photon emitted.
Sent data: 0000000009c02984, last: 0
No photon emitted.
Photon emitted!
No photon emitted.
Sent data: 0000000009f0a82b, last: 0
No photon emitted.
No photon emitted.
No photon emitted.
No photon emitted.
No photon emitted.
No photon emitted.
No photon emitted.
No photon emitted.
No photon emitted.
Photon emitted!
No photon emitted.
Sent data: 000000000aa07f39, last: 0
No photon emitted.
No photon emitted.
No photon emitted.
No photon emitted.
No photon emitted.
No photon emitted.
No photon emitted.
No photon emitted.
No photon emitted.
No photon emitted.
No photon emitted.
No photon emitted.
No photon emitted.
No photon emitted.
No photon emitted.
No photon emitted.
No photon emitted.
No photon emitted.
No photon emitted.
No photon emitted.
No photon emitted.
No photon emitted.
No photon emitted.
No photon emitted.
No photon emitted.
No photon emitted.
No photon emitted.
Photon emitted!
No photon emitted.
Sent data: 000000000c709c12, last: 0
No photon emitted.
No photon emitted.
No photon emitted.
Photon emitted!
No photon emitted.
Sent data: 000000000cc08052, last: 0
No photon emitted.
No photon emitted.
Photon emitted!
No photon emitted.
Sent data: 000000000d000959, last: 0
Photon emitted!
Photon emitted!
Sent data: 000000000d2096d0, last: 0
No photon emitted.
No photon emitted.
Sent data: 000000000d30ea6e, last: 0
No photon emitted.
No photon emitted.
No photon emitted.
No photon emitted.
No photon emitted.
No photon emitted.
No photon emitted.
No photon emitted.
No photon emitted.
No photon emitted.
No photon emitted.
No photon emitted.
No photon emitted.
No photon emitted.
No photon emitted.
No photon emitted.
No photon emitted.
No photon emitted.
No photon emitted.
No photon emitted.
No photon emitted.
No photon emitted.
No photon emitted.
No photon emitted.
No photon emitted.
No photon emitted.
No photon emitted.
No photon emitted.
No photon emitted.
No photon emitted.
No photon emitted.
No photon emitted.
No photon emitted.
No photon emitted.
No photon emitted.
No photon emitted.
No photon emitted.
No photon emitted.
No photon emitted.
No photon emitted.
No photon emitted.
No photon emitted.
No photon emitted.
Photon emitted!
Photon emitted!
Sent data: 0000000010102997, last: 0
No photon emitted.
Sent data: 00000000102007db, last: 0
No photon emitted.
No photon emitted.
Photon emitted!
No photon emitted.
Sent data: 00000000106077a6, last: 0
No photon emitted.
No photon emitted.
No photon emitted.
Photon emitted!
No photon emitted.
Sent data: 0000000010b053bb, last: 0
No photon emitted.
No photon emitted.
Photon emitted!
No photon emitted.
Sent data: 0000000010f0fc00, last: 0
Photon emitted!
Photon emitted!
Sent data: 000000001110cc0f, last: 0
No photon emitted.
Sent data: 000000001120d669, last: 0
Photon emitted!
No photon emitted.
Sent data: 000000001140e20c, last: 0
No photon emitted.
No photon emitted.
No photon emitted.
No photon emitted.
No photon emitted.
No photon emitted.
No photon emitted.
No photon emitted.
No photon emitted.
No photon emitted.
Photon emitted!
No photon emitted.
Sent data: 0000000012001959, last: 0
No photon emitted.
No photon emitted.
No photon emitted.
No photon emitted.
No photon emitted.
No photon emitted.
No photon emitted.
No photon emitted.
No photon emitted.
No photon emitted.
No photon emitted.
No photon emitted.
No photon emitted.
No photon emitted.
No photon emitted.
Photon emitted!
Photon emitted!
Sent data: 00000000131049c5, last: 0
No photon emitted.
Sent data: 00000000132035cf, last: 0
No photon emitted.
No photon emitted.
No photon emitted.
No photon emitted.
No photon emitted.
No photon emitted.
Photon emitted!
Photon emitted!
Sent data: 0000000013a06590, last: 0
No photon emitted.
No photon emitted.
Sent data: 0000000013b0d851, last: 0
No photon emitted.
No photon emitted.
No photon emitted.
No photon emitted.
No photon emitted.
No photon emitted.
No photon emitted.
No photon emitted.
No photon emitted.
No photon emitted.
No photon emitted.
No photon emitted.
No photon emitted.
No photon emitted.
No photon emitted.
No photon emitted.
No photon emitted.
No photon emitted.
No photon emitted.
Photon emitted!
Photon emitted!
Sent data: 000000001510a469, last: 0
No photon emitted.
Sent data: 0000000015204d77, last: 0
No photon emitted.
Photon emitted!
No photon emitted.
Sent data: 000000001550654a, last: 0
No photon emitted.
No photon emitted.
Photon emitted!
No photon emitted.
Sent data: 000000001590d8d8, last: 0
No photon emitted.
No photon emitted.
No photon emitted.
No photon emitted.
No photon emitted.
No photon emitted.
No photon emitted.
No photon emitted.
No photon emitted.
No photon emitted.
No photon emitted.
No photon emitted.
No photon emitted.
No photon emitted.
No photon emitted.
No photon emitted.
No photon emitted.
No photon emitted.
No photon emitted.
No photon emitted.
No photon emitted.
Photon emitted!
No photon emitted.
Sent data: 0000000017004d9b, last: 0
No photon emitted.
No photon emitted.
No photon emitted.
No photon emitted.
No photon emitted.
Photon emitted!
No photon emitted.
Sent data: 0000000017709ac4, last: 0
No photon emitted.
No photon emitted.
No photon emitted.
No photon emitted.
No photon emitted.
No photon emitted.
No photon emitted.
No photon emitted.
No photon emitted.
No photon emitted.
Photon emitted!
No photon emitted.
Sent data: 00000000183031b8, last: 0
No photon emitted.
No photon emitted.
No photon emitted.
No photon emitted.
No photon emitted.
No photon emitted.
No photon emitted.
No photon emitted.
No photon emitted.
No photon emitted.
No photon emitted.
No photon emitted.
No photon emitted.
No photon emitted.
No photon emitted.
No photon emitted.
No photon emitted.
No photon emitted.
No photon emitted.
No photon emitted.
Photon emitted!
No photon emitted.
Sent data: 000000001990f2b7, last: 0
No photon emitted.
No photon emitted.
No photon emitted.
No photon emitted.
No photon emitted.
No photon emitted.
No photon emitted.
Photon emitted!
No photon emitted.
Sent data: 000000001a20ee86, last: 0
No photon emitted.
No photon emitted.
No photon emitted.
No photon emitted.
No photon emitted.
No photon emitted.
No photon emitted.
No photon emitted.
No photon emitted.
No photon emitted.
No photon emitted.
No photon emitted.
No photon emitted.
No photon emitted.
No photon emitted.
No photon emitted.
No photon emitted.
No photon emitted.
No photon emitted.
Photon emitted!
No photon emitted.
Sent data: 000000001b70da30, last: 0
No photon emitted.
No photon emitted.
Photon emitted!
No photon emitted.
Sent data: 000000001bb05377, last: 0
Photon emitted!
Photon emitted!
Sent data: 000000001bd047b5, last: 0
No photon emitted.
Sent data: 000000001be075d4, last: 0
No photon emitted.
No photon emitted.
No photon emitted.
No photon emitted.
No photon emitted.
No photon emitted.
Photon emitted!
Photon emitted!
Sent data: 000000001c600707, last: 0
No photon emitted.
No photon emitted.
Sent data: 000000001c701776, last: 0
No photon emitted.
No photon emitted.
No photon emitted.
No photon emitted.
No photon emitted.
No photon emitted.
Photon emitted!
No photon emitted.
Sent data: 000000001d002de9, last: 0
No photon emitted.
Photon emitted!
No photon emitted.
Sent data: 000000001d300b8b, last: 0
No photon emitted.
No photon emitted.
No photon emitted.
No photon emitted.
No photon emitted.
Photon emitted!
No photon emitted.
Sent data: 000000001da05f01, last: 0
No photon emitted.
No photon emitted.
No photon emitted.
No photon emitted.
No photon emitted.
No photon emitted.
No photon emitted.
No photon emitted.
No photon emitted.
No photon emitted.
Photon emitted!
No photon emitted.
Sent data: 000000001e600bdb, last: 0
No photon emitted.
No photon emitted.
No photon emitted.
No photon emitted.
No photon emitted.
No photon emitted.
No photon emitted.
No photon emitted.
No photon emitted.
No photon emitted.
No photon emitted.
No photon emitted.
No photon emitted.
No photon emitted.
No photon emitted.
Photon emitted!
Photon emitted!
Sent data: 000000001f70c280, last: 0
No photon emitted.
No photon emitted.
Sent data: 000000001f801fc2, last: 0
No photon emitted.
No photon emitted.
No photon emitted.
No photon emitted.
No photon emitted.
No photon emitted.
No photon emitted.
No photon emitted.
No photon emitted.
No photon emitted.
No photon emitted.
No photon emitted.
No photon emitted.
No photon emitted.
Photon emitted!
No photon emitted.
Sent data: 000000002090dac5, last: 0
No photon emitted.
Photon emitted!
No photon emitted.
Sent data: 0000000020c0fa30, last: 0
No photon emitted.
No photon emitted.
No photon emitted.
No photon emitted.
No photon emitted.
Photon emitted!
Photon emitted!
Sent data: 000000002130e4af, last: 0
No photon emitted.
No photon emitted.
Sent data: 000000002140da66, last: 0
No photon emitted.
No photon emitted.
No photon emitted.
Photon emitted!
Photon emitted!
Sent data: 0000000021a039af, last: 0
No photon emitted.
No photon emitted.
Sent data: 0000000021b0eee9, last: 0
No photon emitted.
No photon emitted.
No photon emitted.
No photon emitted.
No photon emitted.
No photon emitted.
No photon emitted.
Photon emitted!
No photon emitted.
Sent data: 0000000022502ff8, last: 0
No photon emitted.
No photon emitted.
No photon emitted.
No photon emitted.
No photon emitted.
No photon emitted.
No photon emitted.
No photon emitted.
No photon emitted.
No photon emitted.
No photon emitted.
Photon emitted!
No photon emitted.
Sent data: 000000002320ac06, last: 0
No photon emitted.
Photon emitted!
No photon emitted.
Sent data: 000000002350f6ef, last: 0
No photon emitted.
No photon emitted.
No photon emitted.
No photon emitted.
Photon emitted!
No photon emitted.
Sent data: 0000000023b037e1, last: 0
No photon emitted.
No photon emitted.
No photon emitted.
No photon emitted.
No photon emitted.
No photon emitted.
No photon emitted.
No photon emitted.
No photon emitted.
No photon emitted.
No photon emitted.
No photon emitted.
No photon emitted.
No photon emitted.
No photon emitted.
No photon emitted.
No photon emitted.
Photon emitted!
No photon emitted.
Sent data: 0000000024e0fc95, last: 0
No photon emitted.
No photon emitted.
No photon emitted.
No photon emitted.
No photon emitted.
No photon emitted.
Photon emitted!
No photon emitted.
Sent data: 000000002560beee, last: 0
Photon emitted!
No photon emitted.
Sent data: 0000000025804d60, last: 0
No photon emitted.
No photon emitted.
No photon emitted.
No photon emitted.
No photon emitted.
No photon emitted.
No photon emitted.
No photon emitted.
No photon emitted.
No photon emitted.
Photon emitted!
Photon emitted!
Sent data: 000000002640dee5, last: 0
No photon emitted.
Sent data: 000000002650ea28, last: 0
Photon emitted!
No photon emitted.
Sent data: 0000000026707d64, last: 0
No photon emitted.
No photon emitted.
No photon emitted.
No photon emitted.
No photon emitted.
No photon emitted.
No photon emitted.
Photon emitted!
No photon emitted.
Sent data: 0000000027003729, last: 0
No photon emitted.
No photon emitted.
Photon emitted!
No photon emitted.
Sent data: 000000002740aee1, last: 0
No photon emitted.
No photon emitted.
No photon emitted.
Photon emitted!
No photon emitted.
Sent data: 000000002790d277, last: 0
No photon emitted.
No photon emitted.
No photon emitted.
No photon emitted.
No photon emitted.
No photon emitted.
No photon emitted.
No photon emitted.
No photon emitted.
No photon emitted.
Photon emitted!
No photon emitted.
Sent data: 000000002850156e, last: 0
No photon emitted.
No photon emitted.
No photon emitted.
No photon emitted.
No photon emitted.
No photon emitted.
No photon emitted.
No photon emitted.
No photon emitted.
No photon emitted.
No photon emitted.
No photon emitted.
No photon emitted.
Photon emitted!
No photon emitted.
Sent data: 0000000029407581, last: 0
No photon emitted.
No photon emitted.
No photon emitted.
No photon emitted.
No photon emitted.
No photon emitted.
No photon emitted.
No photon emitted.
No photon emitted.
No photon emitted.
No photon emitted.
No photon emitted.
No photon emitted.
No photon emitted.
No photon emitted.
No photon emitted.
No photon emitted.
No photon emitted.
Photon emitted!
No photon emitted.
Sent data: 000000002a8039d5, last: 0
No photon emitted.
No photon emitted.
No photon emitted.
No photon emitted.
No photon emitted.
No photon emitted.
No photon emitted.
No photon emitted.
No photon emitted.
Photon emitted!
No photon emitted.
Sent data: 000000002b305568, last: 0
No photon emitted.
No photon emitted.
No photon emitted.
No photon emitted.
No photon emitted.
No photon emitted.
No photon emitted.
No photon emitted.
No photon emitted.
No photon emitted.
No photon emitted.
No photon emitted.
No photon emitted.
No photon emitted.
No photon emitted.
No photon emitted.
No photon emitted.
No photon emitted.
No photon emitted.
No photon emitted.
No photon emitted.
No photon emitted.
No photon emitted.
Photon emitted!
No photon emitted.
Sent data: 000000002cc071f0, last: 0
No photon emitted.
Photon emitted!
No photon emitted.
Sent data: 000000002cf080aa, last: 0
No photon emitted.
No photon emitted.
No photon emitted.
No photon emitted.
No photon emitted.
No photon emitted.
No photon emitted.
No photon emitted.
No photon emitted.
No photon emitted.
No photon emitted.
No photon emitted.
No photon emitted.
No photon emitted.
No photon emitted.
No photon emitted.
Photon emitted!
No photon emitted.
Sent data: 000000002e10430f, last: 0
No photon emitted.
No photon emitted.
No photon emitted.
No photon emitted.
No photon emitted.
No photon emitted.
No photon emitted.
No photon emitted.
No photon emitted.
No photon emitted.
No photon emitted.
No photon emitted.
No photon emitted.
No photon emitted.
No photon emitted.
No photon emitted.
No photon emitted.
No photon emitted.
No photon emitted.
No photon emitted.
No photon emitted.
No photon emitted.
No photon emitted.
No photon emitted.
No photon emitted.
No photon emitted.
No photon emitted.
Photon emitted!
No photon emitted.
Sent data: 000000002fe0c8f1, last: 0
No photon emitted.
No photon emitted.
No photon emitted.
No photon emitted.
No photon emitted.
No photon emitted.
No photon emitted.
No photon emitted.
No photon emitted.
No photon emitted.
No photon emitted.
No photon emitted.
No photon emitted.
No photon emitted.
No photon emitted.
No photon emitted.
No photon emitted.
No photon emitted.
No photon emitted.
No photon emitted.
No photon emitted.
No photon emitted.
No photon emitted.
No photon emitted.
Photon emitted!
No photon emitted.
Sent data: 000000003180bc7d, last: 0
No photon emitted.
No photon emitted.
Photon emitted!
No photon emitted.
Sent data: 0000000031c0158e, last: 0
No photon emitted.
No photon emitted.
No photon emitted.
No photon emitted.
No photon emitted.
No photon emitted.
No photon emitted.
No photon emitted.
No photon emitted.
No photon emitted.
No photon emitted.
No photon emitted.
No photon emitted.
No photon emitted.
Photon emitted!
No photon emitted.
Sent data: 0000000032c0dce2, last: 0
No photon emitted.
No photon emitted.
No photon emitted.
No photon emitted.
No photon emitted.
No photon emitted.
No photon emitted.
No photon emitted.
No photon emitted.
No photon emitted.
No photon emitted.
No photon emitted.
No photon emitted.
No photon emitted.
Photon emitted!
No photon emitted.
Sent data: 0000000033c04d3c, last: 0
No photon emitted.
No photon emitted.
No photon emitted.
No photon emitted.
No photon emitted.
No photon emitted.
No photon emitted.
No photon emitted.
No photon emitted.
No photon emitted.
No photon emitted.
No photon emitted.
No photon emitted.
No photon emitted.
No photon emitted.
No photon emitted.
No photon emitted.
No photon emitted.
No photon emitted.
No photon emitted.
No photon emitted.
No photon emitted.
No photon emitted.
No photon emitted.
No photon emitted.
No photon emitted.
No photon emitted.
No photon emitted.
Photon emitted!
No photon emitted.
Sent data: 0000000035a0e6a9, last: 0
Photon emitted!
No photon emitted.
Sent data: 0000000035c031ef, last: 0
No photon emitted.
No photon emitted.
No photon emitted.
No photon emitted.
No photon emitted.
Photon emitted!
No photon emitted.
Sent data: 000000003630d05b, last: 0
No photon emitted.
No photon emitted.
No photon emitted.
No photon emitted.
No photon emitted.
No photon emitted.
No photon emitted.
No photon emitted.
No photon emitted.
No photon emitted.
No photon emitted.
Photon emitted!
No photon emitted.
Sent data: 000000003700bcaf, last: 1
No photon emitted.
No photon emitted.
No photon emitted.
No photon emitted.
No photon emitted.
No photon emitted.
No photon emitted.
No photon emitted.
No photon emitted.
No photon emitted.
No photon emitted.
Photon emitted!
No photon emitted.
Sent data: 0000000037d01b4a, last: 0
No photon emitted.
No photon emitted.
No photon emitted.
No photon emitted.
No photon emitted.
No photon emitted.
No photon emitted.
No photon emitted.
No photon emitted.
No photon emitted.
Photon emitted!
No photon emitted.
Sent data: 0000000038900db9, last: 0
No photon emitted.
No photon emitted.
No photon emitted.
No photon emitted.
No photon emitted.
Photon emitted!
Photon emitted!
Sent data: 0000000039002d13, last: 0
Photon emitted!
Sent data: 0000000039103513, last: 0
Photon emitted!
No photon emitted.
Sent data: 0000000039204165, last: 0
No photon emitted.
No photon emitted.
Sent data: 0000000039302751, last: 0
No photon emitted.
No photon emitted.
No photon emitted.
Photon emitted!
No photon emitted.
Sent data: 0000000039a0bab7, last: 0
No photon emitted.
No photon emitted.
No photon emitted.
Photon emitted!
No photon emitted.
Sent data: 0000000039f09099, last: 0
Photon emitted!
No photon emitted.
Sent data: 000000003a10883a, last: 0
Photon emitted!
No photon emitted.
Sent data: 000000003a30ba71, last: 0
No photon emitted.
No photon emitted.
No photon emitted.
No photon emitted.
No photon emitted.
No photon emitted.
No photon emitted.
No photon emitted.
No photon emitted.
No photon emitted.
No photon emitted.
No photon emitted.
No photon emitted.
No photon emitted.
No photon emitted.
No photon emitted.
No photon emitted.
No photon emitted.
No photon emitted.
No photon emitted.
No photon emitted.
No photon emitted.
No photon emitted.
No photon emitted.
No photon emitted.
No photon emitted.
No photon emitted.
No photon emitted.
No photon emitted.
No photon emitted.
No photon emitted.
No photon emitted.
No photon emitted.
No photon emitted.
No photon emitted.
No photon emitted.
No photon emitted.
No photon emitted.
No photon emitted.
No photon emitted.
No photon emitted.
No photon emitted.
No photon emitted.
No photon emitted.
No photon emitted.
No photon emitted.
No photon emitted.
No photon emitted.
No photon emitted.
No photon emitted.
No photon emitted.
Photon emitted!
No photon emitted.
Sent data: 000000003d800762, last: 0
No photon emitted.
No photon emitted.
No photon emitted.
No photon emitted.
Photon emitted!
No photon emitted.
Sent data: 000000003de0eae4, last: 0
No photon emitted.
No photon emitted.
No photon emitted.
No photon emitted.
No photon emitted.
No photon emitted.
No photon emitted.
No photon emitted.
Photon emitted!
No photon emitted.
Sent data: 000000003e805d2a, last: 0
No photon emitted.
Photon emitted!
No photon emitted.
Sent data: 000000003eb0c47d, last: 0
Photon emitted!
No photon emitted.
Sent data: 000000003ed05f59, last: 0
No photon emitted.
No photon emitted.
No photon emitted.
No photon emitted.
No photon emitted.
No photon emitted.
No photon emitted.
No photon emitted.
No photon emitted.
No photon emitted.
No photon emitted.
No photon emitted.
No photon emitted.
No photon emitted.
Photon emitted!
No photon emitted.
Sent data: 000000003fd023e5, last: 0
No photon emitted.
Photon emitted!
No photon emitted.
Sent data: 0000000000006bed, last: 0
No photon emitted.
No photon emitted.
No photon emitted.
No photon emitted.
No photon emitted.
No photon emitted.
No photon emitted.
No photon emitted.
No photon emitted.
No photon emitted.
No photon emitted.
No photon emitted.
No photon emitted.
No photon emitted.
No photon emitted.
No photon emitted.
No photon emitted.
No photon emitted.
No photon emitted.
No photon emitted.
No photon emitted.
No photon emitted.
Photon emitted!
No photon emitted.
Sent data: 00000000018080c9, last: 0
No photon emitted.
No photon emitted.
Photon emitted!
No photon emitted.
Sent data: 0000000001c0cc41, last: 0
No photon emitted.
No photon emitted.
No photon emitted.
No photon emitted.
No photon emitted.
No photon emitted.
No photon emitted.
No photon emitted.
Photon emitted!
No photon emitted.
Sent data: 00000000026051af, last: 0
No photon emitted.
No photon emitted.
No photon emitted.
No photon emitted.
Photon emitted!
No photon emitted.
Sent data: 0000000002c09cdb, last: 0
No photon emitted.
No photon emitted.
No photon emitted.
No photon emitted.
No photon emitted.
No photon emitted.
No photon emitted.
No photon emitted.
No photon emitted.
No photon emitted.
No photon emitted.
No photon emitted.
No photon emitted.
No photon emitted.
No photon emitted.
No photon emitted.
No photon emitted.
No photon emitted.
No photon emitted.
No photon emitted.
No photon emitted.
No photon emitted.
No photon emitted.
No photon emitted.
No photon emitted.
Photon emitted!
Photon emitted!
Sent data: 000000000470e8cd, last: 0
No photon emitted.
Photon emitted!
Sent data: 0000000004801f70, last: 0
No photon emitted.
Sent data: 0000000004a0d406, last: 0
No photon emitted.
No photon emitted.
No photon emitted.
No photon emitted.
No photon emitted.
No photon emitted.
No photon emitted.
No photon emitted.
No photon emitted.
No photon emitted.
No photon emitted.
No photon emitted.
No photon emitted.
No photon emitted.
No photon emitted.
No photon emitted.
No photon emitted.
No photon emitted.
No photon emitted.
No photon emitted.
No photon emitted.
No photon emitted.
No photon emitted.
No photon emitted.
No photon emitted.
No photon emitted.
No photon emitted.
No photon emitted.
No photon emitted.
No photon emitted.
No photon emitted.
No photon emitted.
Photon emitted!
No photon emitted.
Sent data: 0000000006c0a0a2, last: 0
No photon emitted.
No photon emitted.
No photon emitted.
No photon emitted.
No photon emitted.
No photon emitted.
No photon emitted.
No photon emitted.
No photon emitted.
No photon emitted.
No photon emitted.
No photon emitted.
No photon emitted.
No photon emitted.
No photon emitted.
No photon emitted.
No photon emitted.
No photon emitted.
No photon emitted.
No photon emitted.
No photon emitted.
No photon emitted.
No photon emitted.
No photon emitted.
No photon emitted.
No photon emitted.
No photon emitted.
No photon emitted.
No photon emitted.
Photon emitted!
No photon emitted.
Sent data: 0000000008b03dbd, last: 0
No photon emitted.
No photon emitted.
No photon emitted.
No photon emitted.
No photon emitted.
No photon emitted.
No photon emitted.
No photon emitted.
No photon emitted.
No photon emitted.
No photon emitted.
No photon emitted.
No photon emitted.
No photon emitted.
Photon emitted!
No photon emitted.
Sent data: 0000000009b0de6a, last: 0
No photon emitted.
No photon emitted.
No photon emitted.
No photon emitted.
Photon emitted!
Photon emitted!
Sent data: 000000000a1047dc, last: 0
No photon emitted.
Sent data: 000000000a20de50, last: 0
No photon emitted.
No photon emitted.
No photon emitted.
Photon emitted!
No photon emitted.
Sent data: 000000000a70f47b, last: 0
No photon emitted.
No photon emitted.
No photon emitted.
No photon emitted.
No photon emitted.
Photon emitted!
No photon emitted.
Sent data: 000000000ae0d825, last: 0
No photon emitted.
No photon emitted.
No photon emitted.
Photon emitted!
No photon emitted.
Sent data: 000000000b308478, last: 0
No photon emitted.
No photon emitted.
Photon emitted!
No photon emitted.
Sent data: 000000000b7009f6, last: 0
No photon emitted.
No photon emitted.
No photon emitted.
No photon emitted.
No photon emitted.
No photon emitted.
No photon emitted.
No photon emitted.
No photon emitted.
No photon emitted.
No photon emitted.
No photon emitted.
No photon emitted.
No photon emitted.
No photon emitted.
No photon emitted.
No photon emitted.
No photon emitted.
No photon emitted.
No photon emitted.
No photon emitted.
No photon emitted.
No photon emitted.
No photon emitted.
No photon emitted.
No photon emitted.
No photon emitted.
No photon emitted.
No photon emitted.
No photon emitted.
No photon emitted.
No photon emitted.
No photon emitted.
No photon emitted.
No photon emitted.
No photon emitted.
No photon emitted.
No photon emitted.
No photon emitted.
No photon emitted.
No photon emitted.
No photon emitted.
No photon emitted.
No photon emitted.
No photon emitted.
No photon emitted.
No photon emitted.
No photon emitted.
No photon emitted.
No photon emitted.
No photon emitted.
No photon emitted.
No photon emitted.
No photon emitted.
No photon emitted.
No photon emitted.
No photon emitted.
No photon emitted.
No photon emitted.
No photon emitted.
No photon emitted.
No photon emitted.
No photon emitted.
Photon emitted!
No photon emitted.
Sent data: 000000000f80ce5c, last: 0
No photon emitted.
No photon emitted.
No photon emitted.
Photon emitted!
No photon emitted.
Sent data: 000000000fd01b23, last: 0
Photon emitted!
No photon emitted.
Sent data: 000000000ff02b79, last: 0
No photon emitted.
No photon emitted.
No photon emitted.
No photon emitted.
No photon emitted.
No photon emitted.
No photon emitted.
No photon emitted.
No photon emitted.
No photon emitted.
No photon emitted.
No photon emitted.
No photon emitted.
Photon emitted!
No photon emitted.
Sent data: 0000000010e005c8, last: 0
No photon emitted.
No photon emitted.
No photon emitted.
No photon emitted.
No photon emitted.
No photon emitted.
No photon emitted.
No photon emitted.
No photon emitted.
No photon emitted.
No photon emitted.
No photon emitted.
No photon emitted.
No photon emitted.
No photon emitted.
No photon emitted.
No photon emitted.
No photon emitted.
No photon emitted.
No photon emitted.
No photon emitted.
No photon emitted.
Photon emitted!
No photon emitted.
Sent data: 000000001260c6bb, last: 0
No photon emitted.
No photon emitted.
No photon emitted.
No photon emitted.
No photon emitted.
No photon emitted.
No photon emitted.
No photon emitted.
No photon emitted.
No photon emitted.
No photon emitted.
No photon emitted.
No photon emitted.
No photon emitted.
Photon emitted!
No photon emitted.
Sent data: 000000001360ee0e, last: 0
No photon emitted.
No photon emitted.
No photon emitted.
No photon emitted.
No photon emitted.
No photon emitted.
No photon emitted.
Photon emitted!
No photon emitted.
Sent data: 0000000013f09473, last: 0
No photon emitted.
No photon emitted.
Photon emitted!
No photon emitted.
Sent data: 000000001430030c, last: 0
No photon emitted.
No photon emitted.
No photon emitted.
Photon emitted!
No photon emitted.
Sent data: 00000000148098ce, last: 0
No photon emitted.
No photon emitted.
No photon emitted.
No photon emitted.
No photon emitted.
No photon emitted.
No photon emitted.
No photon emitted.
No photon emitted.
No photon emitted.
Photon emitted!
No photon emitted.
Sent data: 00000000154061d4, last: 0
No photon emitted.
No photon emitted.
No photon emitted.
No photon emitted.
No photon emitted.
No photon emitted.
No photon emitted.
No photon emitted.
No photon emitted.
No photon emitted.
No photon emitted.
No photon emitted.
No photon emitted.
No photon emitted.
No photon emitted.
No photon emitted.
No photon emitted.
No photon emitted.
No photon emitted.
No photon emitted.
Photon emitted!
No photon emitted.
Sent data: 0000000016a0dc59, last: 0
No photon emitted.
No photon emitted.
No photon emitted.
No photon emitted.
No photon emitted.
No photon emitted.
No photon emitted.
No photon emitted.
No photon emitted.
No photon emitted.
No photon emitted.
No photon emitted.
No photon emitted.
No photon emitted.
No photon emitted.
No photon emitted.
No photon emitted.
No photon emitted.
No photon emitted.
No photon emitted.
Photon emitted!
No photon emitted.
Sent data: 0000000018006fb9, last: 0
No photon emitted.
No photon emitted.
No photon emitted.
No photon emitted.
No photon emitted.
Photon emitted!
Photon emitted!
Sent data: 000000001870c0b3, last: 0
No photon emitted.
No photon emitted.
Sent data: 0000000018803ff4, last: 0
No photon emitted.
No photon emitted.
No photon emitted.
No photon emitted.
No photon emitted.
No photon emitted.
No photon emitted.
Photon emitted!
No photon emitted.
Sent data: 000000001920e275, last: 0
No photon emitted.
No photon emitted.
Photon emitted!
No photon emitted.
Sent data: 000000001960710c, last: 0
No photon emitted.
Photon emitted!
No photon emitted.
Sent data: 000000001990fa39, last: 0
No photon emitted.
No photon emitted.
No photon emitted.
No photon emitted.
No photon emitted.
No photon emitted.
Photon emitted!
No photon emitted.
Sent data: 000000001a101302, last: 0
Photon emitted!
No photon emitted.
Sent data: 000000001a30be15, last: 0
No photon emitted.
No photon emitted.
No photon emitted.
No photon emitted.
No photon emitted.
No photon emitted.
No photon emitted.
No photon emitted.
No photon emitted.
No photon emitted.
No photon emitted.
No photon emitted.
No photon emitted.
Photon emitted!
No photon emitted.
Sent data: 000000001b207905, last: 0
No photon emitted.
No photon emitted.
No photon emitted.
No photon emitted.
Photon emitted!
No photon emitted.
Sent data: 000000001b80434e, last: 0
No photon emitted.
No photon emitted.
No photon emitted.
No photon emitted.
No photon emitted.
No photon emitted.
No photon emitted.
No photon emitted.
Photon emitted!
No photon emitted.
Sent data: 000000001c202902, last: 0
No photon emitted.
No photon emitted.
No photon emitted.
No photon emitted.
Photon emitted!
No photon emitted.
Sent data: 000000001c8051b8, last: 0
No photon emitted.
No photon emitted.
No photon emitted.
Photon emitted!
No photon emitted.
Sent data: 000000001cd0b208, last: 0
No photon emitted.
No photon emitted.
No photon emitted.
Photon emitted!
No photon emitted.
Sent data: 000000001d20538d, last: 0
No photon emitted.
No photon emitted.
No photon emitted.
No photon emitted.
No photon emitted.
Photon emitted!
No photon emitted.
Sent data: 000000001d908eaf, last: 0
No photon emitted.
No photon emitted.
No photon emitted.
No photon emitted.
No photon emitted.
No photon emitted.
Photon emitted!
No photon emitted.
Sent data: 000000001e1031e8, last: 0
No photon emitted.
No photon emitted.
No photon emitted.
No photon emitted.
No photon emitted.
No photon emitted.
No photon emitted.
No photon emitted.
No photon emitted.
No photon emitted.
No photon emitted.
No photon emitted.
No photon emitted.
No photon emitted.
No photon emitted.
No photon emitted.
No photon emitted.
No photon emitted.
No photon emitted.
No photon emitted.
No photon emitted.
No photon emitted.
No photon emitted.
No photon emitted.
No photon emitted.
No photon emitted.
No photon emitted.
No photon emitted.
No photon emitted.
Photon emitted!
No photon emitted.
Sent data: 0000000020000990, last: 0
No photon emitted.
No photon emitted.
No photon emitted.
No photon emitted.
No photon emitted.
No photon emitted.
No photon emitted.
No photon emitted.
No photon emitted.
No photon emitted.
No photon emitted.
No photon emitted.
No photon emitted.
No photon emitted.
No photon emitted.
No photon emitted.
No photon emitted.
Photon emitted!
No photon emitted.
Sent data: 0000000021302bf5, last: 0
No photon emitted.
No photon emitted.
No photon emitted.
No photon emitted.
Photon emitted!
No photon emitted.
Sent data: 000000002190904c, last: 0
No photon emitted.
No photon emitted.
No photon emitted.
No photon emitted.
Photon emitted!
No photon emitted.
Sent data: 0000000021f03d7b, last: 0
No photon emitted.
No photon emitted.
No photon emitted.
No photon emitted.
No photon emitted.
Photon emitted!
No photon emitted.
Sent data: 000000002260a640, last: 0
No photon emitted.
No photon emitted.
Photon emitted!
No photon emitted.
Sent data: 0000000022a00325, last: 0
No photon emitted.
Photon emitted!
Photon emitted!
Sent data: 0000000022d0b60d, last: 0
No photon emitted.
Sent data: 0000000022e09070, last: 0
No photon emitted.
No photon emitted.
No photon emitted.
No photon emitted.
No photon emitted.
No photon emitted.
No photon emitted.
No photon emitted.
No photon emitted.
No photon emitted.
No photon emitted.
No photon emitted.
No photon emitted.
No photon emitted.
No photon emitted.
No photon emitted.
Photon emitted!
No photon emitted.
Sent data: 000000002400792d, last: 0
No photon emitted.
No photon emitted.
Photon emitted!
No photon emitted.
Sent data: 000000002440d829, last: 0
No photon emitted.
No photon emitted.
No photon emitted.
No photon emitted.
No photon emitted.
No photon emitted.
No photon emitted.
No photon emitted.
No photon emitted.
No photon emitted.
No photon emitted.
Photon emitted!
No photon emitted.
Sent data: 00000000251051bc, last: 0
No photon emitted.
No photon emitted.
Photon emitted!
No photon emitted.
Sent data: 0000000025508830, last: 0
No photon emitted.
No photon emitted.
No photon emitted.
No photon emitted.
No photon emitted.
Photon emitted!
Photon emitted!
Sent data: 0000000025c02dc0, last: 0
No photon emitted.
Sent data: 0000000025d06950, last: 0
No photon emitted.
No photon emitted.
No photon emitted.
No photon emitted.
No photon emitted.
No photon emitted.
No photon emitted.
No photon emitted.
No photon emitted.
No photon emitted.
No photon emitted.
No photon emitted.
No photon emitted.
No photon emitted.
Photon emitted!
No photon emitted.
Sent data: 0000000026d0eaa1, last: 0
No photon emitted.
No photon emitted.
No photon emitted.
No photon emitted.
No photon emitted.
No photon emitted.
Photon emitted!
No photon emitted.
Sent data: 0000000027503f4d, last: 0
No photon emitted.
No photon emitted.
No photon emitted.
No photon emitted.
No photon emitted.
No photon emitted.
No photon emitted.
No photon emitted.
No photon emitted.
No photon emitted.
No photon emitted.
Photon emitted!
No photon emitted.
Sent data: 000000002820aef5, last: 0
Photon emitted!
Photon emitted!
Sent data: 0000000028402ff5, last: 0
Photon emitted!
Sent data: 000000002850cc5d, last: 0
No photon emitted.
No photon emitted.
Sent data: 0000000028609294, last: 0
No photon emitted.
No photon emitted.
No photon emitted.
No photon emitted.
No photon emitted.
No photon emitted.
No photon emitted.
No photon emitted.
No photon emitted.
No photon emitted.
No photon emitted.
No photon emitted.
Photon emitted!
Photon emitted!
Sent data: 000000002950a66a, last: 0
No photon emitted.
Sent data: 00000000296065bc, last: 0
No photon emitted.
No photon emitted.
No photon emitted.
No photon emitted.
No photon emitted.
No photon emitted.
No photon emitted.
No photon emitted.
No photon emitted.
No photon emitted.
No photon emitted.
No photon emitted.
No photon emitted.
No photon emitted.
No photon emitted.
No photon emitted.
No photon emitted.
No photon emitted.
No photon emitted.
No photon emitted.
Photon emitted!
No photon emitted.
Sent data: 000000002ac088b8, last: 0
No photon emitted.
No photon emitted.
No photon emitted.
No photon emitted.
No photon emitted.
No photon emitted.
No photon emitted.
No photon emitted.
No photon emitted.
No photon emitted.
No photon emitted.
No photon emitted.
No photon emitted.
No photon emitted.
No photon emitted.
Photon emitted!
No photon emitted.
Sent data: 000000002bd09c9e, last: 0
No photon emitted.
No photon emitted.
No photon emitted.
No photon emitted.
No photon emitted.
No photon emitted.
No photon emitted.
Photon emitted!
No photon emitted.
Sent data: 000000002c6086fa, last: 0
No photon emitted.
No photon emitted.
No photon emitted.
No photon emitted.
No photon emitted.
No photon emitted.
Photon emitted!
No photon emitted.
Sent data: 000000002ce00b46, last: 0
No photon emitted.
Photon emitted!
No photon emitted.
Sent data: 000000002d10e407, last: 0
No photon emitted.
No photon emitted.
Photon emitted!
No photon emitted.
Sent data: 000000002d50bc93, last: 0
No photon emitted.
No photon emitted.
No photon emitted.
No photon emitted.
No photon emitted.
Photon emitted!
No photon emitted.
Sent data: 000000002dc0f455, last: 0
No photon emitted.
No photon emitted.
No photon emitted.
No photon emitted.
No photon emitted.
No photon emitted.
No photon emitted.
No photon emitted.
No photon emitted.
No photon emitted.
No photon emitted.
No photon emitted.
No photon emitted.
No photon emitted.
No photon emitted.
No photon emitted.
No photon emitted.
No photon emitted.
No photon emitted.
No photon emitted.
No photon emitted.
Photon emitted!
No photon emitted.
Sent data: 000000002f305bb7, last: 0
No photon emitted.
No photon emitted.
No photon emitted.
No photon emitted.
No photon emitted.
No photon emitted.
No photon emitted.
No photon emitted.
No photon emitted.
No photon emitted.
No photon emitted.
No photon emitted.
No photon emitted.
No photon emitted.
No photon emitted.
No photon emitted.
No photon emitted.
No photon emitted.
No photon emitted.
No photon emitted.
No photon emitted.
No photon emitted.
No photon emitted.
No photon emitted.
No photon emitted.
No photon emitted.
No photon emitted.
No photon emitted.
No photon emitted.
No photon emitted.
No photon emitted.
No photon emitted.
No photon emitted.
Photon emitted!
No photon emitted.
Sent data: 0000000031607145, last: 0
No photon emitted.
No photon emitted.
No photon emitted.
No photon emitted.
No photon emitted.
No photon emitted.
Photon emitted!
No photon emitted.
Sent data: 0000000031e08a63, last: 0
No photon emitted.
No photon emitted.
No photon emitted.
No photon emitted.
No photon emitted.
No photon emitted.
No photon emitted.
No photon emitted.
No photon emitted.
No photon emitted.
No photon emitted.
Photon emitted!
No photon emitted.
Sent data: 0000000032b0e059, last: 0
No photon emitted.
No photon emitted.
No photon emitted.
No photon emitted.
No photon emitted.
Photon emitted!
No photon emitted.
Sent data: 000000003320ce26, last: 0
No photon emitted.
No photon emitted.
No photon emitted.
No photon emitted.
No photon emitted.
No photon emitted.
No photon emitted.
No photon emitted.
No photon emitted.
No photon emitted.
No photon emitted.
No photon emitted.
No photon emitted.
Photon emitted!
No photon emitted.
Sent data: 000000003410f668, last: 0
No photon emitted.
No photon emitted.
No photon emitted.
No photon emitted.
No photon emitted.
No photon emitted.
No photon emitted.
No photon emitted.
No photon emitted.
No photon emitted.
No photon emitted.
No photon emitted.
No photon emitted.
No photon emitted.
No photon emitted.
No photon emitted.
No photon emitted.
No photon emitted.
No photon emitted.
No photon emitted.
No photon emitted.
No photon emitted.
No photon emitted.
No photon emitted.
Photon emitted!
No photon emitted.
Sent data: 0000000035b0e41e, last: 0
Photon emitted!
No photon emitted.
Sent data: 0000000035d0f490, last: 0
No photon emitted.
No photon emitted.
No photon emitted.
No photon emitted.
No photon emitted.
No photon emitted.
No photon emitted.
No photon emitted.
No photon emitted.
No photon emitted.
No photon emitted.
No photon emitted.
No photon emitted.
No photon emitted.
No photon emitted.
No photon emitted.
No photon emitted.
No photon emitted.
No photon emitted.
No photon emitted.
No photon emitted.
No photon emitted.
No photon emitted.
No photon emitted.
No photon emitted.
No photon emitted.
No photon emitted.
No photon emitted.
No photon emitted.
No photon emitted.
No photon emitted.
No photon emitted.
No photon emitted.
No photon emitted.
Photon emitted!
No photon emitted.
Sent data: 000000003810255a, last: 0
No photon emitted.
No photon emitted.
No photon emitted.
No photon emitted.
No photon emitted.
No photon emitted.
No photon emitted.
No photon emitted.
No photon emitted.
No photon emitted.
No photon emitted.
No photon emitted.
No photon emitted.
No photon emitted.
No photon emitted.
No photon emitted.
No photon emitted.
No photon emitted.
No photon emitted.
No photon emitted.
No photon emitted.
Photon emitted!
No photon emitted.
Sent data: 000000003980051c, last: 0
No photon emitted.
No photon emitted.
No photon emitted.
No photon emitted.
No photon emitted.
No photon emitted.
No photon emitted.
No photon emitted.
No photon emitted.
No photon emitted.
No photon emitted.
No photon emitted.
No photon emitted.
No photon emitted.
No photon emitted.
Photon emitted!
No photon emitted.
Sent data: 000000003a9067b9, last: 0
No photon emitted.
No photon emitted.
No photon emitted.
No photon emitted.
No photon emitted.
No photon emitted.
No photon emitted.
No photon emitted.
No photon emitted.
No photon emitted.
No photon emitted.
No photon emitted.
No photon emitted.
No photon emitted.
No photon emitted.
No photon emitted.
No photon emitted.
No photon emitted.
No photon emitted.
Photon emitted!
No photon emitted.
Sent data: 000000003be01fab, last: 0
No photon emitted.
Photon emitted!
No photon emitted.
Sent data: 000000003c1059d0, last: 0
No photon emitted.
No photon emitted.
No photon emitted.
No photon emitted.
No photon emitted.
No photon emitted.
No photon emitted.
No photon emitted.
No photon emitted.
No photon emitted.
No photon emitted.
Photon emitted!
No photon emitted.
Sent data: 000000003ce0656f, last: 0
No photon emitted.
No photon emitted.
No photon emitted.
No photon emitted.
No photon emitted.
No photon emitted.
No photon emitted.
No photon emitted.
No photon emitted.
Photon emitted!
No photon emitted.
Sent data: 000000003d906dd8, last: 0
No photon emitted.
No photon emitted.
No photon emitted.
No photon emitted.
No photon emitted.
Photon emitted!
No photon emitted.
Sent data: 000000003e008845, last: 0
No photon emitted.
No photon emitted.
No photon emitted.
No photon emitted.
No photon emitted.
No photon emitted.
No photon emitted.
No photon emitted.
Photon emitted!
No photon emitted.
Sent data: 000000003ea0278d, last: 0
No photon emitted.
No photon emitted.
No photon emitted.
No photon emitted.
No photon emitted.
Photon emitted!
No photon emitted.
Sent data: 000000003f10238b, last: 0
No photon emitted.
Photon emitted!
No photon emitted.
Sent data: 000000003f4011fc, last: 0
No photon emitted.
No photon emitted.
No photon emitted.
No photon emitted.
No photon emitted.
No photon emitted.
No photon emitted.
No photon emitted.
No photon emitted.
No photon emitted.
No photon emitted.
No photon emitted.
No photon emitted.
No photon emitted.
Photon emitted!
No photon emitted.
Sent data: 0000000000401fdc, last: 0
No photon emitted.
Photon emitted!
No photon emitted.
Sent data: 0000000000708aa4, last: 0
No photon emitted.
No photon emitted.
No photon emitted.
Photon emitted!
No photon emitted.
Sent data: 0000000000c00d19, last: 0
No photon emitted.
No photon emitted.
Photon emitted!
Photon emitted!
Sent data: 00000000010033a5, last: 0
No photon emitted.
Sent data: 0000000001108e3e, last: 0
No photon emitted.
No photon emitted.
No photon emitted.
No photon emitted.
No photon emitted.
No photon emitted.
Photon emitted!
No photon emitted.
Sent data: 000000000190c0f3, last: 0
No photon emitted.
Photon emitted!
No photon emitted.
Sent data: 0000000001c0ac58, last: 0
No photon emitted.
No photon emitted.
No photon emitted.
No photon emitted.
No photon emitted.
No photon emitted.
No photon emitted.
No photon emitted.
No photon emitted.
No photon emitted.
No photon emitted.
No photon emitted.
Photon emitted!
No photon emitted.
Sent data: 0000000002a06bc4, last: 0
No photon emitted.
No photon emitted.
No photon emitted.
No photon emitted.
No photon emitted.
No photon emitted.
No photon emitted.
No photon emitted.
No photon emitted.
No photon emitted.
No photon emitted.
No photon emitted.
No photon emitted.
No photon emitted.
No photon emitted.
No photon emitted.
No photon emitted.
No photon emitted.
No photon emitted.
No photon emitted.
No photon emitted.
No photon emitted.
No photon emitted.
No photon emitted.
No photon emitted.
No photon emitted.
No photon emitted.
No photon emitted.
No photon emitted.
No photon emitted.
No photon emitted.
Photon emitted!
No photon emitted.
Sent data: 0000000004b0435c, last: 0
Photon emitted!
No photon emitted.
Sent data: 0000000004d04506, last: 0
No photon emitted.
No photon emitted.
Photon emitted!
No photon emitted.
Sent data: 000000000510d09a, last: 0
No photon emitted.
No photon emitted.
No photon emitted.
No photon emitted.
No photon emitted.
No photon emitted.
No photon emitted.
No photon emitted.
No photon emitted.
No photon emitted.
No photon emitted.
No photon emitted.
No photon emitted.
No photon emitted.
No photon emitted.
No photon emitted.
No photon emitted.
No photon emitted.
No photon emitted.
No photon emitted.
No photon emitted.
No photon emitted.
Photon emitted!
No photon emitted.
Sent data: 0000000006901918, last: 0
No photon emitted.
No photon emitted.
No photon emitted.
No photon emitted.
No photon emitted.
No photon emitted.
No photon emitted.
No photon emitted.
No photon emitted.
No photon emitted.
No photon emitted.
No photon emitted.
No photon emitted.
No photon emitted.
No photon emitted.
Photon emitted!
No photon emitted.
Sent data: 0000000007a0e6c5, last: 0
No photon emitted.
No photon emitted.
Photon emitted!
No photon emitted.
Sent data: 0000000007e051aa, last: 0
No photon emitted.
No photon emitted.
No photon emitted.
No photon emitted.
No photon emitted.
No photon emitted.
No photon emitted.
No photon emitted.
No photon emitted.
No photon emitted.
No photon emitted.
No photon emitted.
No photon emitted.
No photon emitted.
No photon emitted.
No photon emitted.
Photon emitted!
No photon emitted.
Sent data: 000000000900031a, last: 0
No photon emitted.
No photon emitted.
No photon emitted.
No photon emitted.
No photon emitted.
No photon emitted.
No photon emitted.
No photon emitted.
No photon emitted.
No photon emitted.
No photon emitted.
No photon emitted.
Photon emitted!
No photon emitted.
Sent data: 0000000009e055c3, last: 0
No photon emitted.
No photon emitted.
No photon emitted.
No photon emitted.
No photon emitted.
No photon emitted.
No photon emitted.
No photon emitted.
No photon emitted.
No photon emitted.
No photon emitted.
No photon emitted.
No photon emitted.
No photon emitted.
No photon emitted.
No photon emitted.
No photon emitted.
No photon emitted.
No photon emitted.
No photon emitted.
No photon emitted.
No photon emitted.
No photon emitted.
No photon emitted.
No photon emitted.
No photon emitted.
No photon emitted.
No photon emitted.
No photon emitted.
No photon emitted.
No photon emitted.
Photon emitted!
No photon emitted.
Sent data: 000000000bf069b2, last: 0
Photon emitted!
No photon emitted.
Sent data: 000000000c10630c, last: 0
Photon emitted!
Photon emitted!
Sent data: 000000000c308ee9, last: 0
No photon emitted.
No photon emitted.
Sent data: 000000000c407dc3, last: 0
Photon emitted!
No photon emitted.
Sent data: 000000000c7073eb, last: 0
No photon emitted.
No photon emitted.
No photon emitted.
Photon emitted!
No photon emitted.
Sent data: 000000000cc039f8, last: 0
Photon emitted!
No photon emitted.
Sent data: 000000000ce003f2, last: 0
No photon emitted.
No photon emitted.
No photon emitted.
No photon emitted.
No photon emitted.
No photon emitted.
No photon emitted.
No photon emitted.
Photon emitted!
No photon emitted.
Sent data: 000000000d802d89, last: 0
No photon emitted.
No photon emitted.
Photon emitted!
No photon emitted.
Sent data: 000000000dc0736f, last: 0
No photon emitted.
No photon emitted.
No photon emitted.
No photon emitted.
No photon emitted.
No photon emitted.
No photon emitted.
No photon emitted.
No photon emitted.
No photon emitted.
No photon emitted.
No photon emitted.
No photon emitted.
Photon emitted!
No photon emitted.
Sent data: 000000000eb04b1b, last: 0
No photon emitted.
No photon emitted.
No photon emitted.
No photon emitted.
No photon emitted.
No photon emitted.
No photon emitted.
No photon emitted.
Photon emitted!
No photon emitted.
Sent data: 000000000f50a8ad, last: 0
Photon emitted!
No photon emitted.
Sent data: 000000000f704168, last: 0
No photon emitted.
No photon emitted.
No photon emitted.
Photon emitted!
No photon emitted.
Sent data: 000000000fc09225, last: 0
No photon emitted.
No photon emitted.
No photon emitted.
No photon emitted.
No photon emitted.
No photon emitted.
No photon emitted.
No photon emitted.
No photon emitted.
No photon emitted.
No photon emitted.
No photon emitted.
No photon emitted.
No photon emitted.
No photon emitted.
Photon emitted!
No photon emitted.
Sent data: 0000000010d057cf, last: 0
No photon emitted.
No photon emitted.
No photon emitted.
No photon emitted.
No photon emitted.
No photon emitted.
No photon emitted.
No photon emitted.
No photon emitted.
No photon emitted.
No photon emitted.
No photon emitted.
No photon emitted.
No photon emitted.
No photon emitted.
No photon emitted.
No photon emitted.
Photon emitted!
No photon emitted.
Sent data: 0000000012000dab, last: 0
No photon emitted.
Photon emitted!
No photon emitted.
Sent data: 000000001230d21b, last: 0
Photon emitted!
No photon emitted.
Sent data: 000000001250be80, last: 0
No photon emitted.
No photon emitted.
No photon emitted.
No photon emitted.
No photon emitted.
Photon emitted!
No photon emitted.
Sent data: 0000000012c0595d, last: 0
No photon emitted.
No photon emitted.
No photon emitted.
No photon emitted.
Photon emitted!
No photon emitted.
Sent data: 0000000013207d82, last: 0
Photon emitted!
No photon emitted.
Sent data: 000000001340c204, last: 0
Photon emitted!
No photon emitted.
Sent data: 0000000013602557, last: 0
No photon emitted.
No photon emitted.
No photon emitted.
Photon emitted!
No photon emitted.
Sent data: 0000000013b00b36, last: 0
No photon emitted.
No photon emitted.
No photon emitted.
No photon emitted.
No photon emitted.
No photon emitted.
Photon emitted!
Photon emitted!
Sent data: 0000000014300332, last: 0
No photon emitted.
No photon emitted.
Sent data: 000000001440a879, last: 0
No photon emitted.
No photon emitted.
No photon emitted.
No photon emitted.
No photon emitted.
No photon emitted.
No photon emitted.
No photon emitted.
Photon emitted!
No photon emitted.
Sent data: 0000000014f0aee4, last: 0
No photon emitted.
No photon emitted.
No photon emitted.
No photon emitted.
No photon emitted.
No photon emitted.
No photon emitted.
No photon emitted.
No photon emitted.
No photon emitted.
No photon emitted.
No photon emitted.
No photon emitted.
No photon emitted.
No photon emitted.
Photon emitted!
No photon emitted.
Sent data: 000000001600ec16, last: 0
No photon emitted.
No photon emitted.
No photon emitted.
No photon emitted.
No photon emitted.
No photon emitted.
Photon emitted!
Photon emitted!
Sent data: 000000001680ecaa, last: 0
No photon emitted.
Sent data: 00000000169065c0, last: 0
No photon emitted.
No photon emitted.
No photon emitted.
No photon emitted.
No photon emitted.
No photon emitted.
No photon emitted.
No photon emitted.
No photon emitted.
No photon emitted.
No photon emitted.
No photon emitted.
No photon emitted.
No photon emitted.
No photon emitted.
No photon emitted.
No photon emitted.
No photon emitted.
No photon emitted.
No photon emitted.
No photon emitted.
No photon emitted.
Photon emitted!
No photon emitted.
Sent data: 000000001810882e, last: 0
No photon emitted.
Photon emitted!
No photon emitted.
Sent data: 000000001840378c, last: 0
No photon emitted.
No photon emitted.
No photon emitted.
No photon emitted.
No photon emitted.
No photon emitted.
No photon emitted.
No photon emitted.
No photon emitted.
No photon emitted.
No photon emitted.
No photon emitted.
No photon emitted.
Photon emitted!
No photon emitted.
Sent data: 000000001930c271, last: 0
No photon emitted.
No photon emitted.
No photon emitted.
No photon emitted.
No photon emitted.
No photon emitted.
No photon emitted.
No photon emitted.
No photon emitted.
No photon emitted.
No photon emitted.
No photon emitted.
No photon emitted.
No photon emitted.
No photon emitted.
Photon emitted!
No photon emitted.
Sent data: 000000001a400ffb, last: 0
No photon emitted.
No photon emitted.
No photon emitted.
No photon emitted.
No photon emitted.
No photon emitted.
No photon emitted.
Photon emitted!
No photon emitted.
Sent data: 000000001ad021bc, last: 0
No photon emitted.
No photon emitted.
No photon emitted.
No photon emitted.
No photon emitted.
No photon emitted.
No photon emitted.
No photon emitted.
No photon emitted.
No photon emitted.
Photon emitted!
Photon emitted!
Sent data: 000000001b90e8dc, last: 0
No photon emitted.
Sent data: 000000001ba05717, last: 0
No photon emitted.
No photon emitted.
Photon emitted!
No photon emitted.
Sent data: 000000001be084c1, last: 0
No photon emitted.
No photon emitted.
No photon emitted.
No photon emitted.
No photon emitted.
No photon emitted.
No photon emitted.
Photon emitted!
No photon emitted.
Sent data: 000000001c7021eb, last: 0
No photon emitted.
No photon emitted.
No photon emitted.
No photon emitted.
No photon emitted.
No photon emitted.
No photon emitted.
No photon emitted.
No photon emitted.
No photon emitted.
No photon emitted.
No photon emitted.
No photon emitted.
No photon emitted.
No photon emitted.
No photon emitted.
No photon emitted.
No photon emitted.
No photon emitted.
Photon emitted!
No photon emitted.
Sent data: 000000001dc03bb5, last: 0
Photon emitted!
No photon emitted.
Sent data: 000000001de0ae89, last: 0
No photon emitted.
No photon emitted.
No photon emitted.
No photon emitted.
No photon emitted.
No photon emitted.
No photon emitted.
No photon emitted.
No photon emitted.
No photon emitted.
No photon emitted.
Photon emitted!
No photon emitted.
Sent data: 000000001eb0e28f, last: 0
Photon emitted!
No photon emitted.
Sent data: 000000001ed0f6bf, last: 0
No photon emitted.
No photon emitted.
No photon emitted.
No photon emitted.
No photon emitted.
Photon emitted!
No photon emitted.
Sent data: 000000001f40aab0, last: 0
No photon emitted.
No photon emitted.
No photon emitted.
No photon emitted.
No photon emitted.
No photon emitted.
No photon emitted.
No photon emitted.
No photon emitted.
No photon emitted.
No photon emitted.
No photon emitted.
No photon emitted.
No photon emitted.
No photon emitted.
Photon emitted!
Photon emitted!
Sent data: 0000000020509ad3, last: 0
No photon emitted.
Sent data: 00000000206082d6, last: 0
No photon emitted.
No photon emitted.
No photon emitted.
Photon emitted!
No photon emitted.
Sent data: 0000000020b0cc82, last: 0
No photon emitted.
No photon emitted.
No photon emitted.
No photon emitted.
No photon emitted.
No photon emitted.
No photon emitted.
No photon emitted.
No photon emitted.
No photon emitted.
No photon emitted.
No photon emitted.
No photon emitted.
No photon emitted.
No photon emitted.
No photon emitted.
Photon emitted!
No photon emitted.
Sent data: 0000000021d0751a, last: 0
No photon emitted.
No photon emitted.
Photon emitted!
No photon emitted.
Sent data: 0000000022102771, last: 0
No photon emitted.
No photon emitted.
No photon emitted.
Photon emitted!
Photon emitted!
Sent data: 00000000226084d7, last: 0
No photon emitted.
No photon emitted.
Sent data: 0000000022708e0e, last: 0
No photon emitted.
No photon emitted.
No photon emitted.
No photon emitted.
Photon emitted!
No photon emitted.
Sent data: 0000000022e094f1, last: 0
No photon emitted.
No photon emitted.
No photon emitted.
No photon emitted.
No photon emitted.
No photon emitted.
No photon emitted.
No photon emitted.
No photon emitted.
No photon emitted.
No photon emitted.
No photon emitted.
No photon emitted.
No photon emitted.
No photon emitted.
No photon emitted.
No photon emitted.
No photon emitted.
No photon emitted.
No photon emitted.
No photon emitted.
No photon emitted.
No photon emitted.
No photon emitted.
No photon emitted.
No photon emitted.
No photon emitted.
No photon emitted.
Photon emitted!
No photon emitted.
Sent data: 0000000024c01dcd, last: 0
No photon emitted.
No photon emitted.
No photon emitted.
No photon emitted.
No photon emitted.
No photon emitted.
No photon emitted.
Photon emitted!
No photon emitted.
Sent data: 0000000025504305, last: 0
Photon emitted!
No photon emitted.
Sent data: 0000000025706b1c, last: 0
No photon emitted.
No photon emitted.
No photon emitted.
No photon emitted.
No photon emitted.
No photon emitted.
No photon emitted.
No photon emitted.
No photon emitted.
No photon emitted.
Photon emitted!
No photon emitted.
Sent data: 0000000026304798, last: 0
No photon emitted.
No photon emitted.
No photon emitted.
No photon emitted.
No photon emitted.
No photon emitted.
Photon emitted!
No photon emitted.
Sent data: 0000000026b088ec, last: 0
No photon emitted.
No photon emitted.
No photon emitted.
No photon emitted.
No photon emitted.
No photon emitted.
Photon emitted!
No photon emitted.
Sent data: 000000002730d62a, last: 0
No photon emitted.
No photon emitted.
No photon emitted.
No photon emitted.
No photon emitted.
No photon emitted.
No photon emitted.
No photon emitted.
Photon emitted!
No photon emitted.
Sent data: 0000000027d0ca65, last: 0
No photon emitted.
No photon emitted.
Photon emitted!
No photon emitted.
Sent data: 0000000028100537, last: 0
No photon emitted.
No photon emitted.
No photon emitted.
No photon emitted.
Photon emitted!
No photon emitted.
Sent data: 000000002870b603, last: 0
No photon emitted.
No photon emitted.
No photon emitted.
No photon emitted.
No photon emitted.
No photon emitted.
No photon emitted.
No photon emitted.
No photon emitted.
No photon emitted.
No photon emitted.
No photon emitted.
No photon emitted.
No photon emitted.
No photon emitted.
No photon emitted.
No photon emitted.
No photon emitted.
No photon emitted.
Photon emitted!
Photon emitted!
Sent data: 0000000029c09efe, last: 0
No photon emitted.
Sent data: 0000000029d0dcfd, last: 0
No photon emitted.
No photon emitted.
Photon emitted!
No photon emitted.
Sent data: 000000002a108e3e, last: 0
No photon emitted.
No photon emitted.
No photon emitted.
No photon emitted.
No photon emitted.
No photon emitted.
No photon emitted.
No photon emitted.
No photon emitted.
No photon emitted.
No photon emitted.
No photon emitted.
No photon emitted.
No photon emitted.
No photon emitted.
No photon emitted.
No photon emitted.
No photon emitted.
No photon emitted.
No photon emitted.
No photon emitted.
No photon emitted.
No photon emitted.
No photon emitted.
No photon emitted.
Photon emitted!
No photon emitted.
Sent data: 000000002bc0b4e8, last: 0
No photon emitted.
No photon emitted.
No photon emitted.
No photon emitted.
No photon emitted.
Photon emitted!
No photon emitted.
Sent data: 000000002c30b874, last: 0
No photon emitted.
No photon emitted.
No photon emitted.
No photon emitted.
No photon emitted.
No photon emitted.
No photon emitted.
No photon emitted.
No photon emitted.
No photon emitted.
No photon emitted.
No photon emitted.
Photon emitted!
No photon emitted.
Sent data: 000000002d1009b0, last: 0
No photon emitted.
No photon emitted.
No photon emitted.
No photon emitted.
No photon emitted.
No photon emitted.
No photon emitted.
No photon emitted.
No photon emitted.
No photon emitted.
No photon emitted.
No photon emitted.
No photon emitted.
No photon emitted.
No photon emitted.
Photon emitted!
No photon emitted.
Sent data: 000000002e20dc06, last: 0
No photon emitted.
No photon emitted.
No photon emitted.
No photon emitted.
No photon emitted.
No photon emitted.
No photon emitted.
No photon emitted.
No photon emitted.
No photon emitted.
No photon emitted.
No photon emitted.
No photon emitted.
No photon emitted.
No photon emitted.
No photon emitted.
No photon emitted.
No photon emitted.
Photon emitted!
No photon emitted.
Sent data: 000000002f604d12, last: 0
No photon emitted.
No photon emitted.
No photon emitted.
No photon emitted.
No photon emitted.
No photon emitted.
No photon emitted.
Photon emitted!
No photon emitted.
Sent data: 000000002ff0fc68, last: 0
No photon emitted.
No photon emitted.
No photon emitted.
No photon emitted.
No photon emitted.
No photon emitted.
No photon emitted.
No photon emitted.
No photon emitted.
No photon emitted.
Photon emitted!
No photon emitted.
Sent data: 0000000030b080c5, last: 0
No photon emitted.
No photon emitted.
No photon emitted.
No photon emitted.
No photon emitted.
No photon emitted.
No photon emitted.
Photon emitted!
No photon emitted.
Sent data: 000000003140aefe, last: 0
No photon emitted.
No photon emitted.
No photon emitted.
No photon emitted.
No photon emitted.
No photon emitted.
No photon emitted.
No photon emitted.
No photon emitted.
No photon emitted.
No photon emitted.
No photon emitted.
No photon emitted.
No photon emitted.
No photon emitted.
No photon emitted.
No photon emitted.
No photon emitted.
No photon emitted.
No photon emitted.
No photon emitted.
No photon emitted.
No photon emitted.
Photon emitted!
No photon emitted.
Sent data: 0000000032d00d36, last: 0
Photon emitted!
No photon emitted.
Sent data: 0000000032f009f3, last: 0
No photon emitted.
Photon emitted!
No photon emitted.
Sent data: 0000000033202bfb, last: 0
No photon emitted.
No photon emitted.
No photon emitted.
No photon emitted.
No photon emitted.
No photon emitted.
Photon emitted!
No photon emitted.
Sent data: 0000000033a0fc6b, last: 0
No photon emitted.
No photon emitted.
No photon emitted.
No photon emitted.
No photon emitted.
No photon emitted.
No photon emitted.
No photon emitted.
No photon emitted.
No photon emitted.
No photon emitted.
No photon emitted.
No photon emitted.
No photon emitted.
No photon emitted.
No photon emitted.
No photon emitted.
No photon emitted.
No photon emitted.
No photon emitted.
No photon emitted.
No photon emitted.
No photon emitted.
No photon emitted.
No photon emitted.
No photon emitted.
No photon emitted.
No photon emitted.
No photon emitted.
No photon emitted.
No photon emitted.
No photon emitted.
No photon emitted.
No photon emitted.
No photon emitted.
No photon emitted.
No photon emitted.
No photon emitted.
No photon emitted.
No photon emitted.
Photon emitted!
No photon emitted.
Sent data: 0000000036403f17, last: 0
No photon emitted.
No photon emitted.
No photon emitted.
Photon emitted!
No photon emitted.
Sent data: 000000003690b60f, last: 0
No photon emitted.
No photon emitted.
No photon emitted.
No photon emitted.
Photon emitted!
No photon emitted.
Sent data: 0000000036f0b614, last: 0
No photon emitted.
No photon emitted.
No photon emitted.
No photon emitted.
No photon emitted.
No photon emitted.
No photon emitted.
No photon emitted.
No photon emitted.
No photon emitted.
No photon emitted.
No photon emitted.
No photon emitted.
No photon emitted.
No photon emitted.
Photon emitted!
No photon emitted.
Sent data: 000000003800052a, last: 0
No photon emitted.
No photon emitted.
No photon emitted.
No photon emitted.
No photon emitted.
No photon emitted.
No photon emitted.
No photon emitted.
No photon emitted.
No photon emitted.
No photon emitted.
No photon emitted.
No photon emitted.
No photon emitted.
Photon emitted!
No photon emitted.
Sent data: 000000003900eea6, last: 0
No photon emitted.
No photon emitted.
No photon emitted.
No photon emitted.
No photon emitted.
No photon emitted.
No photon emitted.
No photon emitted.
No photon emitted.
No photon emitted.
Photon emitted!
No photon emitted.
Sent data: 0000000039c0a6d4, last: 0
No photon emitted.
No photon emitted.
No photon emitted.
No photon emitted.
No photon emitted.
No photon emitted.
No photon emitted.
No photon emitted.
No photon emitted.
No photon emitted.
No photon emitted.
No photon emitted.
No photon emitted.
No photon emitted.
Photon emitted!
No photon emitted.
Sent data: 000000003ac090cb, last: 0
No photon emitted.
No photon emitted.
No photon emitted.
No photon emitted.
No photon emitted.
No photon emitted.
No photon emitted.
Photon emitted!
Photon emitted!
Sent data: 000000003b50c26b, last: 0
No photon emitted.
Sent data: 000000003b606b04, last: 0
No photon emitted.
No photon emitted.
No photon emitted.
No photon emitted.
No photon emitted.
No photon emitted.
No photon emitted.
No photon emitted.
No photon emitted.
Photon emitted!
No photon emitted.
Sent data: 000000003c10b2f4, last: 0
No photon emitted.
No photon emitted.
No photon emitted.
No photon emitted.
No photon emitted.
No photon emitted.
No photon emitted.
No photon emitted.
No photon emitted.
No photon emitted.
No photon emitted.
No photon emitted.
No photon emitted.
No photon emitted.
No photon emitted.
No photon emitted.
No photon emitted.
No photon emitted.
No photon emitted.
No photon emitted.
No photon emitted.
No photon emitted.
No photon emitted.
No photon emitted.
Photon emitted!
No photon emitted.
Sent data: 000000003db0618d, last: 0
No photon emitted.
No photon emitted.
No photon emitted.
No photon emitted.
No photon emitted.
No photon emitted.
No photon emitted.
No photon emitted.
No photon emitted.
No photon emitted.
No photon emitted.
No photon emitted.
No photon emitted.
No photon emitted.
No photon emitted.
No photon emitted.
No photon emitted.
No photon emitted.
No photon emitted.
Photon emitted!
No photon emitted.
Sent data: 000000003f00f0e1, last: 0
No photon emitted.
No photon emitted.
No photon emitted.
No photon emitted.
No photon emitted.
No photon emitted.
No photon emitted.
No photon emitted.
No photon emitted.
No photon emitted.
No photon emitted.
Photon emitted!
No photon emitted.
Sent data: 000000003fd03d85, last: 0
No photon emitted.
No photon emitted.
Photon emitted!
No photon emitted.
Sent data: 000000000010f4b9, last: 0
No photon emitted.
No photon emitted.
No photon emitted.
Photon emitted!
No photon emitted.
Sent data: 00000000006096c9, last: 0
No photon emitted.
No photon emitted.
No photon emitted.
No photon emitted.
No photon emitted.
No photon emitted.
Photon emitted!
Photon emitted!
Sent data: 0000000000e08e60, last: 0
No photon emitted.
No photon emitted.
Sent data: 0000000000f0b246, last: 0
No photon emitted.
No photon emitted.
No photon emitted.
No photon emitted.
No photon emitted.
No photon emitted.
Photon emitted!
No photon emitted.
Sent data: 0000000001804b3c, last: 0
No photon emitted.
No photon emitted.
No photon emitted.
No photon emitted.
No photon emitted.
Photon emitted!
No photon emitted.
Sent data: 0000000001f05f37, last: 0
No photon emitted.
No photon emitted.
No photon emitted.
No photon emitted.
No photon emitted.
No photon emitted.
No photon emitted.
No photon emitted.
No photon emitted.
No photon emitted.
No photon emitted.
No photon emitted.
No photon emitted.
Photon emitted!
No photon emitted.
Sent data: 0000000002e05558, last: 0
No photon emitted.
No photon emitted.
No photon emitted.
No photon emitted.
No photon emitted.
No photon emitted.
No photon emitted.
No photon emitted.
No photon emitted.
No photon emitted.
No photon emitted.
No photon emitted.
No photon emitted.
No photon emitted.
No photon emitted.
No photon emitted.
No photon emitted.
No photon emitted.
No photon emitted.
No photon emitted.
No photon emitted.
No photon emitted.
Photon emitted!
No photon emitted.
Sent data: 0000000004605773, last: 0
No photon emitted.
No photon emitted.
No photon emitted.
No photon emitted.
No photon emitted.
No photon emitted.
No photon emitted.
No photon emitted.
No photon emitted.
No photon emitted.
No photon emitted.
No photon emitted.
No photon emitted.
No photon emitted.
Photon emitted!
No photon emitted.
Sent data: 000000000560d20e, last: 0
No photon emitted.
Photon emitted!
No photon emitted.
Sent data: 00000000059023dc, last: 0
No photon emitted.
No photon emitted.
No photon emitted.
No photon emitted.
No photon emitted.
Photon emitted!
No photon emitted.
Sent data: 0000000006004330, last: 0
No photon emitted.
No photon emitted.
No photon emitted.
No photon emitted.
No photon emitted.
No photon emitted.
No photon emitted.
Photon emitted!
Photon emitted!
Sent data: 00000000069075d0, last: 0
No photon emitted.
Sent data: 0000000006a06500, last: 0
No photon emitted.
Photon emitted!
No photon emitted.
Sent data: 0000000006d00f43, last: 0
No photon emitted.
No photon emitted.
No photon emitted.
Photon emitted!
No photon emitted.
Sent data: 00000000072011f8, last: 0
No photon emitted.
Photon emitted!
No photon emitted.
Sent data: 0000000007509aa1, last: 0
No photon emitted.
No photon emitted.
No photon emitted.
No photon emitted.
Photon emitted!
No photon emitted.
Sent data: 0000000007b01f53, last: 0
No photon emitted.
No photon emitted.
No photon emitted.
No photon emitted.
No photon emitted.
No photon emitted.
No photon emitted.
No photon emitted.
No photon emitted.
No photon emitted.
No photon emitted.
No photon emitted.
No photon emitted.
No photon emitted.
No photon emitted.
No photon emitted.
No photon emitted.
No photon emitted.
Photon emitted!
No photon emitted.
Sent data: 0000000008f00f98, last: 0
No photon emitted.
No photon emitted.
No photon emitted.
No photon emitted.
No photon emitted.
No photon emitted.
No photon emitted.
No photon emitted.
No photon emitted.
No photon emitted.
No photon emitted.
No photon emitted.
No photon emitted.
No photon emitted.
Photon emitted!
No photon emitted.
Sent data: 0000000009f03d5f, last: 0
No photon emitted.
No photon emitted.
Photon emitted!
No photon emitted.
Sent data: 000000000a309287, last: 0
No photon emitted.
No photon emitted.
No photon emitted.
No photon emitted.
Photon emitted!
Photon emitted!
Sent data: 000000000a90dafa, last: 0
No photon emitted.
Sent data: 000000000aa0512d, last: 0
No photon emitted.
Photon emitted!
No photon emitted.
Sent data: 000000000ad08270, last: 0
Photon emitted!
Photon emitted!
Sent data: 000000000af0e86b, last: 0
Photon emitted!
No photon emitted.
Sent data: 000000000b00b831, last: 0
No photon emitted.
Sent data: 000000000b10c012, last: 0
No photon emitted.
No photon emitted.
No photon emitted.
No photon emitted.
No photon emitted.
No photon emitted.
No photon emitted.
No photon emitted.
No photon emitted.
No photon emitted.
No photon emitted.
No photon emitted.
No photon emitted.
No photon emitted.
No photon emitted.
No photon emitted.
No photon emitted.
No photon emitted.
No photon emitted.
No photon emitted.
No photon emitted.
No photon emitted.
No photon emitted.
No photon emitted.
No photon emitted.
No photon emitted.
No photon emitted.
No photon emitted.
No photon emitted.
No photon emitted.
No photon emitted.
No photon emitted.
No photon emitted.
No photon emitted.
No photon emitted.
No photon emitted.
No photon emitted.
No photon emitted.
No photon emitted.
No photon emitted.
No photon emitted.
No photon emitted.
No photon emitted.
No photon emitted.
No photon emitted.
No photon emitted.
No photon emitted.
No photon emitted.
No photon emitted.
No photon emitted.
No photon emitted.
No photon emitted.
No photon emitted.
No photon emitted.
No photon emitted.
No photon emitted.
No photon emitted.
No photon emitted.
No photon emitted.
Photon emitted!
No photon emitted.
Sent data: 000000000ef05f0c, last: 0
No photon emitted.
Photon emitted!
No photon emitted.
Sent data: 000000000f206b0d, last: 0
No photon emitted.
No photon emitted.
No photon emitted.
No photon emitted.
No photon emitted.
No photon emitted.
No photon emitted.
No photon emitted.
No photon emitted.
No photon emitted.
No photon emitted.
No photon emitted.
No photon emitted.
No photon emitted.
No photon emitted.
No photon emitted.
No photon emitted.
Photon emitted!
No photon emitted.
Sent data: 0000000010501315, last: 0
No photon emitted.
No photon emitted.
No photon emitted.
No photon emitted.
No photon emitted.
No photon emitted.
No photon emitted.
No photon emitted.
Photon emitted!
No photon emitted.
Sent data: 0000000010f00740, last: 0
Photon emitted!
No photon emitted.
Sent data: 0000000011100d94, last: 0
No photon emitted.
No photon emitted.
No photon emitted.
No photon emitted.
No photon emitted.
No photon emitted.
No photon emitted.
No photon emitted.
Photon emitted!
No photon emitted.
Sent data: 0000000011b02354, last: 0
No photon emitted.
No photon emitted.
No photon emitted.
No photon emitted.
No photon emitted.
No photon emitted.
No photon emitted.
No photon emitted.
No photon emitted.
No photon emitted.
Photon emitted!
No photon emitted.
Sent data: 0000000012708280, last: 0
No photon emitted.
No photon emitted.
No photon emitted.
No photon emitted.
Photon emitted!
No photon emitted.
Sent data: 0000000012d01513, last: 0
No photon emitted.
No photon emitted.
Photon emitted!
No photon emitted.
Sent data: 00000000131086c3, last: 0
No photon emitted.
No photon emitted.
No photon emitted.
No photon emitted.
No photon emitted.
No photon emitted.
No photon emitted.
No photon emitted.
No photon emitted.
Photon emitted!
No photon emitted.
Sent data: 0000000013c0deed, last: 0
No photon emitted.
No photon emitted.
No photon emitted.
No photon emitted.
No photon emitted.
No photon emitted.
Photon emitted!
No photon emitted.
Sent data: 000000001440e6dc, last: 0
Photon emitted!
No photon emitted.
Sent data: 0000000014609078, last: 0
No photon emitted.
No photon emitted.
No photon emitted.
No photon emitted.
No photon emitted.
No photon emitted.
No photon emitted.
No photon emitted.
No photon emitted.
No photon emitted.
No photon emitted.
No photon emitted.
No photon emitted.
No photon emitted.
No photon emitted.
Photon emitted!
No photon emitted.
Sent data: 0000000015700d27, last: 0
No photon emitted.
No photon emitted.
No photon emitted.
No photon emitted.
No photon emitted.
No photon emitted.
No photon emitted.
No photon emitted.
No photon emitted.
No photon emitted.
No photon emitted.
Photon emitted!
No photon emitted.
Sent data: 000000001640a65f, last: 0
Photon emitted!
No photon emitted.
Sent data: 0000000016605b23, last: 0
No photon emitted.
No photon emitted.
No photon emitted.
No photon emitted.
No photon emitted.
No photon emitted.
No photon emitted.
No photon emitted.
Photon emitted!
No photon emitted.
Sent data: 0000000017006bab, last: 0
No photon emitted.
No photon emitted.
No photon emitted.
No photon emitted.
No photon emitted.
No photon emitted.
No photon emitted.
Photon emitted!
No photon emitted.
Sent data: 0000000017901738, last: 0
No photon emitted.
Photon emitted!
No photon emitted.
Sent data: 0000000017c04d22, last: 0
No photon emitted.
No photon emitted.
No photon emitted.
No photon emitted.
No photon emitted.
Photon emitted!
Photon emitted!
Sent data: 0000000018303dc9, last: 1
No photon emitted.
No photon emitted.
Sent data: 000000001840ccc7, last: 0
No photon emitted.
No photon emitted.
No photon emitted.
No photon emitted.
No photon emitted.
No photon emitted.
No photon emitted.
No photon emitted.
No photon emitted.
No photon emitted.
No photon emitted.
No photon emitted.
No photon emitted.
No photon emitted.
No photon emitted.
No photon emitted.
No photon emitted.
No photon emitted.
No photon emitted.
No photon emitted.
Photon emitted!
No photon emitted.
Sent data: 0000000019b0e282, last: 0
Photon emitted!
No photon emitted.
Sent data: 0000000019d057ce, last: 0
No photon emitted.
No photon emitted.
No photon emitted.
No photon emitted.
No photon emitted.
Photon emitted!
No photon emitted.
Sent data: 000000001a40a2c7, last: 0
No photon emitted.
No photon emitted.
No photon emitted.
No photon emitted.
No photon emitted.
No photon emitted.
No photon emitted.
No photon emitted.
No photon emitted.
No photon emitted.
No photon emitted.
Photon emitted!
No photon emitted.
Sent data: 000000001b10a424, last: 0
No photon emitted.
No photon emitted.
No photon emitted.
No photon emitted.
No photon emitted.
No photon emitted.
No photon emitted.
No photon emitted.
No photon emitted.
No photon emitted.
No photon emitted.
Photon emitted!
Photon emitted!
Sent data: 000000001be06fdb, last: 0
No photon emitted.
No photon emitted.
Sent data: 000000001bf09408, last: 0
Photon emitted!
No photon emitted.
Sent data: 000000001c206f75, last: 0
No photon emitted.
No photon emitted.
No photon emitted.
No photon emitted.
No photon emitted.
No photon emitted.
No photon emitted.
No photon emitted.
No photon emitted.
No photon emitted.
No photon emitted.
No photon emitted.
No photon emitted.
No photon emitted.
No photon emitted.
No photon emitted.
No photon emitted.
No photon emitted.
No photon emitted.
No photon emitted.
No photon emitted.
No photon emitted.
No photon emitted.
No photon emitted.
No photon emitted.
No photon emitted.
Photon emitted!
No photon emitted.
Sent data: 000000001de01db5, last: 0
No photon emitted.
No photon emitted.
No photon emitted.
No photon emitted.
No photon emitted.
No photon emitted.
No photon emitted.
No photon emitted.
No photon emitted.
No photon emitted.
No photon emitted.
Photon emitted!
No photon emitted.
Sent data: 000000001eb0f21a, last: 0
No photon emitted.
No photon emitted.
Photon emitted!
No photon emitted.
Sent data: 000000001ef01338, last: 0
No photon emitted.
No photon emitted.
No photon emitted.
No photon emitted.
No photon emitted.
No photon emitted.
No photon emitted.
No photon emitted.
No photon emitted.
No photon emitted.
No photon emitted.
No photon emitted.
No photon emitted.
Photon emitted!
No photon emitted.
Sent data: 000000001fe0ba82, last: 0
No photon emitted.
No photon emitted.
No photon emitted.
No photon emitted.
No photon emitted.
No photon emitted.
No photon emitted.
No photon emitted.
No photon emitted.
No photon emitted.
No photon emitted.
No photon emitted.
No photon emitted.
No photon emitted.
No photon emitted.
No photon emitted.
No photon emitted.
No photon emitted.
No photon emitted.
No photon emitted.
No photon emitted.
No photon emitted.
No photon emitted.
No photon emitted.
Photon emitted!
No photon emitted.
Sent data: 000000002180a058, last: 0
No photon emitted.
No photon emitted.
No photon emitted.
No photon emitted.
No photon emitted.
No photon emitted.
No photon emitted.
No photon emitted.
Photon emitted!
No photon emitted.
Sent data: 000000002220ea50, last: 0
No photon emitted.
Photon emitted!
No photon emitted.
Sent data: 0000000022509aa3, last: 0
No photon emitted.
No photon emitted.
No photon emitted.
No photon emitted.
No photon emitted.
No photon emitted.
No photon emitted.
No photon emitted.
No photon emitted.
No photon emitted.
No photon emitted.
No photon emitted.
No photon emitted.
No photon emitted.
No photon emitted.
No photon emitted.
No photon emitted.
No photon emitted.
No photon emitted.
No photon emitted.
Photon emitted!
No photon emitted.
Sent data: 0000000023b063a4, last: 0
No photon emitted.
Photon emitted!
No photon emitted.
Sent data: 0000000023e05f65, last: 0
No photon emitted.
No photon emitted.
No photon emitted.
No photon emitted.
No photon emitted.
No photon emitted.
No photon emitted.
Photon emitted!
No photon emitted.
Sent data: 00000000247017ea, last: 0
No photon emitted.
No photon emitted.
No photon emitted.
No photon emitted.
No photon emitted.
No photon emitted.
No photon emitted.
No photon emitted.
No photon emitted.
No photon emitted.
No photon emitted.
No photon emitted.
No photon emitted.
Photon emitted!
No photon emitted.
Sent data: 0000000025603906, last: 0
No photon emitted.
No photon emitted.
No photon emitted.
No photon emitted.
No photon emitted.
No photon emitted.
Photon emitted!
No photon emitted.
Sent data: 0000000025e08054, last: 0
No photon emitted.
No photon emitted.
No photon emitted.
No photon emitted.
No photon emitted.
No photon emitted.
No photon emitted.
Photon emitted!
No photon emitted.
Sent data: 000000002670c05b, last: 0
No photon emitted.
No photon emitted.
No photon emitted.
No photon emitted.
No photon emitted.
No photon emitted.
No photon emitted.
No photon emitted.
No photon emitted.
No photon emitted.
No photon emitted.
No photon emitted.
No photon emitted.
No photon emitted.
No photon emitted.
No photon emitted.
No photon emitted.
No photon emitted.
No photon emitted.
No photon emitted.
No photon emitted.
No photon emitted.
No photon emitted.
No photon emitted.
No photon emitted.
No photon emitted.
No photon emitted.
No photon emitted.
No photon emitted.
No photon emitted.
No photon emitted.
No photon emitted.
No photon emitted.
Photon emitted!
No photon emitted.
Sent data: 0000000028a0f0c8, last: 0
No photon emitted.
No photon emitted.
No photon emitted.
No photon emitted.
No photon emitted.
No photon emitted.
No photon emitted.
No photon emitted.
No photon emitted.
No photon emitted.
No photon emitted.
No photon emitted.
No photon emitted.
No photon emitted.
No photon emitted.
No photon emitted.
No photon emitted.
Photon emitted!
No photon emitted.
Sent data: 0000000029d03948, last: 0
No photon emitted.
No photon emitted.
No photon emitted.
No photon emitted.
No photon emitted.
No photon emitted.
No photon emitted.
No photon emitted.
No photon emitted.
No photon emitted.
No photon emitted.
No photon emitted.
No photon emitted.
No photon emitted.
Photon emitted!
Photon emitted!
Sent data: 000000002ad0f237, last: 0
No photon emitted.
Sent data: 000000002ae073f8, last: 0
No photon emitted.
No photon emitted.
No photon emitted.
No photon emitted.
No photon emitted.
No photon emitted.
No photon emitted.
No photon emitted.
No photon emitted.
No photon emitted.
No photon emitted.
No photon emitted.
No photon emitted.
Photon emitted!
No photon emitted.
Sent data: 000000002bd0b2b5, last: 0
Photon emitted!
No photon emitted.
Sent data: 000000002bf02951, last: 0
No photon emitted.
No photon emitted.
No photon emitted.
No photon emitted.
No photon emitted.
No photon emitted.
Photon emitted!
No photon emitted.
Sent data: 000000002c705583, last: 0
Photon emitted!
No photon emitted.
Sent data: 000000002c90639b, last: 0
Photon emitted!
No photon emitted.
Sent data: 000000002cb05d35, last: 0
No photon emitted.
No photon emitted.
No photon emitted.
No photon emitted.
No photon emitted.
No photon emitted.
No photon emitted.
No photon emitted.
No photon emitted.
No photon emitted.
No photon emitted.
No photon emitted.
No photon emitted.
No photon emitted.
No photon emitted.
No photon emitted.
No photon emitted.
No photon emitted.
No photon emitted.
No photon emitted.
No photon emitted.
No photon emitted.
No photon emitted.
No photon emitted.
No photon emitted.
Photon emitted!
No photon emitted.
Sent data: 000000002e6053b0, last: 0
No photon emitted.
No photon emitted.
No photon emitted.
No photon emitted.
No photon emitted.
No photon emitted.
No photon emitted.
No photon emitted.
No photon emitted.
No photon emitted.
No photon emitted.
No photon emitted.
No photon emitted.
No photon emitted.
No photon emitted.
No photon emitted.
No photon emitted.
No photon emitted.
No photon emitted.
No photon emitted.
No photon emitted.
No photon emitted.
No photon emitted.
No photon emitted.
No photon emitted.
No photon emitted.
No photon emitted.
No photon emitted.
No photon emitted.
No photon emitted.
No photon emitted.
No photon emitted.
No photon emitted.
Photon emitted!
No photon emitted.
Sent data: 00000000309082fb, last: 0
No photon emitted.
No photon emitted.
No photon emitted.
Photon emitted!
No photon emitted.
Sent data: 0000000030e03b4f, last: 0
No photon emitted.
No photon emitted.
No photon emitted.
No photon emitted.
No photon emitted.
No photon emitted.
No photon emitted.
No photon emitted.
No photon emitted.
No photon emitted.
No photon emitted.
No photon emitted.
No photon emitted.
No photon emitted.
No photon emitted.
No photon emitted.
No photon emitted.
No photon emitted.
No photon emitted.
No photon emitted.
No photon emitted.
No photon emitted.
No photon emitted.
No photon emitted.
Photon emitted!
No photon emitted.
Sent data: 000000003280a630, last: 0
No photon emitted.
No photon emitted.
No photon emitted.
No photon emitted.
No photon emitted.
No photon emitted.
No photon emitted.
No photon emitted.
Photon emitted!
No photon emitted.
Sent data: 000000003320c418, last: 0
No photon emitted.
No photon emitted.
No photon emitted.
No photon emitted.
Photon emitted!
No photon emitted.
Sent data: 00000000338098dd, last: 0
No photon emitted.
No photon emitted.
No photon emitted.
No photon emitted.
No photon emitted.
No photon emitted.
No photon emitted.
No photon emitted.
No photon emitted.
No photon emitted.
No photon emitted.
No photon emitted.
No photon emitted.
No photon emitted.
No photon emitted.
No photon emitted.
No photon emitted.
No photon emitted.
No photon emitted.
Photon emitted!
No photon emitted.
Sent data: 0000000034d0e846, last: 0
No photon emitted.
No photon emitted.
No photon emitted.
No photon emitted.
No photon emitted.
No photon emitted.
Photon emitted!
No photon emitted.
Sent data: 0000000035500f61, last: 0
Photon emitted!
No photon emitted.
Sent data: 000000003570c859, last: 0
No photon emitted.
No photon emitted.
No photon emitted.
No photon emitted.
No photon emitted.
No photon emitted.
No photon emitted.
No photon emitted.
No photon emitted.
No photon emitted.
No photon emitted.
Photon emitted!
No photon emitted.
Sent data: 0000000036407355, last: 0
No photon emitted.
No photon emitted.
No photon emitted.
No photon emitted.
No photon emitted.
No photon emitted.
Photon emitted!
No photon emitted.
Sent data: 0000000036c0172f, last: 0
No photon emitted.
No photon emitted.
No photon emitted.
No photon emitted.
No photon emitted.
No photon emitted.
No photon emitted.
Photon emitted!
No photon emitted.
Sent data: 000000003750d00b, last: 0
No photon emitted.
No photon emitted.
No photon emitted.
No photon emitted.
No photon emitted.
No photon emitted.
No photon emitted.
No photon emitted.
No photon emitted.
No photon emitted.
Photon emitted!
No photon emitted.
Sent data: 000000003810eade, last: 0
No photon emitted.
No photon emitted.
No photon emitted.
No photon emitted.
No photon emitted.
No photon emitted.
No photon emitted.
No photon emitted.
No photon emitted.
No photon emitted.
Photon emitted!
No photon emitted.
Sent data: 0000000038d0acd3, last: 0
No photon emitted.
No photon emitted.
No photon emitted.
No photon emitted.
No photon emitted.
No photon emitted.
No photon emitted.
No photon emitted.
No photon emitted.
No photon emitted.
No photon emitted.
No photon emitted.
No photon emitted.
No photon emitted.
No photon emitted.
No photon emitted.
No photon emitted.
No photon emitted.
No photon emitted.
No photon emitted.
No photon emitted.
No photon emitted.
Photon emitted!
No photon emitted.
Sent data: 000000003a503128, last: 0
No photon emitted.
No photon emitted.
No photon emitted.
No photon emitted.
No photon emitted.
No photon emitted.
Photon emitted!
No photon emitted.
Sent data: 000000003ad069e9, last: 0
No photon emitted.
No photon emitted.
No photon emitted.
No photon emitted.
No photon emitted.
No photon emitted.
No photon emitted.
No photon emitted.
No photon emitted.
No photon emitted.
No photon emitted.
Photon emitted!
Photon emitted!
Sent data: 000000003ba07958, last: 0
No photon emitted.
No photon emitted.
Sent data: 000000003bb021d5, last: 0
Photon emitted!
No photon emitted.
Sent data: 000000003be065c3, last: 0
Photon emitted!
Photon emitted!
Sent data: 000000003c0013d4, last: 0
No photon emitted.
Sent data: 000000003c107da4, last: 0
No photon emitted.
No photon emitted.
No photon emitted.
No photon emitted.
No photon emitted.
No photon emitted.
No photon emitted.
No photon emitted.
No photon emitted.
No photon emitted.
No photon emitted.
No photon emitted.
No photon emitted.
No photon emitted.
No photon emitted.
No photon emitted.
No photon emitted.
No photon emitted.
No photon emitted.
No photon emitted.
No photon emitted.
No photon emitted.
No photon emitted.
No photon emitted.
No photon emitted.
No photon emitted.
No photon emitted.
No photon emitted.
No photon emitted.
No photon emitted.
No photon emitted.
No photon emitted.
No photon emitted.
No photon emitted.
No photon emitted.
No photon emitted.
No photon emitted.
No photon emitted.
No photon emitted.
No photon emitted.
No photon emitted.
No photon emitted.
No photon emitted.
No photon emitted.
No photon emitted.
No photon emitted.
No photon emitted.
No photon emitted.
No photon emitted.
Photon emitted!
No photon emitted.
Sent data: 000000003f406f7e, last: 0
No photon emitted.
No photon emitted.
No photon emitted.
No photon emitted.
No photon emitted.
Photon emitted!
No photon emitted.
Sent data: 000000003fb01dd6, last: 0
No photon emitted.
No photon emitted.
Photon emitted!
No photon emitted.
Sent data: 000000003ff0c80f, last: 0
No photon emitted.
No photon emitted.
No photon emitted.
No photon emitted.
No photon emitted.
Photon emitted!
No photon emitted.
Sent data: 000000000060c483, last: 0
No photon emitted.
No photon emitted.
No photon emitted.
Photon emitted!
No photon emitted.
Sent data: 0000000000b06fa0, last: 0
No photon emitted.
No photon emitted.
No photon emitted.
No photon emitted.
No photon emitted.
No photon emitted.
No photon emitted.
No photon emitted.
No photon emitted.
No photon emitted.
No photon emitted.
No photon emitted.
No photon emitted.
No photon emitted.
No photon emitted.
Photon emitted!
No photon emitted.
Sent data: 0000000001c08482, last: 0
Photon emitted!
No photon emitted.
Sent data: 0000000001e04bbf, last: 0
No photon emitted.
No photon emitted.
No photon emitted.
No photon emitted.
No photon emitted.
No photon emitted.
No photon emitted.
No photon emitted.
No photon emitted.
No photon emitted.
No photon emitted.
No photon emitted.
No photon emitted.
No photon emitted.
No photon emitted.
No photon emitted.
No photon emitted.
No photon emitted.
No photon emitted.
No photon emitted.
No photon emitted.
No photon emitted.
No photon emitted.
Photon emitted!
No photon emitted.
Sent data: 0000000003705b45, last: 0
No photon emitted.
No photon emitted.
No photon emitted.
No photon emitted.
No photon emitted.
No photon emitted.
No photon emitted.
No photon emitted.
No photon emitted.
No photon emitted.
No photon emitted.
No photon emitted.
No photon emitted.
No photon emitted.
No photon emitted.
No photon emitted.
No photon emitted.
No photon emitted.
No photon emitted.
No photon emitted.
No photon emitted.
No photon emitted.
Photon emitted!
No photon emitted.
Sent data: 0000000004f0be77, last: 0
No photon emitted.
No photon emitted.
No photon emitted.
No photon emitted.
Photon emitted!
No photon emitted.
Sent data: 0000000005500b45, last: 0
No photon emitted.
No photon emitted.
No photon emitted.
No photon emitted.
No photon emitted.
No photon emitted.
No photon emitted.
No photon emitted.
No photon emitted.
No photon emitted.
No photon emitted.
No photon emitted.
No photon emitted.
No photon emitted.
No photon emitted.
Photon emitted!
No photon emitted.
Sent data: 0000000006609075, last: 0
No photon emitted.
No photon emitted.
No photon emitted.
No photon emitted.
No photon emitted.
Photon emitted!
No photon emitted.
Sent data: 0000000006d08af8, last: 0
No photon emitted.
No photon emitted.
No photon emitted.
Photon emitted!
No photon emitted.
Sent data: 0000000007203bc6, last: 0
No photon emitted.
No photon emitted.
No photon emitted.
No photon emitted.
No photon emitted.
No photon emitted.
No photon emitted.
Photon emitted!
No photon emitted.
Sent data: 0000000007b0596c, last: 0
No photon emitted.
No photon emitted.
No photon emitted.
No photon emitted.
No photon emitted.
No photon emitted.
No photon emitted.
No photon emitted.
No photon emitted.
No photon emitted.
No photon emitted.
No photon emitted.
No photon emitted.
No photon emitted.
No photon emitted.
Photon emitted!
No photon emitted.
Sent data: 0000000008c0d850, last: 0
No photon emitted.
No photon emitted.
No photon emitted.
No photon emitted.
No photon emitted.
No photon emitted.
No photon emitted.
No photon emitted.
No photon emitted.
No photon emitted.
No photon emitted.
No photon emitted.
No photon emitted.
No photon emitted.
No photon emitted.
No photon emitted.
Photon emitted!
No photon emitted.
Sent data: 0000000009e06331, last: 0
No photon emitted.
No photon emitted.
No photon emitted.
No photon emitted.
No photon emitted.
No photon emitted.
No photon emitted.
No photon emitted.
No photon emitted.
No photon emitted.
No photon emitted.
No photon emitted.
No photon emitted.
No photon emitted.
No photon emitted.
No photon emitted.
No photon emitted.
No photon emitted.
Photon emitted!
No photon emitted.
Sent data: 000000000b20fe9c, last: 0
No photon emitted.
Photon emitted!
No photon emitted.
Sent data: 000000000b50dcbc, last: 0
No photon emitted.
No photon emitted.
No photon emitted.
No photon emitted.
No photon emitted.
No photon emitted.
No photon emitted.
No photon emitted.
No photon emitted.
No photon emitted.
No photon emitted.
No photon emitted.
No photon emitted.
No photon emitted.
Photon emitted!
No photon emitted.
Sent data: 000000000c509eaf, last: 0
No photon emitted.
No photon emitted.
No photon emitted.
No photon emitted.
No photon emitted.
No photon emitted.
No photon emitted.
Photon emitted!
No photon emitted.
Sent data: 000000000ce0ac0e, last: 0
No photon emitted.
No photon emitted.
No photon emitted.
No photon emitted.
No photon emitted.
No photon emitted.
No photon emitted.
No photon emitted.
No photon emitted.
No photon emitted.
No photon emitted.
No photon emitted.
Photon emitted!
No photon emitted.
Sent data: 000000000dc0e669, last: 0
No photon emitted.
No photon emitted.
No photon emitted.
No photon emitted.
Photon emitted!
No photon emitted.
Sent data: 000000000e20c0b2, last: 0
No photon emitted.
No photon emitted.
Photon emitted!
No photon emitted.
Sent data: 000000000e609ede, last: 0
No photon emitted.
No photon emitted.
No photon emitted.
Photon emitted!
No photon emitted.
Sent data: 000000000eb0f485, last: 0
No photon emitted.
No photon emitted.
No photon emitted.
No photon emitted.
No photon emitted.
No photon emitted.
No photon emitted.
No photon emitted.
No photon emitted.
No photon emitted.
No photon emitted.
No photon emitted.
No photon emitted.
No photon emitted.
No photon emitted.
No photon emitted.
No photon emitted.
Photon emitted!
No photon emitted.
Sent data: 000000000fe00faa, last: 0
No photon emitted.
No photon emitted.
Photon emitted!
No photon emitted.
Sent data: 0000000010207128, last: 0
No photon emitted.
No photon emitted.
No photon emitted.
No photon emitted.
No photon emitted.
No photon emitted.
No photon emitted.
No photon emitted.
No photon emitted.
No photon emitted.
No photon emitted.
No photon emitted.
No photon emitted.
No photon emitted.
No photon emitted.
No photon emitted.
No photon emitted.
No photon emitted.
No photon emitted.
No photon emitted.
No photon emitted.
No photon emitted.
No photon emitted.
No photon emitted.
No photon emitted.
No photon emitted.
No photon emitted.
No photon emitted.
No photon emitted.
No photon emitted.
No photon emitted.
No photon emitted.
No photon emitted.
No photon emitted.
No photon emitted.
No photon emitted.
No photon emitted.
No photon emitted.
No photon emitted.
No photon emitted.
No photon emitted.
No photon emitted.
No photon emitted.
No photon emitted.
No photon emitted.
No photon emitted.
No photon emitted.
No photon emitted.
No photon emitted.
No photon emitted.
No photon emitted.
No photon emitted.
No photon emitted.
No photon emitted.
No photon emitted.
No photon emitted.
Photon emitted!
No photon emitted.
Sent data: 0000000013c055c2, last: 0
No photon emitted.
No photon emitted.
No photon emitted.
No photon emitted.
No photon emitted.
No photon emitted.
Photon emitted!
No photon emitted.
Sent data: 000000001440099a, last: 0
No photon emitted.
No photon emitted.
No photon emitted.
Photon emitted!
No photon emitted.
Sent data: 00000000149051d3, last: 0
No photon emitted.
No photon emitted.
No photon emitted.
No photon emitted.
Photon emitted!
No photon emitted.
Sent data: 0000000014f09aba, last: 0
No photon emitted.
No photon emitted.
No photon emitted.
No photon emitted.
Photon emitted!
No photon emitted.
Sent data: 000000001550fcfb, last: 0
No photon emitted.
No photon emitted.
No photon emitted.
No photon emitted.
No photon emitted.
No photon emitted.
No photon emitted.
No photon emitted.
Photon emitted!
No photon emitted.
Sent data: 0000000015f0f28b, last: 0
No photon emitted.
No photon emitted.
No photon emitted.
No photon emitted.
No photon emitted.
No photon emitted.
No photon emitted.
No photon emitted.
No photon emitted.
No photon emitted.
No photon emitted.
No photon emitted.
No photon emitted.
No photon emitted.
No photon emitted.
Photon emitted!
Photon emitted!
Sent data: 0000000017004dc2, last: 0
No photon emitted.
Sent data: 000000001710a8cc, last: 0
No photon emitted.
No photon emitted.
No photon emitted.
Photon emitted!
No photon emitted.
Sent data: 0000000017601371, last: 0
No photon emitted.
No photon emitted.
No photon emitted.
No photon emitted.
No photon emitted.
No photon emitted.
Photon emitted!
No photon emitted.
Sent data: 0000000017e0019e, last: 0
No photon emitted.
No photon emitted.
No photon emitted.
No photon emitted.
No photon emitted.
No photon emitted.
Photon emitted!
No photon emitted.
Sent data: 0000000018605b61, last: 0
No photon emitted.
No photon emitted.
No photon emitted.
No photon emitted.
No photon emitted.
No photon emitted.
No photon emitted.
No photon emitted.
No photon emitted.
No photon emitted.
No photon emitted.
No photon emitted.
Photon emitted!
No photon emitted.
Sent data: 000000001940c87b, last: 0
No photon emitted.
No photon emitted.
No photon emitted.
No photon emitted.
No photon emitted.
Photon emitted!
No photon emitted.
Sent data: 0000000019b0d0bf, last: 0
No photon emitted.
No photon emitted.
No photon emitted.
No photon emitted.
No photon emitted.
Photon emitted!
No photon emitted.
Sent data: 000000001a20bc91, last: 0
No photon emitted.
No photon emitted.
No photon emitted.
No photon emitted.
No photon emitted.
Photon emitted!
Photon emitted!
Sent data: 000000001a9098c0, last: 0
No photon emitted.
Sent data: 000000001aa06359, last: 0
No photon emitted.
No photon emitted.
Photon emitted!
No photon emitted.
Sent data: 000000001ae0b47e, last: 0
No photon emitted.
No photon emitted.
No photon emitted.
No photon emitted.
No photon emitted.
No photon emitted.
No photon emitted.
No photon emitted.
No photon emitted.
Photon emitted!
No photon emitted.
Sent data: 000000001b907354, last: 0
No photon emitted.
Photon emitted!
No photon emitted.
Sent data: 000000001bc0e251, last: 0
No photon emitted.
No photon emitted.
No photon emitted.
No photon emitted.
No photon emitted.
No photon emitted.
No photon emitted.
No photon emitted.
No photon emitted.
Photon emitted!
No photon emitted.
Sent data: 000000001c70a849, last: 0
No photon emitted.
No photon emitted.
Photon emitted!
No photon emitted.
Sent data: 000000001cb07de7, last: 0
No photon emitted.
No photon emitted.
No photon emitted.
No photon emitted.
No photon emitted.
Photon emitted!
No photon emitted.
Sent data: 000000001d202f24, last: 0
No photon emitted.
No photon emitted.
No photon emitted.
No photon emitted.
No photon emitted.
No photon emitted.
No photon emitted.
No photon emitted.
No photon emitted.
No photon emitted.
No photon emitted.
No photon emitted.
No photon emitted.
No photon emitted.
No photon emitted.
Photon emitted!
No photon emitted.
Sent data: 000000001e305583, last: 0
No photon emitted.
No photon emitted.
Photon emitted!
No photon emitted.
Sent data: 000000001e70805b, last: 0
No photon emitted.
No photon emitted.
No photon emitted.
Photon emitted!
No photon emitted.
Sent data: 000000001ec021b9, last: 0
No photon emitted.
No photon emitted.
No photon emitted.
No photon emitted.
No photon emitted.
No photon emitted.
No photon emitted.
No photon emitted.
Photon emitted!
No photon emitted.
Sent data: 000000001f603f95, last: 0
No photon emitted.
No photon emitted.
No photon emitted.
Photon emitted!
No photon emitted.
Sent data: 000000001fb0ca77, last: 0
No photon emitted.
No photon emitted.
No photon emitted.
No photon emitted.
Photon emitted!
No photon emitted.
Sent data: 0000000020109af1, last: 0
No photon emitted.
No photon emitted.
No photon emitted.
No photon emitted.
No photon emitted.
No photon emitted.
No photon emitted.
No photon emitted.
No photon emitted.
No photon emitted.
No photon emitted.
No photon emitted.
No photon emitted.
No photon emitted.
No photon emitted.
No photon emitted.
No photon emitted.
No photon emitted.
No photon emitted.
No photon emitted.
No photon emitted.
No photon emitted.
No photon emitted.
No photon emitted.
Photon emitted!
No photon emitted.
Sent data: 0000000021b05fe6, last: 0
No photon emitted.
No photon emitted.
No photon emitted.
No photon emitted.
No photon emitted.
No photon emitted.
Photon emitted!
No photon emitted.
Sent data: 000000002230aeaf, last: 0
No photon emitted.
No photon emitted.
No photon emitted.
No photon emitted.
No photon emitted.
No photon emitted.
No photon emitted.
No photon emitted.
No photon emitted.
No photon emitted.
Photon emitted!
No photon emitted.
Sent data: 0000000022f06104, last: 0
No photon emitted.
Photon emitted!
No photon emitted.
Sent data: 000000002320e012, last: 0
No photon emitted.
No photon emitted.
No photon emitted.
No photon emitted.
Photon emitted!
No photon emitted.
Sent data: 00000000238033fc, last: 0
No photon emitted.
Photon emitted!
No photon emitted.
Sent data: 0000000023b0c8ab, last: 0
Photon emitted!
No photon emitted.
Sent data: 0000000023d0f0c4, last: 0
No photon emitted.
Photon emitted!
No photon emitted.
Sent data: 000000002400013f, last: 0
No photon emitted.
No photon emitted.
No photon emitted.
No photon emitted.
No photon emitted.
Photon emitted!
No photon emitted.
Sent data: 000000002470d6c2, last: 0
No photon emitted.
No photon emitted.
No photon emitted.
No photon emitted.
No photon emitted.
No photon emitted.
No photon emitted.
No photon emitted.
No photon emitted.
No photon emitted.
No photon emitted.
No photon emitted.
No photon emitted.
No photon emitted.
No photon emitted.
No photon emitted.
No photon emitted.
No photon emitted.
No photon emitted.
No photon emitted.
No photon emitted.
No photon emitted.
No photon emitted.
No photon emitted.
No photon emitted.
No photon emitted.
No photon emitted.
No photon emitted.
No photon emitted.
Photon emitted!
No photon emitted.
Sent data: 0000000026601973, last: 0
No photon emitted.
No photon emitted.
No photon emitted.
Photon emitted!
No photon emitted.
Sent data: 0000000026b01b5a, last: 0
No photon emitted.
No photon emitted.
No photon emitted.
Photon emitted!
No photon emitted.
Sent data: 000000002700e4a0, last: 0
Photon emitted!
Photon emitted!
Sent data: 000000002720cafe, last: 0
Photon emitted!
No photon emitted.
Sent data: 0000000027306b74, last: 0
No photon emitted.
Sent data: 00000000274037bb, last: 0
No photon emitted.
No photon emitted.
No photon emitted.
No photon emitted.
No photon emitted.
No photon emitted.
Photon emitted!
No photon emitted.
Sent data: 0000000027d03be2, last: 0
No photon emitted.
No photon emitted.
No photon emitted.
No photon emitted.
No photon emitted.
No photon emitted.
No photon emitted.
No photon emitted.
No photon emitted.
No photon emitted.
No photon emitted.
Photon emitted!
No photon emitted.
Sent data: 0000000028a0c8e2, last: 0
No photon emitted.
No photon emitted.
No photon emitted.
No photon emitted.
No photon emitted.
No photon emitted.
No photon emitted.
Photon emitted!
No photon emitted.
Sent data: 000000002930ccdf, last: 0
No photon emitted.
No photon emitted.
No photon emitted.
No photon emitted.
No photon emitted.
No photon emitted.
No photon emitted.
No photon emitted.
No photon emitted.
No photon emitted.
No photon emitted.
No photon emitted.
No photon emitted.
No photon emitted.
Photon emitted!
No photon emitted.
Sent data: 000000002a30e298, last: 0
No photon emitted.
No photon emitted.
No photon emitted.
No photon emitted.
No photon emitted.
No photon emitted.
Photon emitted!
No photon emitted.
Sent data: 000000002ab06d9f, last: 0
No photon emitted.
No photon emitted.
No photon emitted.
No photon emitted.
No photon emitted.
No photon emitted.
No photon emitted.
No photon emitted.
No photon emitted.
No photon emitted.
No photon emitted.
No photon emitted.
No photon emitted.
No photon emitted.
No photon emitted.
No photon emitted.
Photon emitted!
No photon emitted.
Sent data: 000000002bd04b10, last: 0
No photon emitted.
No photon emitted.
No photon emitted.
No photon emitted.
Photon emitted!
No photon emitted.
Sent data: 000000002c3009f2, last: 0
No photon emitted.
No photon emitted.
No photon emitted.
No photon emitted.
No photon emitted.
No photon emitted.
Photon emitted!
No photon emitted.
Sent data: 000000002cb07bbd, last: 0
No photon emitted.
No photon emitted.
No photon emitted.
No photon emitted.
No photon emitted.
No photon emitted.
No photon emitted.
No photon emitted.
No photon emitted.
No photon emitted.
No photon emitted.
No photon emitted.
No photon emitted.
Photon emitted!
Photon emitted!
Sent data: 000000002da027ab, last: 0
No photon emitted.
No photon emitted.
Sent data: 000000002db00fb4, last: 0
No photon emitted.
Photon emitted!
No photon emitted.
Sent data: 000000002df0ac54, last: 0
No photon emitted.
No photon emitted.
No photon emitted.
No photon emitted.
No photon emitted.
No photon emitted.
No photon emitted.
No photon emitted.
No photon emitted.
No photon emitted.
No photon emitted.
No photon emitted.
No photon emitted.
Photon emitted!
No photon emitted.
Sent data: 000000002ee01b89, last: 0
No photon emitted.
No photon emitted.
No photon emitted.
No photon emitted.
No photon emitted.
No photon emitted.
No photon emitted.
Photon emitted!
No photon emitted.
Sent data: 000000002f70d413, last: 0
No photon emitted.
No photon emitted.
No photon emitted.
No photon emitted.
No photon emitted.
No photon emitted.
No photon emitted.
No photon emitted.
No photon emitted.
No photon emitted.
No photon emitted.
No photon emitted.
No photon emitted.
No photon emitted.
No photon emitted.
No photon emitted.
No photon emitted.
No photon emitted.
No photon emitted.
No photon emitted.
No photon emitted.
No photon emitted.
No photon emitted.
No photon emitted.
No photon emitted.
No photon emitted.
No photon emitted.
No photon emitted.
No photon emitted.
Photon emitted!
No photon emitted.
Sent data: 00000000316011ac, last: 0
No photon emitted.
No photon emitted.
No photon emitted.
No photon emitted.
No photon emitted.
No photon emitted.
No photon emitted.
No photon emitted.
No photon emitted.
No photon emitted.
No photon emitted.
No photon emitted.
No photon emitted.
No photon emitted.
No photon emitted.
No photon emitted.
No photon emitted.
No photon emitted.
No photon emitted.
No photon emitted.
No photon emitted.
No photon emitted.
No photon emitted.
No photon emitted.
No photon emitted.
Photon emitted!
No photon emitted.
Sent data: 0000000033100335, last: 0
No photon emitted.
No photon emitted.
No photon emitted.
No photon emitted.
No photon emitted.
No photon emitted.
No photon emitted.
No photon emitted.
No photon emitted.
No photon emitted.
No photon emitted.
No photon emitted.
No photon emitted.
No photon emitted.
Photon emitted!
No photon emitted.
Sent data: 0000000034101f3b, last: 0
No photon emitted.
No photon emitted.
No photon emitted.
No photon emitted.
Photon emitted!
No photon emitted.
Sent data: 000000003470a435, last: 0
No photon emitted.
No photon emitted.
No photon emitted.
No photon emitted.
No photon emitted.
No photon emitted.
No photon emitted.
No photon emitted.
No photon emitted.
No photon emitted.
No photon emitted.
No photon emitted.
No photon emitted.
Photon emitted!
No photon emitted.
Sent data: 0000000035600d2f, last: 0
No photon emitted.
No photon emitted.
No photon emitted.
No photon emitted.
No photon emitted.
No photon emitted.
No photon emitted.
No photon emitted.
No photon emitted.
No photon emitted.
No photon emitted.
No photon emitted.
No photon emitted.
No photon emitted.
No photon emitted.
Photon emitted!
Photon emitted!
Sent data: 0000000036701934, last: 0
Photon emitted!
No photon emitted.
Sent data: 000000003680a255, last: 0
No photon emitted.
Sent data: 00000000369082bc, last: 0
No photon emitted.
No photon emitted.
No photon emitted.
No photon emitted.
No photon emitted.
No photon emitted.
No photon emitted.
No photon emitted.
No photon emitted.
No photon emitted.
No photon emitted.
No photon emitted.
No photon emitted.
No photon emitted.
No photon emitted.
No photon emitted.
No photon emitted.
No photon emitted.
No photon emitted.
No photon emitted.
No photon emitted.
No photon emitted.
Photon emitted!
No photon emitted.
Sent data: 000000003820fef2, last: 0
Photon emitted!
No photon emitted.
Sent data: 000000003840b6a7, last: 0
No photon emitted.
No photon emitted.
No photon emitted.
No photon emitted.
No photon emitted.
No photon emitted.
No photon emitted.
No photon emitted.
No photon emitted.
Photon emitted!
No photon emitted.
Sent data: 0000000038f080c1, last: 0
No photon emitted.
No photon emitted.
No photon emitted.
No photon emitted.
No photon emitted.
No photon emitted.
No photon emitted.
No photon emitted.
No photon emitted.
No photon emitted.
No photon emitted.
No photon emitted.
Photon emitted!
No photon emitted.
Sent data: 0000000039d096e4, last: 0
No photon emitted.
No photon emitted.
No photon emitted.
No photon emitted.
No photon emitted.
No photon emitted.
No photon emitted.
No photon emitted.
No photon emitted.
No photon emitted.
No photon emitted.
No photon emitted.
No photon emitted.
No photon emitted.
No photon emitted.
No photon emitted.
No photon emitted.
Photon emitted!
No photon emitted.
Sent data: 000000003b00a241, last: 0
Photon emitted!
No photon emitted.
Sent data: 000000003b20ec69, last: 0
Photon emitted!
No photon emitted.
Sent data: 000000003b40d8fa, last: 0
No photon emitted.
No photon emitted.
No photon emitted.
No photon emitted.
No photon emitted.
No photon emitted.
No photon emitted.
No photon emitted.
No photon emitted.
Photon emitted!
No photon emitted.
Sent data: 000000003bf0d0cd, last: 0
No photon emitted.
No photon emitted.
No photon emitted.
No photon emitted.
No photon emitted.
No photon emitted.
No photon emitted.
Photon emitted!
No photon emitted.
Sent data: 000000003c8073ff, last: 0
No photon emitted.
No photon emitted.
No photon emitted.
No photon emitted.
No photon emitted.
No photon emitted.
No photon emitted.
No photon emitted.
No photon emitted.
No photon emitted.
No photon emitted.
No photon emitted.
No photon emitted.
No photon emitted.
No photon emitted.
Photon emitted!
No photon emitted.
Sent data: 000000003d9086b5, last: 0
No photon emitted.
No photon emitted.
No photon emitted.
No photon emitted.
No photon emitted.
No photon emitted.
No photon emitted.
Photon emitted!
No photon emitted.
Sent data: 000000003e2082e8, last: 0
No photon emitted.
No photon emitted.
No photon emitted.
No photon emitted.
No photon emitted.
No photon emitted.
No photon emitted.
No photon emitted.
No photon emitted.
No photon emitted.
No photon emitted.
No photon emitted.
No photon emitted.
No photon emitted.
No photon emitted.
Photon emitted!
No photon emitted.
Sent data: 000000003f30dc4b, last: 0
No photon emitted.
No photon emitted.
No photon emitted.
No photon emitted.
No photon emitted.
Photon emitted!
Photon emitted!
Sent data: 000000003fa0ae12, last: 0
No photon emitted.
No photon emitted.
Sent data: 000000003fb00f37, last: 0
No photon emitted.
No photon emitted.
No photon emitted.
No photon emitted.
No photon emitted.
No photon emitted.
Photon emitted!
No photon emitted.
Sent data: 0000000000401dae, last: 0
No photon emitted.
No photon emitted.
No photon emitted.
No photon emitted.
No photon emitted.
Photon emitted!
No photon emitted.
Sent data: 0000000000b0a4f8, last: 0
No photon emitted.
No photon emitted.
No photon emitted.
No photon emitted.
No photon emitted.
No photon emitted.
No photon emitted.
No photon emitted.
No photon emitted.
No photon emitted.
No photon emitted.
No photon emitted.
No photon emitted.
No photon emitted.
No photon emitted.
No photon emitted.
No photon emitted.
No photon emitted.
No photon emitted.
Photon emitted!
No photon emitted.
Sent data: 000000000200ce20, last: 0
No photon emitted.
No photon emitted.
No photon emitted.
No photon emitted.
No photon emitted.
No photon emitted.
No photon emitted.
No photon emitted.
No photon emitted.
No photon emitted.
No photon emitted.
No photon emitted.
No photon emitted.
No photon emitted.
No photon emitted.
No photon emitted.
Photon emitted!
No photon emitted.
Sent data: 000000000320d0da, last: 0
No photon emitted.
No photon emitted.
No photon emitted.
No photon emitted.
No photon emitted.
No photon emitted.
No photon emitted.
No photon emitted.
No photon emitted.
No photon emitted.
No photon emitted.
Photon emitted!
No photon emitted.
Sent data: 0000000003f08222, last: 0
No photon emitted.
No photon emitted.
No photon emitted.
Photon emitted!
No photon emitted.
Sent data: 00000000044055ec, last: 0
No photon emitted.
No photon emitted.
Photon emitted!
No photon emitted.
Sent data: 000000000480922a, last: 0
No photon emitted.
No photon emitted.
No photon emitted.
No photon emitted.
No photon emitted.
No photon emitted.
No photon emitted.
No photon emitted.
No photon emitted.
No photon emitted.
No photon emitted.
No photon emitted.
No photon emitted.
No photon emitted.
No photon emitted.
No photon emitted.
No photon emitted.
No photon emitted.
Photon emitted!
No photon emitted.
Sent data: 0000000005c05b7a, last: 0
No photon emitted.
No photon emitted.
No photon emitted.
No photon emitted.
No photon emitted.
No photon emitted.
No photon emitted.
No photon emitted.
No photon emitted.
Photon emitted!
No photon emitted.
Sent data: 000000000670511e, last: 0
No photon emitted.
No photon emitted.
No photon emitted.
No photon emitted.
Photon emitted!
No photon emitted.
Sent data: 0000000006d0dae9, last: 0
No photon emitted.
No photon emitted.
No photon emitted.
No photon emitted.
No photon emitted.
Photon emitted!
No photon emitted.
Sent data: 000000000740f2eb, last: 0
No photon emitted.
No photon emitted.
No photon emitted.
No photon emitted.
No photon emitted.
No photon emitted.
No photon emitted.
Photon emitted!
No photon emitted.
Sent data: 0000000007d0770b, last: 0
No photon emitted.
No photon emitted.
No photon emitted.
No photon emitted.
Photon emitted!
No photon emitted.
Sent data: 000000000830e26e, last: 0
No photon emitted.
No photon emitted.
No photon emitted.
No photon emitted.
No photon emitted.
No photon emitted.
No photon emitted.
No photon emitted.
No photon emitted.
Photon emitted!
No photon emitted.
Sent data: 0000000008e0de5e, last: 0
No photon emitted.
No photon emitted.
No photon emitted.
No photon emitted.
Photon emitted!
No photon emitted.
Sent data: 0000000009402d7c, last: 0
No photon emitted.
Photon emitted!
No photon emitted.
Sent data: 0000000009703145, last: 0
No photon emitted.
No photon emitted.
No photon emitted.
Photon emitted!
No photon emitted.
Sent data: 0000000009c0d48b, last: 0
No photon emitted.
No photon emitted.
No photon emitted.
Photon emitted!
No photon emitted.
Sent data: 000000000a105312, last: 0
No photon emitted.
No photon emitted.
No photon emitted.
No photon emitted.
No photon emitted.
No photon emitted.
No photon emitted.
No photon emitted.
No photon emitted.
Photon emitted!
No photon emitted.
Sent data: 000000000ac03d37, last: 0
No photon emitted.
No photon emitted.
No photon emitted.
No photon emitted.
No photon emitted.
No photon emitted.
Photon emitted!
No photon emitted.
Sent data: 000000000b40d683, last: 0
No photon emitted.
No photon emitted.
No photon emitted.
No photon emitted.
Photon emitted!
No photon emitted.
Sent data: 000000000ba080e1, last: 0
No photon emitted.
No photon emitted.
No photon emitted.
No photon emitted.
No photon emitted.
No photon emitted.
No photon emitted.
No photon emitted.
No photon emitted.
Photon emitted!
No photon emitted.
Sent data: 000000000c505fce, last: 0
No photon emitted.
No photon emitted.
No photon emitted.
No photon emitted.
No photon emitted.
No photon emitted.
No photon emitted.
No photon emitted.
No photon emitted.
No photon emitted.
No photon emitted.
No photon emitted.
Photon emitted!
Photon emitted!
Sent data: 000000000d30dc4a, last: 0
No photon emitted.
Photon emitted!
Sent data: 000000000d4073d5, last: 0
Photon emitted!
Sent data: 000000000d6007cd, last: 0
No photon emitted.
No photon emitted.
Sent data: 000000000d70eee4, last: 0
No photon emitted.
No photon emitted.
No photon emitted.
No photon emitted.
No photon emitted.
No photon emitted.
Photon emitted!
No photon emitted.
Sent data: 000000000e008cf4, last: 0
No photon emitted.
No photon emitted.
No photon emitted.
No photon emitted.
No photon emitted.
No photon emitted.
No photon emitted.
Photon emitted!
Photon emitted!
Sent data: 000000000e9053ec, last: 0
No photon emitted.
Sent data: 000000000ea03f1a, last: 0
No photon emitted.
No photon emitted.
No photon emitted.
No photon emitted.
No photon emitted.
No photon emitted.
No photon emitted.
No photon emitted.
No photon emitted.
Photon emitted!
No photon emitted.
Sent data: 000000000f50aee3, last: 0
No photon emitted.
No photon emitted.
Photon emitted!
No photon emitted.
Sent data: 000000000f9084ec, last: 0
No photon emitted.
No photon emitted.
No photon emitted.
No photon emitted.
No photon emitted.
No photon emitted.
No photon emitted.
No photon emitted.
No photon emitted.
No photon emitted.
No photon emitted.
No photon emitted.
Photon emitted!
Photon emitted!
Sent data: 00000000107001f3, last: 0
No photon emitted.
No photon emitted.
Sent data: 000000001080472d, last: 0
Photon emitted!
No photon emitted.
Sent data: 0000000010b00d5c, last: 0
No photon emitted.
No photon emitted.
No photon emitted.
No photon emitted.
No photon emitted.
No photon emitted.
Photon emitted!
Photon emitted!
Sent data: 00000000113045dd, last: 0
No photon emitted.
No photon emitted.
Sent data: 000000001140c8ec, last: 0
No photon emitted.
No photon emitted.
No photon emitted.
No photon emitted.
No photon emitted.
No photon emitted.
No photon emitted.
No photon emitted.
No photon emitted.
No photon emitted.
No photon emitted.
No photon emitted.
No photon emitted.
No photon emitted.
No photon emitted.
No photon emitted.
No photon emitted.
No photon emitted.
No photon emitted.
No photon emitted.
No photon emitted.
Photon emitted!
No photon emitted.
Sent data: 0000000012c0fa8f, last: 0
No photon emitted.
Photon emitted!
Photon emitted!
Sent data: 0000000012f033ff, last: 0
No photon emitted.
No photon emitted.
Sent data: 0000000013000578, last: 0
No photon emitted.
Photon emitted!
Photon emitted!
Sent data: 00000000134039ab, last: 0
No photon emitted.
Sent data: 0000000013507727, last: 0
No photon emitted.
Photon emitted!
No photon emitted.
Sent data: 0000000013800ffb, last: 0
No photon emitted.
No photon emitted.
Photon emitted!
No photon emitted.
Sent data: 0000000013c04313, last: 0
No photon emitted.
Photon emitted!
No photon emitted.
Sent data: 0000000013f01b0c, last: 0
No photon emitted.
No photon emitted.
Photon emitted!
No photon emitted.
Sent data: 00000000143017bb, last: 0
Photon emitted!
No photon emitted.
Sent data: 000000001450cae6, last: 0
No photon emitted.
No photon emitted.
No photon emitted.
No photon emitted.
No photon emitted.
No photon emitted.
No photon emitted.
No photon emitted.
No photon emitted.
No photon emitted.
No photon emitted.
No photon emitted.
No photon emitted.
No photon emitted.
No photon emitted.
Photon emitted!
No photon emitted.
Sent data: 000000001560ba49, last: 0
No photon emitted.
No photon emitted.
No photon emitted.
No photon emitted.
No photon emitted.
No photon emitted.
Photon emitted!
No photon emitted.
Sent data: 0000000015e07b6a, last: 0
No photon emitted.
No photon emitted.
No photon emitted.
No photon emitted.
No photon emitted.
No photon emitted.
No photon emitted.
Photon emitted!
No photon emitted.
Sent data: 000000001670f60a, last: 0
No photon emitted.
No photon emitted.
No photon emitted.
No photon emitted.
No photon emitted.
No photon emitted.
No photon emitted.
No photon emitted.
No photon emitted.
Photon emitted!
No photon emitted.
Sent data: 000000001720d218, last: 0
No photon emitted.
Photon emitted!
No photon emitted.
Sent data: 0000000017506996, last: 0
Photon emitted!
No photon emitted.
Sent data: 000000001770a609, last: 0
No photon emitted.
No photon emitted.
No photon emitted.
No photon emitted.
No photon emitted.
No photon emitted.
No photon emitted.
Photon emitted!
No photon emitted.
Sent data: 000000001800712e, last: 0
Photon emitted!
No photon emitted.
Sent data: 000000001820d4bd, last: 0
No photon emitted.
No photon emitted.
No photon emitted.
No photon emitted.
No photon emitted.
No photon emitted.
No photon emitted.
Photon emitted!
No photon emitted.
Sent data: 0000000018b00966, last: 0
No photon emitted.
No photon emitted.
No photon emitted.
No photon emitted.
No photon emitted.
No photon emitted.
No photon emitted.
No photon emitted.
No photon emitted.
No photon emitted.
No photon emitted.
No photon emitted.
No photon emitted.
No photon emitted.
No photon emitted.
Photon emitted!
Photon emitted!
Sent data: 0000000019c0a876, last: 0
No photon emitted.
Sent data: 0000000019d02575, last: 0
No photon emitted.
No photon emitted.
No photon emitted.
No photon emitted.
No photon emitted.
No photon emitted.
No photon emitted.
No photon emitted.
Photon emitted!
No photon emitted.
Sent data: 000000001a70ba8f, last: 0
No photon emitted.
No photon emitted.
No photon emitted.
No photon emitted.
No photon emitted.
No photon emitted.
No photon emitted.
No photon emitted.
No photon emitted.
No photon emitted.
No photon emitted.
No photon emitted.
No photon emitted.
Photon emitted!
No photon emitted.
Sent data: 000000001b601595, last: 0
Photon emitted!
No photon emitted.
Sent data: 000000001b804d7b, last: 0
No photon emitted.
No photon emitted.
No photon emitted.
No photon emitted.
No photon emitted.
No photon emitted.
No photon emitted.
No photon emitted.
Photon emitted!
No photon emitted.
Sent data: 000000001c20ea7c, last: 0
No photon emitted.
Photon emitted!
No photon emitted.
Sent data: 000000001c50b06f, last: 0
No photon emitted.
No photon emitted.
No photon emitted.
No photon emitted.
Photon emitted!
No photon emitted.
Sent data: 000000001cb0ccc9, last: 0
No photon emitted.
No photon emitted.
No photon emitted.
No photon emitted.
No photon emitted.
No photon emitted.
No photon emitted.
Photon emitted!
No photon emitted.
Sent data: 000000001d40a0c9, last: 0
Photon emitted!
No photon emitted.
Sent data: 000000001d6061b4, last: 0
No photon emitted.
No photon emitted.
No photon emitted.
No photon emitted.
No photon emitted.
Photon emitted!
No photon emitted.
Sent data: 000000001dd025da, last: 0
No photon emitted.
No photon emitted.
No photon emitted.
Photon emitted!
No photon emitted.
Sent data: 000000001e20a8ad, last: 0
Photon emitted!
No photon emitted.
Sent data: 000000001e4071df, last: 0
No photon emitted.
No photon emitted.
No photon emitted.
No photon emitted.
No photon emitted.
No photon emitted.
No photon emitted.
No photon emitted.
No photon emitted.
No photon emitted.
No photon emitted.
No photon emitted.
No photon emitted.
No photon emitted.
No photon emitted.
No photon emitted.
No photon emitted.
No photon emitted.
No photon emitted.
No photon emitted.
No photon emitted.
No photon emitted.
No photon emitted.
No photon emitted.
No photon emitted.
No photon emitted.
No photon emitted.
Photon emitted!
No photon emitted.
Sent data: 000000002010630d, last: 0
Photon emitted!
No photon emitted.
Sent data: 0000000020304170, last: 0
No photon emitted.
No photon emitted.
No photon emitted.
No photon emitted.
Photon emitted!
Photon emitted!
Sent data: 0000000020906783, last: 0
No photon emitted.
Sent data: 0000000020a0c451, last: 0
No photon emitted.
Photon emitted!
No photon emitted.
Sent data: 0000000020d00d04, last: 0
No photon emitted.
Photon emitted!
No photon emitted.
Sent data: 000000002100f280, last: 0
No photon emitted.
No photon emitted.
No photon emitted.
No photon emitted.
No photon emitted.
No photon emitted.
No photon emitted.
Photon emitted!
No photon emitted.
Sent data: 00000000219084f9, last: 0
No photon emitted.
No photon emitted.
No photon emitted.
No photon emitted.
No photon emitted.
No photon emitted.
No photon emitted.
No photon emitted.
No photon emitted.
No photon emitted.
No photon emitted.
No photon emitted.
No photon emitted.
Photon emitted!
No photon emitted.
Sent data: 0000000022806d06, last: 0
No photon emitted.
No photon emitted.
No photon emitted.
No photon emitted.
No photon emitted.
No photon emitted.
No photon emitted.
No photon emitted.
No photon emitted.
No photon emitted.
No photon emitted.
No photon emitted.
Photon emitted!
No photon emitted.
Sent data: 000000002360baca, last: 0
No photon emitted.
No photon emitted.
No photon emitted.
No photon emitted.
No photon emitted.
Photon emitted!
No photon emitted.
Sent data: 0000000023d0e4df, last: 0
No photon emitted.
No photon emitted.
No photon emitted.
Photon emitted!
No photon emitted.
Sent data: 0000000024203bc9, last: 0
Photon emitted!
No photon emitted.
Sent data: 0000000024407584, last: 0
No photon emitted.
Photon emitted!
No photon emitted.
Sent data: 00000000247088b0, last: 0
No photon emitted.
No photon emitted.
Photon emitted!
No photon emitted.
Sent data: 0000000024b003e9, last: 0
No photon emitted.
No photon emitted.
No photon emitted.
No photon emitted.
No photon emitted.
No photon emitted.
No photon emitted.
No photon emitted.
No photon emitted.
No photon emitted.
No photon emitted.
No photon emitted.
No photon emitted.
No photon emitted.
No photon emitted.
No photon emitted.
No photon emitted.
No photon emitted.
No photon emitted.
No photon emitted.
No photon emitted.
No photon emitted.
No photon emitted.
No photon emitted.
Photon emitted!
No photon emitted.
Sent data: 0000000026500510, last: 0
Photon emitted!
Photon emitted!
Sent data: 00000000267025de, last: 0
No photon emitted.
No photon emitted.
Sent data: 000000002680d0ac, last: 0
No photon emitted.
No photon emitted.
No photon emitted.
No photon emitted.
No photon emitted.
No photon emitted.
No photon emitted.
No photon emitted.
No photon emitted.
No photon emitted.
No photon emitted.
No photon emitted.
No photon emitted.
No photon emitted.
No photon emitted.
No photon emitted.
No photon emitted.
No photon emitted.
No photon emitted.
No photon emitted.
No photon emitted.
No photon emitted.
No photon emitted.
No photon emitted.
Photon emitted!
No photon emitted.
Sent data: 0000000028307b09, last: 0
No photon emitted.
No photon emitted.
Photon emitted!
No photon emitted.
Sent data: 00000000287023d7, last: 0
No photon emitted.
No photon emitted.
No photon emitted.
No photon emitted.
No photon emitted.
No photon emitted.
No photon emitted.
No photon emitted.
No photon emitted.
No photon emitted.
Photon emitted!
No photon emitted.
Sent data: 0000000029300f61, last: 0
No photon emitted.
No photon emitted.
Photon emitted!
No photon emitted.
Sent data: 000000002970b20d, last: 0
No photon emitted.
No photon emitted.
No photon emitted.
No photon emitted.
No photon emitted.
No photon emitted.
No photon emitted.
No photon emitted.
No photon emitted.
No photon emitted.
No photon emitted.
No photon emitted.
No photon emitted.
No photon emitted.
No photon emitted.
No photon emitted.
No photon emitted.
No photon emitted.
No photon emitted.
No photon emitted.
No photon emitted.
No photon emitted.
No photon emitted.
Photon emitted!
No photon emitted.
Sent data: 000000002b003791, last: 0
No photon emitted.
No photon emitted.
No photon emitted.
No photon emitted.
No photon emitted.
No photon emitted.
No photon emitted.
No photon emitted.
No photon emitted.
No photon emitted.
No photon emitted.
No photon emitted.
No photon emitted.
No photon emitted.
No photon emitted.
No photon emitted.
No photon emitted.
No photon emitted.
No photon emitted.
No photon emitted.
No photon emitted.
No photon emitted.
No photon emitted.
No photon emitted.
No photon emitted.
No photon emitted.
No photon emitted.
No photon emitted.
No photon emitted.
No photon emitted.
Photon emitted!
No photon emitted.
Sent data: 000000002d008ed3, last: 0
Photon emitted!
No photon emitted.
Sent data: 000000002d20799a, last: 0
No photon emitted.
No photon emitted.
No photon emitted.
No photon emitted.
No photon emitted.
No photon emitted.
No photon emitted.
No photon emitted.
No photon emitted.
No photon emitted.
No photon emitted.
No photon emitted.
No photon emitted.
No photon emitted.
Photon emitted!
No photon emitted.
Sent data: 000000002e20072f, last: 0
No photon emitted.
No photon emitted.
No photon emitted.
No photon emitted.
No photon emitted.
No photon emitted.
No photon emitted.
No photon emitted.
No photon emitted.
No photon emitted.
No photon emitted.
No photon emitted.
No photon emitted.
No photon emitted.
No photon emitted.
No photon emitted.
No photon emitted.
No photon emitted.
Photon emitted!
No photon emitted.
Sent data: 000000002f60634e, last: 0
No photon emitted.
No photon emitted.
No photon emitted.
No photon emitted.
No photon emitted.
No photon emitted.
No photon emitted.
No photon emitted.
No photon emitted.
No photon emitted.
No photon emitted.
No photon emitted.
No photon emitted.
No photon emitted.
No photon emitted.
No photon emitted.
Photon emitted!
No photon emitted.
Sent data: 00000000308003b7, last: 0
No photon emitted.
No photon emitted.
Photon emitted!
No photon emitted.
Sent data: 0000000030c0f2c6, last: 0
No photon emitted.
No photon emitted.
No photon emitted.
No photon emitted.
No photon emitted.
No photon emitted.
No photon emitted.
No photon emitted.
No photon emitted.
No photon emitted.
No photon emitted.
No photon emitted.
Photon emitted!
No photon emitted.
Sent data: 0000000031a06b5d, last: 0
No photon emitted.
Photon emitted!
No photon emitted.
Sent data: 0000000031d0ec9c, last: 0
No photon emitted.
No photon emitted.
No photon emitted.
No photon emitted.
Photon emitted!
Photon emitted!
Sent data: 0000000032307f2f, last: 0
No photon emitted.
No photon emitted.
Sent data: 000000003240c644, last: 0
No photon emitted.
No photon emitted.
No photon emitted.
No photon emitted.
No photon emitted.
No photon emitted.
No photon emitted.
No photon emitted.
No photon emitted.
No photon emitted.
No photon emitted.
No photon emitted.
No photon emitted.
No photon emitted.
Photon emitted!
No photon emitted.
Sent data: 000000003350ba9b, last: 1
No photon emitted.
No photon emitted.
No photon emitted.
No photon emitted.
No photon emitted.
No photon emitted.
No photon emitted.
No photon emitted.
No photon emitted.
No photon emitted.
No photon emitted.
No photon emitted.
No photon emitted.
No photon emitted.
No photon emitted.
No photon emitted.
No photon emitted.
No photon emitted.
No photon emitted.
No photon emitted.
No photon emitted.
No photon emitted.
Photon emitted!
No photon emitted.
Sent data: 0000000034d08062, last: 0
No photon emitted.
No photon emitted.
No photon emitted.
No photon emitted.
No photon emitted.
No photon emitted.
No photon emitted.
No photon emitted.
No photon emitted.
No photon emitted.
No photon emitted.
No photon emitted.
No photon emitted.
No photon emitted.
Photon emitted!
No photon emitted.
Sent data: 0000000035d03be9, last: 0
No photon emitted.
No photon emitted.
No photon emitted.
No photon emitted.
No photon emitted.
No photon emitted.
No photon emitted.
No photon emitted.
No photon emitted.
No photon emitted.
Photon emitted!
Photon emitted!
Sent data: 000000003690032e, last: 0
No photon emitted.
Sent data: 0000000036a0928d, last: 0
No photon emitted.
No photon emitted.
No photon emitted.
No photon emitted.
No photon emitted.
No photon emitted.
No photon emitted.
No photon emitted.
No photon emitted.
No photon emitted.
No photon emitted.
Photon emitted!
No photon emitted.
Sent data: 00000000377007c6, last: 0
Photon emitted!
No photon emitted.
Sent data: 000000003790b4aa, last: 0
No photon emitted.
No photon emitted.
No photon emitted.
No photon emitted.
No photon emitted.
No photon emitted.
Photon emitted!
No photon emitted.
Sent data: 000000003810f0a0, last: 0
No photon emitted.
Photon emitted!
No photon emitted.
Sent data: 0000000038404f37, last: 0
No photon emitted.
No photon emitted.
No photon emitted.
No photon emitted.
No photon emitted.
No photon emitted.
No photon emitted.
No photon emitted.
No photon emitted.
No photon emitted.
No photon emitted.
Photon emitted!
No photon emitted.
Sent data: 000000003910aef0, last: 0
No photon emitted.
No photon emitted.
Photon emitted!
No photon emitted.
Sent data: 000000003950a8e8, last: 0
No photon emitted.
No photon emitted.
No photon emitted.
No photon emitted.
No photon emitted.
No photon emitted.
No photon emitted.
No photon emitted.
No photon emitted.
No photon emitted.
No photon emitted.
No photon emitted.
No photon emitted.
Photon emitted!
No photon emitted.
Sent data: 000000003a409ccd, last: 0
Photon emitted!
No photon emitted.
Sent data: 000000003a6009d1, last: 0
No photon emitted.
No photon emitted.
No photon emitted.
No photon emitted.
No photon emitted.
Photon emitted!
Photon emitted!
Sent data: 000000003ad063bb, last: 0
No photon emitted.
Sent data: 000000003ae092df, last: 0
No photon emitted.
No photon emitted.
No photon emitted.
No photon emitted.
No photon emitted.
No photon emitted.
No photon emitted.
No photon emitted.
No photon emitted.
No photon emitted.
No photon emitted.
No photon emitted.
No photon emitted.
No photon emitted.
Photon emitted!
No photon emitted.
Sent data: 000000003be0557d, last: 0
No photon emitted.
No photon emitted.
No photon emitted.
No photon emitted.
No photon emitted.
No photon emitted.
Photon emitted!
No photon emitted.
Sent data: 000000003c602158, last: 0
No photon emitted.
No photon emitted.
No photon emitted.
No photon emitted.
No photon emitted.
No photon emitted.
No photon emitted.
No photon emitted.
No photon emitted.
No photon emitted.
No photon emitted.
No photon emitted.
No photon emitted.
No photon emitted.
No photon emitted.
No photon emitted.
No photon emitted.
No photon emitted.
No photon emitted.
No photon emitted.
No photon emitted.
No photon emitted.
Photon emitted!
No photon emitted.
Sent data: 000000003de0d09f, last: 0
No photon emitted.
No photon emitted.
No photon emitted.
No photon emitted.
No photon emitted.
No photon emitted.
No photon emitted.
No photon emitted.
No photon emitted.
No photon emitted.
No photon emitted.
Photon emitted!
No photon emitted.
Sent data: 000000003eb02f97, last: 0
No photon emitted.
No photon emitted.
No photon emitted.
No photon emitted.
No photon emitted.
No photon emitted.
No photon emitted.
Photon emitted!
No photon emitted.
Sent data: 000000003f40a206, last: 0
Photon emitted!
No photon emitted.
Sent data: 000000003f60ae29, last: 0
No photon emitted.
No photon emitted.
No photon emitted.
Photon emitted!
No photon emitted.
Sent data: 000000003fb063c4, last: 0
No photon emitted.
No photon emitted.
No photon emitted.
No photon emitted.
No photon emitted.
No photon emitted.
No photon emitted.
No photon emitted.
No photon emitted.
No photon emitted.
No photon emitted.
No photon emitted.
No photon emitted.
No photon emitted.
No photon emitted.
Photon emitted!
No photon emitted.
Sent data: 0000000000c0f6d7, last: 0
Photon emitted!
No photon emitted.
Sent data: 0000000000e0d45d, last: 0
No photon emitted.
No photon emitted.
No photon emitted.
No photon emitted.
No photon emitted.
No photon emitted.
No photon emitted.
No photon emitted.
No photon emitted.
No photon emitted.
No photon emitted.
No photon emitted.
No photon emitted.
No photon emitted.
No photon emitted.
No photon emitted.
No photon emitted.
No photon emitted.
Photon emitted!
No photon emitted.
Sent data: 000000000220134d, last: 0
No photon emitted.
No photon emitted.
No photon emitted.
No photon emitted.
No photon emitted.
No photon emitted.
No photon emitted.
Photon emitted!
No photon emitted.
Sent data: 0000000002b04773, last: 0
No photon emitted.
No photon emitted.
No photon emitted.
Photon emitted!
No photon emitted.
Sent data: 000000000300aa7f, last: 0
No photon emitted.
No photon emitted.
No photon emitted.
No photon emitted.
No photon emitted.
Photon emitted!
No photon emitted.
Sent data: 000000000370f44e, last: 0
No photon emitted.
No photon emitted.
No photon emitted.
No photon emitted.
No photon emitted.
No photon emitted.
No photon emitted.
No photon emitted.
No photon emitted.
Photon emitted!
No photon emitted.
Sent data: 00000000042065b9, last: 0
Photon emitted!
No photon emitted.
Sent data: 000000000440e4e0, last: 0
No photon emitted.
No photon emitted.
No photon emitted.
No photon emitted.
No photon emitted.
No photon emitted.
No photon emitted.
No photon emitted.
Photon emitted!
No photon emitted.
Sent data: 0000000004e0c239, last: 0
No photon emitted.
No photon emitted.
No photon emitted.
No photon emitted.
No photon emitted.
No photon emitted.
No photon emitted.
No photon emitted.
No photon emitted.
No photon emitted.
No photon emitted.
No photon emitted.
No photon emitted.
No photon emitted.
No photon emitted.
Photon emitted!
No photon emitted.
Sent data: 0000000005f04f81, last: 0
No photon emitted.
No photon emitted.
Photon emitted!
Photon emitted!
Sent data: 0000000006300331, last: 0
No photon emitted.
No photon emitted.
Sent data: 0000000006406f8f, last: 0
No photon emitted.
No photon emitted.
No photon emitted.
No photon emitted.
No photon emitted.
No photon emitted.
No photon emitted.
No photon emitted.
No photon emitted.
No photon emitted.
No photon emitted.
No photon emitted.
No photon emitted.
Photon emitted!
No photon emitted.
Sent data: 0000000007407dfe, last: 0
No photon emitted.
No photon emitted.
No photon emitted.
No photon emitted.
No photon emitted.
No photon emitted.
No photon emitted.
No photon emitted.
No photon emitted.
No photon emitted.
Photon emitted!
No photon emitted.
Sent data: 000000000800f05d, last: 0
No photon emitted.
No photon emitted.
No photon emitted.
No photon emitted.
No photon emitted.
No photon emitted.
No photon emitted.
No photon emitted.
No photon emitted.
Photon emitted!
No photon emitted.
Sent data: 0000000008b0880f, last: 0
No photon emitted.
No photon emitted.
Photon emitted!
No photon emitted.
Sent data: 0000000008f04b33, last: 0
No photon emitted.
No photon emitted.
No photon emitted.
No photon emitted.
No photon emitted.
Photon emitted!
No photon emitted.
Sent data: 0000000009605569, last: 0
No photon emitted.
No photon emitted.
No photon emitted.
No photon emitted.
No photon emitted.
No photon emitted.
No photon emitted.
No photon emitted.
No photon emitted.
No photon emitted.
No photon emitted.
No photon emitted.
No photon emitted.
No photon emitted.
No photon emitted.
No photon emitted.
No photon emitted.
No photon emitted.
No photon emitted.
No photon emitted.
Photon emitted!
No photon emitted.
Sent data: 000000000ac02556, last: 0
No photon emitted.
No photon emitted.
No photon emitted.
No photon emitted.
No photon emitted.
No photon emitted.
No photon emitted.
No photon emitted.
No photon emitted.
No photon emitted.
Photon emitted!
No photon emitted.
Sent data: 000000000b80d29a, last: 0
No photon emitted.
No photon emitted.
No photon emitted.
No photon emitted.
No photon emitted.
No photon emitted.
No photon emitted.
No photon emitted.
No photon emitted.
Photon emitted!
No photon emitted.
Sent data: 000000000c30295c, last: 0
No photon emitted.
No photon emitted.
No photon emitted.
No photon emitted.
No photon emitted.
No photon emitted.
No photon emitted.
No photon emitted.
No photon emitted.
No photon emitted.
No photon emitted.
No photon emitted.
No photon emitted.
Photon emitted!
Photon emitted!
Sent data: 000000000d200749, last: 0
No photon emitted.
No photon emitted.
Sent data: 000000000d3077d3, last: 0
Photon emitted!
No photon emitted.
Sent data: 000000000d60fa3a, last: 0
No photon emitted.
Photon emitted!
No photon emitted.
Sent data: 000000000d9075d8, last: 0
No photon emitted.
No photon emitted.
No photon emitted.
No photon emitted.
No photon emitted.
No photon emitted.
No photon emitted.
No photon emitted.
No photon emitted.
No photon emitted.
No photon emitted.
No photon emitted.
No photon emitted.
No photon emitted.
No photon emitted.
No photon emitted.
No photon emitted.
No photon emitted.
No photon emitted.
No photon emitted.
No photon emitted.
No photon emitted.
No photon emitted.
No photon emitted.
No photon emitted.
Photon emitted!
Photon emitted!
Sent data: 000000000f408e78, last: 0
No photon emitted.
Sent data: 000000000f503539, last: 0
No photon emitted.
No photon emitted.
Photon emitted!
No photon emitted.
Sent data: 000000000f90e025, last: 0
No photon emitted.
No photon emitted.
No photon emitted.
No photon emitted.
No photon emitted.
No photon emitted.
No photon emitted.
No photon emitted.
No photon emitted.
No photon emitted.
Photon emitted!
No photon emitted.
Sent data: 000000001050d609, last: 0
No photon emitted.
No photon emitted.
No photon emitted.
No photon emitted.
No photon emitted.
No photon emitted.
No photon emitted.
No photon emitted.
No photon emitted.
No photon emitted.
No photon emitted.
No photon emitted.
No photon emitted.
No photon emitted.
Photon emitted!
No photon emitted.
Sent data: 000000001150a856, last: 0
No photon emitted.
No photon emitted.
No photon emitted.
Photon emitted!
No photon emitted.
Sent data: 0000000011a0e82c, last: 0
Photon emitted!
No photon emitted.
Sent data: 0000000011c09cd3, last: 0
No photon emitted.
No photon emitted.
No photon emitted.
No photon emitted.
No photon emitted.
No photon emitted.
No photon emitted.
No photon emitted.
No photon emitted.
No photon emitted.
Photon emitted!
Photon emitted!
Sent data: 0000000012803f1a, last: 0
No photon emitted.
Sent data: 0000000012905100, last: 0
No photon emitted.
No photon emitted.
No photon emitted.
Photon emitted!
No photon emitted.
Sent data: 0000000012e05fac, last: 0
No photon emitted.
Photon emitted!
No photon emitted.
Sent data: 0000000013108ee8, last: 0
No photon emitted.
No photon emitted.
No photon emitted.
No photon emitted.
No photon emitted.
No photon emitted.
No photon emitted.
No photon emitted.
No photon emitted.
No photon emitted.
No photon emitted.
No photon emitted.
Photon emitted!
Photon emitted!
Sent data: 0000000013f0d86c, last: 0
No photon emitted.
No photon emitted.
Sent data: 000000001400c0a0, last: 0
No photon emitted.
No photon emitted.
No photon emitted.
No photon emitted.
Photon emitted!
No photon emitted.
Sent data: 000000001470251d, last: 0
No photon emitted.
No photon emitted.
No photon emitted.
No photon emitted.
No photon emitted.
No photon emitted.
No photon emitted.
No photon emitted.
No photon emitted.
No photon emitted.
No photon emitted.
No photon emitted.
No photon emitted.
No photon emitted.
No photon emitted.
No photon emitted.
Photon emitted!
No photon emitted.
Sent data: 0000000015904fd1, last: 0
No photon emitted.
No photon emitted.
Photon emitted!
No photon emitted.
Sent data: 0000000015d00f00, last: 0
No photon emitted.
No photon emitted.
No photon emitted.
Photon emitted!
No photon emitted.
Sent data: 000000001620f8da, last: 0
No photon emitted.
No photon emitted.
No photon emitted.
No photon emitted.
No photon emitted.
No photon emitted.
No photon emitted.
No photon emitted.
No photon emitted.
No photon emitted.
No photon emitted.
No photon emitted.
No photon emitted.
No photon emitted.
No photon emitted.
No photon emitted.
Photon emitted!
No photon emitted.
Sent data: 00000000174007d8, last: 0
No photon emitted.
No photon emitted.
No photon emitted.
No photon emitted.
No photon emitted.
Photon emitted!
No photon emitted.
Sent data: 0000000017b03bc0, last: 0
No photon emitted.
No photon emitted.
No photon emitted.
No photon emitted.
Photon emitted!
No photon emitted.
Sent data: 0000000018108c4c, last: 0
No photon emitted.
No photon emitted.
No photon emitted.
No photon emitted.
No photon emitted.
No photon emitted.
No photon emitted.
No photon emitted.
No photon emitted.
No photon emitted.
No photon emitted.
No photon emitted.
No photon emitted.
No photon emitted.
No photon emitted.
No photon emitted.
Photon emitted!
No photon emitted.
Sent data: 000000001930b0d1, last: 0
No photon emitted.
No photon emitted.
No photon emitted.
No photon emitted.
No photon emitted.
No photon emitted.
No photon emitted.
Photon emitted!
No photon emitted.
Sent data: 0000000019c08c51, last: 0
No photon emitted.
No photon emitted.
No photon emitted.
Photon emitted!
No photon emitted.
Sent data: 000000001a10ee51, last: 0
No photon emitted.
Photon emitted!
No photon emitted.
Sent data: 000000001a40be45, last: 0
No photon emitted.
No photon emitted.
No photon emitted.
Photon emitted!
No photon emitted.
Sent data: 000000001a9067b3, last: 0
No photon emitted.
No photon emitted.
No photon emitted.
No photon emitted.
No photon emitted.
No photon emitted.
No photon emitted.
No photon emitted.
No photon emitted.
No photon emitted.
No photon emitted.
No photon emitted.
No photon emitted.
No photon emitted.
No photon emitted.
No photon emitted.
No photon emitted.
No photon emitted.
No photon emitted.
No photon emitted.
No photon emitted.
No photon emitted.
No photon emitted.
No photon emitted.
No photon emitted.
Photon emitted!
No photon emitted.
Sent data: 000000001c40867e, last: 0
No photon emitted.
Photon emitted!
No photon emitted.
Sent data: 000000001c70c680, last: 0
No photon emitted.
No photon emitted.
No photon emitted.
No photon emitted.
Photon emitted!
No photon emitted.
Sent data: 000000001cd053fc, last: 0
No photon emitted.
Photon emitted!
No photon emitted.
Sent data: 000000001d005748, last: 0
No photon emitted.
No photon emitted.
No photon emitted.
No photon emitted.
No photon emitted.
No photon emitted.
No photon emitted.
No photon emitted.
Photon emitted!
No photon emitted.
Sent data: 000000001da08081, last: 0
No photon emitted.
No photon emitted.
No photon emitted.
No photon emitted.
No photon emitted.
No photon emitted.
No photon emitted.
No photon emitted.
No photon emitted.
No photon emitted.
No photon emitted.
No photon emitted.
Photon emitted!
No photon emitted.
Sent data: 000000001e80dc31, last: 0
No photon emitted.
No photon emitted.
No photon emitted.
No photon emitted.
No photon emitted.
No photon emitted.
Photon emitted!
No photon emitted.
Sent data: 000000001f0035a7, last: 0
No photon emitted.
No photon emitted.
No photon emitted.
No photon emitted.
No photon emitted.
No photon emitted.
No photon emitted.
Photon emitted!
No photon emitted.
Sent data: 000000001f907d83, last: 0
No photon emitted.
No photon emitted.
No photon emitted.
No photon emitted.
No photon emitted.
No photon emitted.
No photon emitted.
No photon emitted.
No photon emitted.
No photon emitted.
No photon emitted.
No photon emitted.
Photon emitted!
No photon emitted.
Sent data: 000000002070c23f, last: 0
No photon emitted.
No photon emitted.
No photon emitted.
No photon emitted.
No photon emitted.
No photon emitted.
No photon emitted.
No photon emitted.
No photon emitted.
No photon emitted.
Photon emitted!
No photon emitted.
Sent data: 0000000021301100, last: 0
No photon emitted.
No photon emitted.
No photon emitted.
No photon emitted.
No photon emitted.
No photon emitted.
No photon emitted.
No photon emitted.
No photon emitted.
No photon emitted.
Photon emitted!
No photon emitted.
Sent data: 0000000021f08c64, last: 0
No photon emitted.
No photon emitted.
No photon emitted.
Photon emitted!
No photon emitted.
Sent data: 000000002240137e, last: 0
Photon emitted!
No photon emitted.
Sent data: 0000000022605ff1, last: 0
No photon emitted.
No photon emitted.
No photon emitted.
No photon emitted.
No photon emitted.
No photon emitted.
No photon emitted.
No photon emitted.
No photon emitted.
No photon emitted.
No photon emitted.
No photon emitted.
No photon emitted.
No photon emitted.
No photon emitted.
No photon emitted.
No photon emitted.
No photon emitted.
No photon emitted.
No photon emitted.
No photon emitted.
No photon emitted.
No photon emitted.
No photon emitted.
No photon emitted.
Photon emitted!
No photon emitted.
Sent data: 0000000024107b8e, last: 0
No photon emitted.
Photon emitted!
No photon emitted.
Sent data: 0000000024404d9e, last: 0
No photon emitted.
No photon emitted.
No photon emitted.
No photon emitted.
Photon emitted!
Photon emitted!
Sent data: 0000000024a019e8, last: 0
Photon emitted!
No photon emitted.
Sent data: 0000000024b01b49, last: 0
No photon emitted.
Sent data: 0000000024c0fa0a, last: 0
No photon emitted.
Photon emitted!
No photon emitted.
Sent data: 0000000025001b5f, last: 0
No photon emitted.
No photon emitted.
No photon emitted.
No photon emitted.
Photon emitted!
No photon emitted.
Sent data: 000000002560c851, last: 0
No photon emitted.
No photon emitted.
No photon emitted.
Photon emitted!
No photon emitted.
Sent data: 0000000025b08649, last: 0
Photon emitted!
No photon emitted.
Sent data: 0000000025d0a825, last: 0
No photon emitted.
No photon emitted.
Photon emitted!
No photon emitted.
Sent data: 000000002610e66c, last: 0
No photon emitted.
No photon emitted.
No photon emitted.
No photon emitted.
No photon emitted.
No photon emitted.
No photon emitted.
No photon emitted.
No photon emitted.
No photon emitted.
No photon emitted.
No photon emitted.
No photon emitted.
No photon emitted.
No photon emitted.
No photon emitted.
No photon emitted.
No photon emitted.
No photon emitted.
No photon emitted.
No photon emitted.
No photon emitted.
No photon emitted.
No photon emitted.
No photon emitted.
No photon emitted.
No photon emitted.
No photon emitted.
No photon emitted.
No photon emitted.
No photon emitted.
No photon emitted.
Photon emitted!
No photon emitted.
Sent data: 0000000028309c58, last: 0
No photon emitted.
Photon emitted!
No photon emitted.
Sent data: 000000002860ec5e, last: 0
No photon emitted.
No photon emitted.
No photon emitted.
No photon emitted.
No photon emitted.
No photon emitted.
No photon emitted.
No photon emitted.
No photon emitted.
No photon emitted.
No photon emitted.
No photon emitted.
Photon emitted!
No photon emitted.
Sent data: 000000002940e22f, last: 0
No photon emitted.
Photon emitted!
No photon emitted.
Sent data: 000000002970da83, last: 0
No photon emitted.
No photon emitted.
No photon emitted.
No photon emitted.
No photon emitted.
No photon emitted.
No photon emitted.
No photon emitted.
No photon emitted.
No photon emitted.
No photon emitted.
No photon emitted.
No photon emitted.
No photon emitted.
No photon emitted.
No photon emitted.
No photon emitted.
No photon emitted.
No photon emitted.
No photon emitted.
No photon emitted.
No photon emitted.
No photon emitted.
No photon emitted.
No photon emitted.
Photon emitted!
No photon emitted.
Sent data: 000000002b205327, last: 0
No photon emitted.
Photon emitted!
No photon emitted.
Sent data: 000000002b505bd4, last: 0
No photon emitted.
No photon emitted.
No photon emitted.
No photon emitted.
No photon emitted.
No photon emitted.
No photon emitted.
No photon emitted.
No photon emitted.
No photon emitted.
No photon emitted.
Photon emitted!
No photon emitted.
Sent data: 000000002c20c494, last: 0
No photon emitted.
No photon emitted.
No photon emitted.
No photon emitted.
No photon emitted.
Photon emitted!
No photon emitted.
Sent data: 000000002c90e492, last: 0
No photon emitted.
No photon emitted.
No photon emitted.
No photon emitted.
No photon emitted.
No photon emitted.
No photon emitted.
No photon emitted.
No photon emitted.
Photon emitted!
No photon emitted.
Sent data: 000000002d40673c, last: 0
No photon emitted.
No photon emitted.
No photon emitted.
Photon emitted!
No photon emitted.
Sent data: 000000002d901b46, last: 0
Photon emitted!
No photon emitted.
Sent data: 000000002db0aa6f, last: 0
No photon emitted.
No photon emitted.
Photon emitted!
Photon emitted!
Sent data: 000000002df0ae41, last: 0
No photon emitted.
No photon emitted.
Sent data: 000000002e0015f7, last: 0
No photon emitted.
No photon emitted.
No photon emitted.
No photon emitted.
No photon emitted.
Photon emitted!
No photon emitted.
Sent data: 000000002e80b816, last: 0
No photon emitted.
No photon emitted.
No photon emitted.
No photon emitted.
No photon emitted.
No photon emitted.
Photon emitted!
No photon emitted.
Sent data: 000000002f002f72, last: 0
No photon emitted.
No photon emitted.
No photon emitted.
Photon emitted!
No photon emitted.
Sent data: 000000002f5025a2, last: 0
No photon emitted.
No photon emitted.
No photon emitted.
No photon emitted.
No photon emitted.
No photon emitted.
No photon emitted.
No photon emitted.
No photon emitted.
No photon emitted.
No photon emitted.
No photon emitted.
No photon emitted.
No photon emitted.
Photon emitted!
No photon emitted.
Sent data: 00000000305059e3, last: 0
No photon emitted.
No photon emitted.
No photon emitted.
No photon emitted.
No photon emitted.
No photon emitted.
No photon emitted.
No photon emitted.
No photon emitted.
No photon emitted.
No photon emitted.
No photon emitted.
No photon emitted.
No photon emitted.
No photon emitted.
No photon emitted.
Photon emitted!
No photon emitted.
Sent data: 0000000031708292, last: 0
No photon emitted.
No photon emitted.
No photon emitted.
No photon emitted.
No photon emitted.
Photon emitted!
No photon emitted.
Sent data: 0000000031e0b0cb, last: 0
No photon emitted.
No photon emitted.
No photon emitted.
Photon emitted!
No photon emitted.
Sent data: 0000000032307568, last: 0
No photon emitted.
Photon emitted!
No photon emitted.
Sent data: 000000003260ee31, last: 0
No photon emitted.
No photon emitted.
No photon emitted.
No photon emitted.
No photon emitted.
No photon emitted.
No photon emitted.
No photon emitted.
No photon emitted.
No photon emitted.
No photon emitted.
No photon emitted.
No photon emitted.
No photon emitted.
No photon emitted.
No photon emitted.
No photon emitted.
No photon emitted.
Photon emitted!
No photon emitted.
Sent data: 0000000033a003cb, last: 0
No photon emitted.
No photon emitted.
No photon emitted.
No photon emitted.
No photon emitted.
No photon emitted.
No photon emitted.
No photon emitted.
No photon emitted.
No photon emitted.
No photon emitted.
No photon emitted.
No photon emitted.
No photon emitted.
No photon emitted.
No photon emitted.
No photon emitted.
No photon emitted.
No photon emitted.
No photon emitted.
No photon emitted.
No photon emitted.
No photon emitted.
Photon emitted!
No photon emitted.
Sent data: 000000003530c855, last: 0
No photon emitted.
No photon emitted.
No photon emitted.
No photon emitted.
No photon emitted.
No photon emitted.
No photon emitted.
No photon emitted.
No photon emitted.
No photon emitted.
No photon emitted.
No photon emitted.
No photon emitted.
No photon emitted.
No photon emitted.
No photon emitted.
No photon emitted.
No photon emitted.
No photon emitted.
No photon emitted.
No photon emitted.
No photon emitted.
No photon emitted.
No photon emitted.
No photon emitted.
No photon emitted.
No photon emitted.
No photon emitted.
No photon emitted.
No photon emitted.
No photon emitted.
No photon emitted.
Photon emitted!
No photon emitted.
Sent data: 0000000037500971, last: 0
Photon emitted!
No photon emitted.
Sent data: 000000003770535e, last: 0
No photon emitted.
No photon emitted.
No photon emitted.
No photon emitted.
No photon emitted.
No photon emitted.
No photon emitted.
No photon emitted.
Photon emitted!
No photon emitted.
Sent data: 00000000381086cd, last: 0
No photon emitted.
No photon emitted.
No photon emitted.
No photon emitted.
No photon emitted.
No photon emitted.
No photon emitted.
Photon emitted!
No photon emitted.
Sent data: 0000000038a0d6b5, last: 0
No photon emitted.
No photon emitted.
Photon emitted!
No photon emitted.
Sent data: 0000000038e00d08, last: 0
No photon emitted.
Photon emitted!
No photon emitted.
Sent data: 000000003910be82, last: 0
No photon emitted.
No photon emitted.
No photon emitted.
No photon emitted.
No photon emitted.
No photon emitted.
No photon emitted.
No photon emitted.
No photon emitted.
No photon emitted.
No photon emitted.
No photon emitted.
No photon emitted.
Photon emitted!
No photon emitted.
Sent data: 000000003a00983f, last: 0
No photon emitted.
Photon emitted!
No photon emitted.
Sent data: 000000003a30f2b0, last: 0
No photon emitted.
No photon emitted.
Photon emitted!
No photon emitted.
Sent data: 000000003a706fac, last: 0
No photon emitted.
No photon emitted.
No photon emitted.
No photon emitted.
No photon emitted.
No photon emitted.
No photon emitted.
No photon emitted.
No photon emitted.
No photon emitted.
No photon emitted.
No photon emitted.
No photon emitted.
Photon emitted!
No photon emitted.
Sent data: 000000003b60b032, last: 0
No photon emitted.
No photon emitted.
No photon emitted.
No photon emitted.
No photon emitted.
No photon emitted.
No photon emitted.
No photon emitted.
Photon emitted!
No photon emitted.
Sent data: 000000003c000505, last: 0
No photon emitted.
No photon emitted.
No photon emitted.
No photon emitted.
No photon emitted.
No photon emitted.
No photon emitted.
No photon emitted.
Photon emitted!
No photon emitted.
Sent data: 000000003ca07b5e, last: 0
No photon emitted.
No photon emitted.
No photon emitted.
No photon emitted.
No photon emitted.
No photon emitted.
No photon emitted.
No photon emitted.
No photon emitted.
No photon emitted.
No photon emitted.
No photon emitted.
No photon emitted.
No photon emitted.
No photon emitted.
No photon emitted.
Photon emitted!
No photon emitted.
Sent data: 000000003dc0d8b8, last: 0
No photon emitted.
No photon emitted.
No photon emitted.
No photon emitted.
No photon emitted.
No photon emitted.
No photon emitted.
No photon emitted.
No photon emitted.
No photon emitted.
No photon emitted.
No photon emitted.
No photon emitted.
No photon emitted.
Photon emitted!
No photon emitted.
Sent data: 000000003ec0677d, last: 0
No photon emitted.
Photon emitted!
No photon emitted.
Sent data: 000000003ef0d80a, last: 0
Photon emitted!
No photon emitted.
Sent data: 000000003f108a8d, last: 0
No photon emitted.
No photon emitted.
No photon emitted.
No photon emitted.
No photon emitted.
No photon emitted.
No photon emitted.
No photon emitted.
No photon emitted.
Photon emitted!
No photon emitted.
Sent data: 000000003fc039c9, last: 0
No photon emitted.
No photon emitted.
No photon emitted.
No photon emitted.
No photon emitted.
No photon emitted.
No photon emitted.
No photon emitted.
No photon emitted.
No photon emitted.
No photon emitted.
No photon emitted.
No photon emitted.
No photon emitted.
No photon emitted.
No photon emitted.
No photon emitted.
No photon emitted.
No photon emitted.
No photon emitted.
Photon emitted!
No photon emitted.
Sent data: 000000000120d8f1, last: 0
No photon emitted.
No photon emitted.
No photon emitted.
No photon emitted.
No photon emitted.
Photon emitted!
No photon emitted.
Sent data: 000000000190deb4, last: 0
No photon emitted.
No photon emitted.
No photon emitted.
Photon emitted!
Photon emitted!
Sent data: 0000000001e07fe5, last: 0
No photon emitted.
No photon emitted.
Sent data: 0000000001f03934, last: 0
No photon emitted.
No photon emitted.
No photon emitted.
No photon emitted.
No photon emitted.
No photon emitted.
No photon emitted.
No photon emitted.
No photon emitted.
No photon emitted.
No photon emitted.
No photon emitted.
No photon emitted.
No photon emitted.
No photon emitted.
No photon emitted.
No photon emitted.
No photon emitted.
No photon emitted.
No photon emitted.
No photon emitted.
No photon emitted.
Photon emitted!
No photon emitted.
Sent data: 0000000003804523, last: 0
No photon emitted.
No photon emitted.
No photon emitted.
No photon emitted.
No photon emitted.
No photon emitted.
No photon emitted.
No photon emitted.
No photon emitted.
No photon emitted.
No photon emitted.
Photon emitted!
No photon emitted.
Sent data: 000000000450232d, last: 0
No photon emitted.
Photon emitted!
No photon emitted.
Sent data: 0000000004807131, last: 0
No photon emitted.
No photon emitted.
No photon emitted.
No photon emitted.
No photon emitted.
No photon emitted.
No photon emitted.
No photon emitted.
Photon emitted!
No photon emitted.
Sent data: 000000000520455e, last: 0
No photon emitted.
No photon emitted.
No photon emitted.
No photon emitted.
No photon emitted.
No photon emitted.
No photon emitted.
No photon emitted.
No photon emitted.
No photon emitted.
Photon emitted!
No photon emitted.
Sent data: 0000000005e027b4, last: 0
No photon emitted.
No photon emitted.
Photon emitted!
No photon emitted.
Sent data: 000000000620730e, last: 0
Photon emitted!
Photon emitted!
Sent data: 0000000006404164, last: 0
No photon emitted.
Sent data: 0000000006500b64, last: 0
No photon emitted.
No photon emitted.
No photon emitted.
No photon emitted.
Photon emitted!
No photon emitted.
Sent data: 0000000006b03948, last: 0
No photon emitted.
No photon emitted.
No photon emitted.
No photon emitted.
Photon emitted!
No photon emitted.
Sent data: 000000000710d88a, last: 0
No photon emitted.
No photon emitted.
No photon emitted.
No photon emitted.
No photon emitted.
No photon emitted.
No photon emitted.
No photon emitted.
No photon emitted.
No photon emitted.
No photon emitted.
No photon emitted.
No photon emitted.
Photon emitted!
No photon emitted.
Sent data: 000000000800079b, last: 0
No photon emitted.
No photon emitted.
No photon emitted.
No photon emitted.
Photon emitted!
No photon emitted.
Sent data: 000000000860f4cd, last: 0
No photon emitted.
No photon emitted.
No photon emitted.
No photon emitted.
No photon emitted.
No photon emitted.
No photon emitted.
No photon emitted.
No photon emitted.
No photon emitted.
No photon emitted.
No photon emitted.
Photon emitted!
No photon emitted.
Sent data: 000000000940fa6b, last: 0
No photon emitted.
No photon emitted.
No photon emitted.
No photon emitted.
Photon emitted!
Photon emitted!
Sent data: 0000000009a023ab, last: 0
No photon emitted.
Photon emitted!
Sent data: 0000000009b0a2e3, last: 0
Photon emitted!
Sent data: 0000000009d02fbd, last: 0
No photon emitted.
Photon emitted!
Sent data: 0000000009e0a4d9, last: 0
No photon emitted.
No photon emitted.
Sent data: 000000000a00d8c2, last: 0
No photon emitted.
No photon emitted.
No photon emitted.
No photon emitted.
No photon emitted.
No photon emitted.
No photon emitted.
No photon emitted.
No photon emitted.
No photon emitted.
No photon emitted.
No photon emitted.
No photon emitted.
No photon emitted.
No photon emitted.
No photon emitted.
No photon emitted.
No photon emitted.
Photon emitted!
No photon emitted.
Sent data: 000000000b50ace0, last: 0
No photon emitted.
No photon emitted.
No photon emitted.
No photon emitted.
Photon emitted!
No photon emitted.
Sent data: 000000000bb0a65f, last: 0
No photon emitted.
No photon emitted.
No photon emitted.
No photon emitted.
No photon emitted.
No photon emitted.
No photon emitted.
No photon emitted.
No photon emitted.
No photon emitted.
No photon emitted.
No photon emitted.
No photon emitted.
No photon emitted.
No photon emitted.
No photon emitted.
No photon emitted.
No photon emitted.
No photon emitted.
No photon emitted.
No photon emitted.
No photon emitted.
No photon emitted.
No photon emitted.
No photon emitted.
No photon emitted.
No photon emitted.
No photon emitted.
No photon emitted.
No photon emitted.
Photon emitted!
No photon emitted.
Sent data: 000000000db0b61d, last: 0
No photon emitted.
No photon emitted.
No photon emitted.
Photon emitted!
No photon emitted.
Sent data: 000000000e00cc93, last: 0
No photon emitted.
No photon emitted.
No photon emitted.
No photon emitted.
No photon emitted.
No photon emitted.
No photon emitted.
No photon emitted.
No photon emitted.
No photon emitted.
No photon emitted.
No photon emitted.
No photon emitted.
No photon emitted.
No photon emitted.
Photon emitted!
No photon emitted.
Sent data: 000000000f100326, last: 0
No photon emitted.
No photon emitted.
No photon emitted.
No photon emitted.
No photon emitted.
No photon emitted.
No photon emitted.
Photon emitted!
No photon emitted.
Sent data: 000000000fa08605, last: 0
No photon emitted.
No photon emitted.
No photon emitted.
No photon emitted.
No photon emitted.
No photon emitted.
No photon emitted.
No photon emitted.
Photon emitted!
Photon emitted!
Sent data: 000000001040e809, last: 0
No photon emitted.
Sent data: 000000001050846c, last: 0
No photon emitted.
No photon emitted.
Photon emitted!
No photon emitted.
Sent data: 000000001090c06b, last: 0
No photon emitted.
No photon emitted.
No photon emitted.
No photon emitted.
No photon emitted.
Photon emitted!
No photon emitted.
Sent data: 0000000011003db0, last: 0
No photon emitted.
No photon emitted.
Photon emitted!
No photon emitted.
Sent data: 000000001140b8f7, last: 0
Photon emitted!
No photon emitted.
Sent data: 00000000116051a5, last: 0
No photon emitted.
No photon emitted.
Photon emitted!
No photon emitted.
Sent data: 0000000011a0c057, last: 0
No photon emitted.
Photon emitted!
No photon emitted.
Sent data: 0000000011d07376, last: 0
No photon emitted.
No photon emitted.
Photon emitted!
No photon emitted.
Sent data: 000000001210634f, last: 0
No photon emitted.
No photon emitted.
No photon emitted.
No photon emitted.
No photon emitted.
No photon emitted.
No photon emitted.
No photon emitted.
No photon emitted.
No photon emitted.
No photon emitted.
No photon emitted.
No photon emitted.
No photon emitted.
No photon emitted.
No photon emitted.
No photon emitted.
No photon emitted.
No photon emitted.
No photon emitted.
No photon emitted.
No photon emitted.
No photon emitted.
Photon emitted!
No photon emitted.
Sent data: 0000000013a03db4, last: 0
No photon emitted.
No photon emitted.
No photon emitted.
No photon emitted.
No photon emitted.
No photon emitted.
No photon emitted.
No photon emitted.
No photon emitted.
No photon emitted.
Photon emitted!
No photon emitted.
Sent data: 000000001460a21d, last: 0
No photon emitted.
Photon emitted!
No photon emitted.
Sent data: 0000000014901587, last: 0
No photon emitted.
No photon emitted.
No photon emitted.
Photon emitted!
No photon emitted.
Sent data: 0000000014e06346, last: 0
No photon emitted.
No photon emitted.
No photon emitted.
No photon emitted.
No photon emitted.
No photon emitted.
No photon emitted.
No photon emitted.
No photon emitted.
No photon emitted.
No photon emitted.
No photon emitted.
No photon emitted.
No photon emitted.
No photon emitted.
No photon emitted.
No photon emitted.
No photon emitted.
No photon emitted.
No photon emitted.
No photon emitted.
No photon emitted.
No photon emitted.
No photon emitted.
No photon emitted.
No photon emitted.
No photon emitted.
No photon emitted.
No photon emitted.
No photon emitted.
No photon emitted.
No photon emitted.
No photon emitted.
Photon emitted!
No photon emitted.
Sent data: 0000000017101366, last: 0
No photon emitted.
No photon emitted.
No photon emitted.
No photon emitted.
No photon emitted.
Photon emitted!
No photon emitted.
Sent data: 000000001780419e, last: 0
Photon emitted!
No photon emitted.
Sent data: 0000000017a0513f, last: 0
Photon emitted!
No photon emitted.
Sent data: 0000000017c07554, last: 0
No photon emitted.
No photon emitted.
No photon emitted.
No photon emitted.
No photon emitted.
No photon emitted.
No photon emitted.
No photon emitted.
Photon emitted!
No photon emitted.
Sent data: 0000000018605f54, last: 0
No photon emitted.
No photon emitted.
No photon emitted.
No photon emitted.
No photon emitted.
No photon emitted.
No photon emitted.
No photon emitted.
No photon emitted.
No photon emitted.
No photon emitted.
No photon emitted.
No photon emitted.
No photon emitted.
No photon emitted.
No photon emitted.
No photon emitted.
Photon emitted!
No photon emitted.
Sent data: 000000001990b44c, last: 0
No photon emitted.
No photon emitted.
No photon emitted.
No photon emitted.
No photon emitted.
Photon emitted!
No photon emitted.
Sent data: 000000001a009006, last: 0
Photon emitted!
No photon emitted.
Sent data: 000000001a201350, last: 0
No photon emitted.
No photon emitted.
No photon emitted.
No photon emitted.
No photon emitted.
No photon emitted.
No photon emitted.
No photon emitted.
No photon emitted.
No photon emitted.
Photon emitted!
No photon emitted.
Sent data: 000000001ae06d2d, last: 0
No photon emitted.
No photon emitted.
No photon emitted.
No photon emitted.
No photon emitted.
No photon emitted.
No photon emitted.
No photon emitted.
No photon emitted.
No photon emitted.
No photon emitted.
No photon emitted.
No photon emitted.
No photon emitted.
No photon emitted.
No photon emitted.
No photon emitted.
No photon emitted.
No photon emitted.
Photon emitted!
No photon emitted.
Sent data: 000000001c30dc86, last: 0
No photon emitted.
Photon emitted!
No photon emitted.
Sent data: 000000001c60036a, last: 0
No photon emitted.
No photon emitted.
No photon emitted.
No photon emitted.
No photon emitted.
No photon emitted.
Photon emitted!
No photon emitted.
Sent data: 000000001ce07db8, last: 0
No photon emitted.
No photon emitted.
No photon emitted.
No photon emitted.
No photon emitted.
No photon emitted.
No photon emitted.
No photon emitted.
No photon emitted.
Photon emitted!
No photon emitted.
Sent data: 000000001d90caef, last: 0
No photon emitted.
No photon emitted.
No photon emitted.
No photon emitted.
No photon emitted.
No photon emitted.
No photon emitted.
Photon emitted!
No photon emitted.
Sent data: 000000001e2057a0, last: 0
No photon emitted.
No photon emitted.
No photon emitted.
No photon emitted.
No photon emitted.
Photon emitted!
No photon emitted.
Sent data: 000000001e900f3f, last: 0
Photon emitted!
No photon emitted.
Sent data: 000000001eb0aa09, last: 0
No photon emitted.
No photon emitted.
No photon emitted.
No photon emitted.
No photon emitted.
No photon emitted.
No photon emitted.
Photon emitted!
No photon emitted.
Sent data: 000000001f40c2a8, last: 0
No photon emitted.
No photon emitted.
No photon emitted.
No photon emitted.
Photon emitted!
No photon emitted.
Sent data: 000000001fa0fa55, last: 0
No photon emitted.
No photon emitted.
No photon emitted.
No photon emitted.
No photon emitted.
No photon emitted.
No photon emitted.
Photon emitted!
No photon emitted.
Sent data: 000000002030e61e, last: 0
No photon emitted.
No photon emitted.
Photon emitted!
No photon emitted.
Sent data: 000000002070dcb8, last: 0
No photon emitted.
Photon emitted!
No photon emitted.
Sent data: 0000000020a0e2ce, last: 0
No photon emitted.
No photon emitted.
No photon emitted.
No photon emitted.
No photon emitted.
No photon emitted.
No photon emitted.
No photon emitted.
No photon emitted.
No photon emitted.
No photon emitted.
No photon emitted.
No photon emitted.
No photon emitted.
No photon emitted.
No photon emitted.
No photon emitted.
No photon emitted.
No photon emitted.
No photon emitted.
No photon emitted.
No photon emitted.
No photon emitted.
No photon emitted.
No photon emitted.
No photon emitted.
No photon emitted.
No photon emitted.
No photon emitted.
Photon emitted!
No photon emitted.
Sent data: 000000002290e6d6, last: 0
No photon emitted.
No photon emitted.
No photon emitted.
No photon emitted.
No photon emitted.
No photon emitted.
No photon emitted.
No photon emitted.
No photon emitted.
No photon emitted.
No photon emitted.
No photon emitted.
No photon emitted.
No photon emitted.
No photon emitted.
No photon emitted.
No photon emitted.
No photon emitted.
No photon emitted.
No photon emitted.
No photon emitted.
No photon emitted.
No photon emitted.
No photon emitted.
No photon emitted.
No photon emitted.
No photon emitted.
No photon emitted.
No photon emitted.
No photon emitted.
No photon emitted.
No photon emitted.
Photon emitted!
No photon emitted.
Sent data: 0000000024b0f025, last: 0
No photon emitted.
No photon emitted.
No photon emitted.
No photon emitted.
Photon emitted!
No photon emitted.
Sent data: 0000000025108aa9, last: 0
No photon emitted.
No photon emitted.
No photon emitted.
No photon emitted.
No photon emitted.
No photon emitted.
No photon emitted.
No photon emitted.
No photon emitted.
No photon emitted.
No photon emitted.
No photon emitted.
No photon emitted.
Photon emitted!
No photon emitted.
Sent data: 000000002600f4cf, last: 0
No photon emitted.
No photon emitted.
Photon emitted!
No photon emitted.
Sent data: 0000000026407535, last: 0
Photon emitted!
No photon emitted.
Sent data: 0000000026605d40, last: 0
Photon emitted!
No photon emitted.
Sent data: 00000000268073b6, last: 0
No photon emitted.
No photon emitted.
No photon emitted.
No photon emitted.
No photon emitted.
No photon emitted.
Photon emitted!
Photon emitted!
Sent data: 00000000270084f5, last: 0
No photon emitted.
Sent data: 000000002710c45a, last: 0
Photon emitted!
No photon emitted.
Sent data: 00000000273017e1, last: 0
No photon emitted.
No photon emitted.
No photon emitted.
No photon emitted.
No photon emitted.
No photon emitted.
Photon emitted!
No photon emitted.
Sent data: 0000000027b01125, last: 0
No photon emitted.
No photon emitted.
No photon emitted.
No photon emitted.
No photon emitted.
No photon emitted.
No photon emitted.
No photon emitted.
No photon emitted.
No photon emitted.
No photon emitted.
No photon emitted.
No photon emitted.
No photon emitted.
No photon emitted.
No photon emitted.
No photon emitted.
No photon emitted.
No photon emitted.
No photon emitted.
No photon emitted.
No photon emitted.
No photon emitted.
No photon emitted.
No photon emitted.
No photon emitted.
No photon emitted.
No photon emitted.
No photon emitted.
No photon emitted.
No photon emitted.
No photon emitted.
Photon emitted!
No photon emitted.
Sent data: 0000000029d0e027, last: 0
Photon emitted!
No photon emitted.
Sent data: 0000000029f03144, last: 0
Photon emitted!
No photon emitted.
Sent data: 000000002a10c679, last: 0
No photon emitted.
No photon emitted.
No photon emitted.
No photon emitted.
No photon emitted.
No photon emitted.
No photon emitted.
No photon emitted.
No photon emitted.
No photon emitted.
No photon emitted.
No photon emitted.
Photon emitted!
No photon emitted.
Sent data: 000000002af09e9f, last: 0
No photon emitted.
No photon emitted.
No photon emitted.
No photon emitted.
No photon emitted.
No photon emitted.
No photon emitted.
No photon emitted.
Photon emitted!
No photon emitted.
Sent data: 000000002b9013a8, last: 0
No photon emitted.
No photon emitted.
No photon emitted.
No photon emitted.
No photon emitted.
No photon emitted.
No photon emitted.
No photon emitted.
No photon emitted.
No photon emitted.
No photon emitted.
No photon emitted.
Photon emitted!
No photon emitted.
Sent data: 000000002c7053c9, last: 0
Photon emitted!
No photon emitted.
Sent data: 000000002c905d85, last: 0
No photon emitted.
No photon emitted.
No photon emitted.
No photon emitted.
Photon emitted!
No photon emitted.
Sent data: 000000002cf01d85, last: 0
No photon emitted.
No photon emitted.
Photon emitted!
No photon emitted.
Sent data: 000000002d30e873, last: 0
Photon emitted!
No photon emitted.
Sent data: 000000002d500988, last: 0
No photon emitted.
No photon emitted.
No photon emitted.
No photon emitted.
No photon emitted.
No photon emitted.
No photon emitted.
No photon emitted.
No photon emitted.
Photon emitted!
No photon emitted.
Sent data: 000000002e000596, last: 0
No photon emitted.
No photon emitted.
No photon emitted.
No photon emitted.
No photon emitted.
No photon emitted.
No photon emitted.
No photon emitted.
No photon emitted.
No photon emitted.
No photon emitted.
No photon emitted.
No photon emitted.
No photon emitted.
No photon emitted.
No photon emitted.
No photon emitted.
No photon emitted.
No photon emitted.
No photon emitted.
No photon emitted.
No photon emitted.
No photon emitted.
No photon emitted.
No photon emitted.
No photon emitted.
Photon emitted!
No photon emitted.
Sent data: 000000002fc0c234, last: 0
No photon emitted.
No photon emitted.
No photon emitted.
No photon emitted.
No photon emitted.
No photon emitted.
No photon emitted.
No photon emitted.
No photon emitted.
No photon emitted.
No photon emitted.
No photon emitted.
No photon emitted.
No photon emitted.
No photon emitted.
No photon emitted.
No photon emitted.
No photon emitted.
No photon emitted.
No photon emitted.
No photon emitted.
No photon emitted.
No photon emitted.
No photon emitted.
No photon emitted.
No photon emitted.
No photon emitted.
No photon emitted.
No photon emitted.
No photon emitted.
No photon emitted.
Photon emitted!
No photon emitted.
Sent data: 0000000031d06d3d, last: 0
No photon emitted.
No photon emitted.
No photon emitted.
No photon emitted.
No photon emitted.
No photon emitted.
No photon emitted.
No photon emitted.
Photon emitted!
No photon emitted.
Sent data: 0000000032707151, last: 0
No photon emitted.
No photon emitted.
No photon emitted.
No photon emitted.
No photon emitted.
No photon emitted.
No photon emitted.
No photon emitted.
No photon emitted.
No photon emitted.
No photon emitted.
No photon emitted.
No photon emitted.
No photon emitted.
No photon emitted.
No photon emitted.
No photon emitted.
No photon emitted.
No photon emitted.
No photon emitted.
No photon emitted.
No photon emitted.
Photon emitted!
No photon emitted.
Sent data: 0000000033f0a81b, last: 0
No photon emitted.
No photon emitted.
No photon emitted.
No photon emitted.
No photon emitted.
No photon emitted.
No photon emitted.
No photon emitted.
Photon emitted!
No photon emitted.
Sent data: 000000003490901c, last: 0
No photon emitted.
No photon emitted.
No photon emitted.
No photon emitted.
Photon emitted!
No photon emitted.
Sent data: 0000000034f06bbd, last: 0
No photon emitted.
No photon emitted.
No photon emitted.
No photon emitted.
No photon emitted.
No photon emitted.
No photon emitted.
No photon emitted.
No photon emitted.
No photon emitted.
No photon emitted.
No photon emitted.
No photon emitted.
No photon emitted.
No photon emitted.
No photon emitted.
No photon emitted.
Photon emitted!
No photon emitted.
Sent data: 000000003620e2b4, last: 0
No photon emitted.
No photon emitted.
Photon emitted!
No photon emitted.
Sent data: 000000003660754e, last: 0
No photon emitted.
No photon emitted.
No photon emitted.
No photon emitted.
No photon emitted.
No photon emitted.
No photon emitted.
No photon emitted.
No photon emitted.
No photon emitted.
No photon emitted.
No photon emitted.
No photon emitted.
No photon emitted.
No photon emitted.
No photon emitted.
No photon emitted.
No photon emitted.
No photon emitted.
No photon emitted.
No photon emitted.
No photon emitted.
No photon emitted.
No photon emitted.
No photon emitted.
Photon emitted!
No photon emitted.
Sent data: 0000000038103f2f, last: 0
No photon emitted.
No photon emitted.
No photon emitted.
No photon emitted.
No photon emitted.
No photon emitted.
No photon emitted.
No photon emitted.
No photon emitted.
No photon emitted.
No photon emitted.
No photon emitted.
No photon emitted.
No photon emitted.
No photon emitted.
No photon emitted.
No photon emitted.
No photon emitted.
No photon emitted.
No photon emitted.
No photon emitted.
No photon emitted.
No photon emitted.
No photon emitted.
No photon emitted.
No photon emitted.
No photon emitted.
No photon emitted.
No photon emitted.
No photon emitted.
No photon emitted.
No photon emitted.
No photon emitted.
No photon emitted.
No photon emitted.
No photon emitted.
No photon emitted.
No photon emitted.
Photon emitted!
No photon emitted.
Sent data: 000000003a907159, last: 0
No photon emitted.
No photon emitted.
No photon emitted.
No photon emitted.
No photon emitted.
No photon emitted.
No photon emitted.
No photon emitted.
No photon emitted.
No photon emitted.
No photon emitted.
No photon emitted.
No photon emitted.
No photon emitted.
No photon emitted.
No photon emitted.
No photon emitted.
No photon emitted.
No photon emitted.
No photon emitted.
No photon emitted.
Photon emitted!
No photon emitted.
Sent data: 000000003c00fcec, last: 0
No photon emitted.
No photon emitted.
No photon emitted.
No photon emitted.
No photon emitted.
No photon emitted.
No photon emitted.
No photon emitted.
No photon emitted.
No photon emitted.
No photon emitted.
Photon emitted!
No photon emitted.
Sent data: 000000003cd0551e, last: 0
No photon emitted.
Photon emitted!
Photon emitted!
Sent data: 000000003d00ca9d, last: 0
No photon emitted.
Sent data: 000000003d10c8c0, last: 0
No photon emitted.
No photon emitted.
No photon emitted.
No photon emitted.
No photon emitted.
No photon emitted.
No photon emitted.
No photon emitted.
No photon emitted.
No photon emitted.
No photon emitted.
Photon emitted!
No photon emitted.
Sent data: 000000003de019e3, last: 0
No photon emitted.
No photon emitted.
No photon emitted.
No photon emitted.
No photon emitted.
No photon emitted.
No photon emitted.
No photon emitted.
No photon emitted.
No photon emitted.
No photon emitted.
No photon emitted.
No photon emitted.
No photon emitted.
No photon emitted.
No photon emitted.
Photon emitted!
No photon emitted.
Sent data: 000000003f00f664, last: 0
No photon emitted.
No photon emitted.
No photon emitted.
No photon emitted.
No photon emitted.
No photon emitted.
No photon emitted.
No photon emitted.
No photon emitted.
No photon emitted.
No photon emitted.
No photon emitted.
No photon emitted.
No photon emitted.
No photon emitted.
No photon emitted.
No photon emitted.
No photon emitted.
No photon emitted.
No photon emitted.
No photon emitted.
No photon emitted.
No photon emitted.
No photon emitted.
Photon emitted!
No photon emitted.
Sent data: 0000000000a0f04b, last: 0
No photon emitted.
No photon emitted.
No photon emitted.
No photon emitted.
No photon emitted.
No photon emitted.
No photon emitted.
No photon emitted.
Photon emitted!
No photon emitted.
Sent data: 0000000001407f91, last: 0
No photon emitted.
No photon emitted.
Photon emitted!
No photon emitted.
Sent data: 0000000001805784, last: 0
No photon emitted.
No photon emitted.
No photon emitted.
No photon emitted.
No photon emitted.
No photon emitted.
No photon emitted.
No photon emitted.
No photon emitted.
No photon emitted.
No photon emitted.
No photon emitted.
No photon emitted.
No photon emitted.
No photon emitted.
No photon emitted.
No photon emitted.
No photon emitted.
No photon emitted.
No photon emitted.
No photon emitted.
No photon emitted.
No photon emitted.
No photon emitted.
Photon emitted!
No photon emitted.
Sent data: 0000000003204749, last: 0
Photon emitted!
No photon emitted.
Sent data: 000000000340ac13, last: 0
No photon emitted.
No photon emitted.
Photon emitted!
No photon emitted.
Sent data: 000000000380e0b3, last: 0
No photon emitted.
No photon emitted.
No photon emitted.
No photon emitted.
No photon emitted.
No photon emitted.
No photon emitted.
Photon emitted!
No photon emitted.
Sent data: 000000000410111c, last: 0
No photon emitted.
No photon emitted.
No photon emitted.
No photon emitted.
No photon emitted.
No photon emitted.
No photon emitted.
No photon emitted.
No photon emitted.
No photon emitted.
No photon emitted.
No photon emitted.
No photon emitted.
Photon emitted!
No photon emitted.
Sent data: 0000000005006d28, last: 0
No photon emitted.
No photon emitted.
No photon emitted.
No photon emitted.
No photon emitted.
No photon emitted.
Photon emitted!
No photon emitted.
Sent data: 0000000005803b2a, last: 0
No photon emitted.
No photon emitted.
No photon emitted.
No photon emitted.
No photon emitted.
No photon emitted.
No photon emitted.
No photon emitted.
No photon emitted.
No photon emitted.
No photon emitted.
No photon emitted.
No photon emitted.
No photon emitted.
No photon emitted.
No photon emitted.
No photon emitted.
Photon emitted!
No photon emitted.
Sent data: 0000000006b0795d, last: 0
No photon emitted.
No photon emitted.
No photon emitted.
No photon emitted.
No photon emitted.
Photon emitted!
No photon emitted.
Sent data: 00000000072061ee, last: 0
No photon emitted.
No photon emitted.
No photon emitted.
No photon emitted.
No photon emitted.
No photon emitted.
No photon emitted.
No photon emitted.
Photon emitted!
No photon emitted.
Sent data: 0000000007c05bcc, last: 0
No photon emitted.
No photon emitted.
No photon emitted.
No photon emitted.
No photon emitted.
No photon emitted.
No photon emitted.
Photon emitted!
No photon emitted.
Sent data: 00000000085015bb, last: 0
No photon emitted.
No photon emitted.
No photon emitted.
No photon emitted.
No photon emitted.
No photon emitted.
No photon emitted.
No photon emitted.
No photon emitted.
No photon emitted.
No photon emitted.
No photon emitted.
No photon emitted.
No photon emitted.
No photon emitted.
Photon emitted!
No photon emitted.
Sent data: 0000000009609478, last: 0
No photon emitted.
No photon emitted.
No photon emitted.
No photon emitted.
No photon emitted.
No photon emitted.
Photon emitted!
No photon emitted.
Sent data: 0000000009e025ca, last: 0
No photon emitted.
No photon emitted.
No photon emitted.
Photon emitted!
No photon emitted.
Sent data: 000000000a30375d, last: 0
No photon emitted.
No photon emitted.
No photon emitted.
No photon emitted.
No photon emitted.
No photon emitted.
No photon emitted.
No photon emitted.
No photon emitted.
No photon emitted.
No photon emitted.
No photon emitted.
Photon emitted!
No photon emitted.
Sent data: 000000000b10fa1e, last: 0
No photon emitted.
No photon emitted.
No photon emitted.
No photon emitted.
No photon emitted.
No photon emitted.
No photon emitted.
No photon emitted.
No photon emitted.
No photon emitted.
No photon emitted.
No photon emitted.
No photon emitted.
Photon emitted!
No photon emitted.
Sent data: 000000000c003d76, last: 0
Photon emitted!
No photon emitted.
Sent data: 000000000c2079cb, last: 0
No photon emitted.
No photon emitted.
No photon emitted.
No photon emitted.
No photon emitted.
No photon emitted.
No photon emitted.
No photon emitted.
No photon emitted.
No photon emitted.
No photon emitted.
No photon emitted.
No photon emitted.
Photon emitted!
No photon emitted.
Sent data: 000000000d1071db, last: 0
No photon emitted.
No photon emitted.
No photon emitted.
No photon emitted.
No photon emitted.
No photon emitted.
No photon emitted.
No photon emitted.
No photon emitted.
No photon emitted.
No photon emitted.
No photon emitted.
No photon emitted.
Photon emitted!
No photon emitted.
Sent data: 000000000e00e4b4, last: 0
No photon emitted.
No photon emitted.
Photon emitted!
Photon emitted!
Sent data: 000000000e404320, last: 0
No photon emitted.
Sent data: 000000000e503b04, last: 1
No photon emitted.
No photon emitted.
No photon emitted.
No photon emitted.
No photon emitted.
No photon emitted.
No photon emitted.
No photon emitted.
No photon emitted.
No photon emitted.
No photon emitted.
No photon emitted.
No photon emitted.
No photon emitted.
No photon emitted.
No photon emitted.
Photon emitted!
No photon emitted.
Sent data: 000000000f70b279, last: 0
No photon emitted.
No photon emitted.
No photon emitted.
No photon emitted.
No photon emitted.
No photon emitted.
No photon emitted.
No photon emitted.
No photon emitted.
Photon emitted!
No photon emitted.
Sent data: 00000000102090cd, last: 0
No photon emitted.
No photon emitted.
No photon emitted.
No photon emitted.
No photon emitted.
Photon emitted!
No photon emitted.
Sent data: 000000001090ac92, last: 0
No photon emitted.
No photon emitted.
No photon emitted.
No photon emitted.
No photon emitted.
No photon emitted.
No photon emitted.
No photon emitted.
No photon emitted.
No photon emitted.
No photon emitted.
No photon emitted.
Photon emitted!
No photon emitted.
Sent data: 0000000011708045, last: 0
No photon emitted.
No photon emitted.
No photon emitted.
No photon emitted.
No photon emitted.
Photon emitted!
No photon emitted.
Sent data: 0000000011e0eaa9, last: 0
No photon emitted.
Photon emitted!
No photon emitted.
Sent data: 000000001210fc9e, last: 0
No photon emitted.
No photon emitted.
No photon emitted.
No photon emitted.
No photon emitted.
No photon emitted.
No photon emitted.
No photon emitted.
No photon emitted.
No photon emitted.
No photon emitted.
No photon emitted.
Photon emitted!
No photon emitted.
Sent data: 0000000012f04bdd, last: 0
No photon emitted.
No photon emitted.
No photon emitted.
No photon emitted.
No photon emitted.
No photon emitted.
No photon emitted.
No photon emitted.
No photon emitted.
No photon emitted.
No photon emitted.
No photon emitted.
No photon emitted.
No photon emitted.
No photon emitted.
Photon emitted!
No photon emitted.
Sent data: 0000000014002dc0, last: 0
No photon emitted.
No photon emitted.
No photon emitted.
Photon emitted!
No photon emitted.
Sent data: 000000001450c24b, last: 0
No photon emitted.
No photon emitted.
No photon emitted.
No photon emitted.
No photon emitted.
No photon emitted.
No photon emitted.
No photon emitted.
No photon emitted.
No photon emitted.
No photon emitted.
No photon emitted.
No photon emitted.
No photon emitted.
No photon emitted.
Photon emitted!
No photon emitted.
Sent data: 00000000156061bb, last: 0
No photon emitted.
No photon emitted.
No photon emitted.
No photon emitted.
No photon emitted.
No photon emitted.
Photon emitted!
No photon emitted.
Sent data: 0000000015e02981, last: 0
No photon emitted.
No photon emitted.
No photon emitted.
No photon emitted.
No photon emitted.
No photon emitted.
No photon emitted.
No photon emitted.
No photon emitted.
Photon emitted!
No photon emitted.
Sent data: 000000001690d8b2, last: 0
Photon emitted!
Photon emitted!
Sent data: 0000000016b027b3, last: 0
No photon emitted.
No photon emitted.
Sent data: 0000000016c0390b, last: 0
No photon emitted.
Photon emitted!
No photon emitted.
Sent data: 0000000017001148, last: 0
No photon emitted.
No photon emitted.
No photon emitted.
Photon emitted!
No photon emitted.
Sent data: 000000001750e0e1, last: 0
No photon emitted.
No photon emitted.
No photon emitted.
No photon emitted.
No photon emitted.
No photon emitted.
No photon emitted.
Photon emitted!
No photon emitted.
Sent data: 0000000017e045fc, last: 0
No photon emitted.
Photon emitted!
No photon emitted.
Sent data: 000000001810c4af, last: 0
No photon emitted.
No photon emitted.
No photon emitted.
Photon emitted!
No photon emitted.
Sent data: 0000000018608ea0, last: 0
No photon emitted.
No photon emitted.
No photon emitted.
No photon emitted.
Photon emitted!
No photon emitted.
Sent data: 0000000018c05f0e, last: 0
No photon emitted.
No photon emitted.
No photon emitted.
Photon emitted!
No photon emitted.
Sent data: 0000000019100775, last: 0
No photon emitted.
No photon emitted.
No photon emitted.
No photon emitted.
No photon emitted.
No photon emitted.
No photon emitted.
No photon emitted.
No photon emitted.
No photon emitted.
No photon emitted.
No photon emitted.
Photon emitted!
Photon emitted!
Sent data: 0000000019f07fd9, last: 0
No photon emitted.
Photon emitted!
Sent data: 000000001a00ee0d, last: 0
No photon emitted.
Sent data: 000000001a203127, last: 0
No photon emitted.
No photon emitted.
No photon emitted.
No photon emitted.
No photon emitted.
Photon emitted!
No photon emitted.
Sent data: 000000001a901974, last: 0
No photon emitted.
No photon emitted.
No photon emitted.
Photon emitted!
No photon emitted.
Sent data: 000000001ae021fc, last: 0
No photon emitted.
No photon emitted.
No photon emitted.
No photon emitted.
No photon emitted.
No photon emitted.
No photon emitted.
No photon emitted.
No photon emitted.
No photon emitted.
No photon emitted.
No photon emitted.
No photon emitted.
No photon emitted.
No photon emitted.
Photon emitted!
No photon emitted.
Sent data: 000000001bf0bebf, last: 0
No photon emitted.
No photon emitted.
No photon emitted.
No photon emitted.
No photon emitted.
No photon emitted.
No photon emitted.
Photon emitted!
No photon emitted.
Sent data: 000000001c80f25f, last: 0
No photon emitted.
No photon emitted.
No photon emitted.
No photon emitted.
No photon emitted.
Photon emitted!
No photon emitted.
Sent data: 000000001cf0e881, last: 0
No photon emitted.
No photon emitted.
No photon emitted.
No photon emitted.
No photon emitted.
No photon emitted.
No photon emitted.
No photon emitted.
No photon emitted.
No photon emitted.
No photon emitted.
No photon emitted.
No photon emitted.
No photon emitted.
No photon emitted.
No photon emitted.
No photon emitted.
No photon emitted.
No photon emitted.
No photon emitted.
No photon emitted.
No photon emitted.
No photon emitted.
No photon emitted.
No photon emitted.
No photon emitted.
No photon emitted.
No photon emitted.
No photon emitted.
No photon emitted.
No photon emitted.
No photon emitted.
No photon emitted.
No photon emitted.
No photon emitted.
No photon emitted.
No photon emitted.
No photon emitted.
No photon emitted.
No photon emitted.
No photon emitted.
Photon emitted!
Photon emitted!
Sent data: 000000001fa0aa68, last: 0
No photon emitted.
No photon emitted.
Sent data: 000000001fb0c8fa, last: 0
No photon emitted.
No photon emitted.
No photon emitted.
No photon emitted.
No photon emitted.
No photon emitted.
No photon emitted.
No photon emitted.
No photon emitted.
Photon emitted!
No photon emitted.
Sent data: 00000000207080fb, last: 0
No photon emitted.
No photon emitted.
No photon emitted.
No photon emitted.
No photon emitted.
No photon emitted.
No photon emitted.
No photon emitted.
No photon emitted.
No photon emitted.
No photon emitted.
No photon emitted.
No photon emitted.
Photon emitted!
No photon emitted.
Sent data: 0000000021602119, last: 0
No photon emitted.
No photon emitted.
No photon emitted.
No photon emitted.
No photon emitted.
No photon emitted.
No photon emitted.
Photon emitted!
Photon emitted!
Sent data: 0000000021f0d4a6, last: 0
No photon emitted.
No photon emitted.
Sent data: 0000000022001b53, last: 0
No photon emitted.
No photon emitted.
No photon emitted.
No photon emitted.
No photon emitted.
Photon emitted!
No photon emitted.
Sent data: 000000002280f6ef, last: 0
No photon emitted.
No photon emitted.
No photon emitted.
No photon emitted.
No photon emitted.
No photon emitted.
No photon emitted.
No photon emitted.
No photon emitted.
No photon emitted.
No photon emitted.
No photon emitted.
No photon emitted.
No photon emitted.
No photon emitted.
No photon emitted.
No photon emitted.
No photon emitted.
No photon emitted.
No photon emitted.
No photon emitted.
No photon emitted.
No photon emitted.
No photon emitted.
No photon emitted.
No photon emitted.
No photon emitted.
No photon emitted.
No photon emitted.
No photon emitted.
No photon emitted.
No photon emitted.
No photon emitted.
No photon emitted.
No photon emitted.
No photon emitted.
No photon emitted.
No photon emitted.
No photon emitted.
No photon emitted.
Photon emitted!
No photon emitted.
Sent data: 000000002520aeed, last: 0
No photon emitted.
No photon emitted.
No photon emitted.
No photon emitted.
No photon emitted.
No photon emitted.
No photon emitted.
No photon emitted.
No photon emitted.
No photon emitted.
No photon emitted.
No photon emitted.
No photon emitted.
Photon emitted!
No photon emitted.
Sent data: 0000000026101db1, last: 0
No photon emitted.
No photon emitted.
No photon emitted.
No photon emitted.
No photon emitted.
No photon emitted.
No photon emitted.
No photon emitted.
No photon emitted.
No photon emitted.
No photon emitted.
No photon emitted.
No photon emitted.
No photon emitted.
No photon emitted.
No photon emitted.
No photon emitted.
No photon emitted.
No photon emitted.
Photon emitted!
No photon emitted.
Sent data: 000000002760fe64, last: 0
No photon emitted.
No photon emitted.
No photon emitted.
Photon emitted!
No photon emitted.
Sent data: 0000000027b0b021, last: 0
No photon emitted.
No photon emitted.
No photon emitted.
Photon emitted!
No photon emitted.
Sent data: 0000000028003df6, last: 0
No photon emitted.
No photon emitted.
No photon emitted.
No photon emitted.
No photon emitted.
No photon emitted.
No photon emitted.
No photon emitted.
Photon emitted!
Photon emitted!
Sent data: 0000000028a03f68, last: 0
No photon emitted.
No photon emitted.
Sent data: 0000000028b08014, last: 0
No photon emitted.
No photon emitted.
No photon emitted.
No photon emitted.
No photon emitted.
No photon emitted.
No photon emitted.
No photon emitted.
No photon emitted.
No photon emitted.
No photon emitted.
No photon emitted.
Photon emitted!
No photon emitted.
Sent data: 0000000029a0ca6f, last: 0
No photon emitted.
No photon emitted.
No photon emitted.
No photon emitted.
No photon emitted.
No photon emitted.
No photon emitted.
No photon emitted.
Photon emitted!
No photon emitted.
Sent data: 000000002a40b62a, last: 0
No photon emitted.
No photon emitted.
No photon emitted.
No photon emitted.
No photon emitted.
No photon emitted.
No photon emitted.
No photon emitted.
No photon emitted.
Photon emitted!
No photon emitted.
Sent data: 000000002af0373e, last: 0
No photon emitted.
Photon emitted!
No photon emitted.
Sent data: 000000002b20eef7, last: 0
No photon emitted.
No photon emitted.
No photon emitted.
No photon emitted.
No photon emitted.
No photon emitted.
No photon emitted.
No photon emitted.
No photon emitted.
No photon emitted.
No photon emitted.
No photon emitted.
No photon emitted.
Photon emitted!
No photon emitted.
Sent data: 000000002c101f46, last: 0
No photon emitted.
No photon emitted.
No photon emitted.
No photon emitted.
No photon emitted.
No photon emitted.
No photon emitted.
No photon emitted.
No photon emitted.
No photon emitted.
No photon emitted.
No photon emitted.
Photon emitted!
Photon emitted!
Sent data: 000000002cf0ca3d, last: 0
No photon emitted.
No photon emitted.
Sent data: 000000002d00c0a0, last: 0
No photon emitted.
No photon emitted.
No photon emitted.
No photon emitted.
No photon emitted.
No photon emitted.
No photon emitted.
No photon emitted.
No photon emitted.
No photon emitted.
Photon emitted!
No photon emitted.
Sent data: 000000002dd053fa, last: 0
No photon emitted.
No photon emitted.
No photon emitted.
No photon emitted.
No photon emitted.
No photon emitted.
No photon emitted.
No photon emitted.
No photon emitted.
No photon emitted.
No photon emitted.
No photon emitted.
No photon emitted.
No photon emitted.
No photon emitted.
No photon emitted.
No photon emitted.
No photon emitted.
No photon emitted.
No photon emitted.
No photon emitted.
No photon emitted.
No photon emitted.
No photon emitted.
No photon emitted.
No photon emitted.
No photon emitted.
No photon emitted.
No photon emitted.
No photon emitted.
No photon emitted.
No photon emitted.
No photon emitted.
No photon emitted.
No photon emitted.
No photon emitted.
No photon emitted.
No photon emitted.
No photon emitted.
No photon emitted.
No photon emitted.
No photon emitted.
No photon emitted.
No photon emitted.
No photon emitted.
No photon emitted.
No photon emitted.
No photon emitted.
No photon emitted.
Photon emitted!
No photon emitted.
Sent data: 0000000031004df4, last: 0
No photon emitted.
No photon emitted.
No photon emitted.
Photon emitted!
No photon emitted.
Sent data: 0000000031506333, last: 0
No photon emitted.
No photon emitted.
No photon emitted.
Photon emitted!
No photon emitted.
Sent data: 0000000031a05700, last: 0
No photon emitted.
No photon emitted.
Photon emitted!
No photon emitted.
Sent data: 0000000031e07bdc, last: 0
No photon emitted.
No photon emitted.
No photon emitted.
No photon emitted.
No photon emitted.
No photon emitted.
No photon emitted.
No photon emitted.
No photon emitted.
Photon emitted!
No photon emitted.
Sent data: 0000000032902d70, last: 0
No photon emitted.
No photon emitted.
No photon emitted.
Photon emitted!
No photon emitted.
Sent data: 0000000032e0aa29, last: 0
No photon emitted.
No photon emitted.
No photon emitted.
No photon emitted.
No photon emitted.
Photon emitted!
No photon emitted.
Sent data: 000000003350390f, last: 0
No photon emitted.
No photon emitted.
No photon emitted.
No photon emitted.
No photon emitted.
No photon emitted.
No photon emitted.
Photon emitted!
No photon emitted.
Sent data: 0000000033e07196, last: 0
No photon emitted.
Photon emitted!
No photon emitted.
Sent data: 0000000034105dd7, last: 0
No photon emitted.
No photon emitted.
No photon emitted.
No photon emitted.
No photon emitted.
No photon emitted.
No photon emitted.
No photon emitted.
Photon emitted!
No photon emitted.
Sent data: 0000000034b01123, last: 0
No photon emitted.
Photon emitted!
No photon emitted.
Sent data: 0000000034e0de06, last: 0
No photon emitted.
No photon emitted.
No photon emitted.
No photon emitted.
No photon emitted.
No photon emitted.
No photon emitted.
No photon emitted.
No photon emitted.
No photon emitted.
No photon emitted.
No photon emitted.
No photon emitted.
No photon emitted.
Photon emitted!
No photon emitted.
Sent data: 0000000035e0804a, last: 0
No photon emitted.
No photon emitted.
No photon emitted.
No photon emitted.
No photon emitted.
No photon emitted.
No photon emitted.
No photon emitted.
No photon emitted.
No photon emitted.
No photon emitted.
No photon emitted.
No photon emitted.
Photon emitted!
No photon emitted.
Sent data: 0000000036d0394a, last: 0
No photon emitted.
No photon emitted.
No photon emitted.
No photon emitted.
No photon emitted.
No photon emitted.
No photon emitted.
No photon emitted.
No photon emitted.
Photon emitted!
No photon emitted.
Sent data: 0000000037803f41, last: 0
Photon emitted!
No photon emitted.
Sent data: 0000000037a00788, last: 0
No photon emitted.
No photon emitted.
No photon emitted.
No photon emitted.
No photon emitted.
No photon emitted.
No photon emitted.
No photon emitted.
No photon emitted.
No photon emitted.
No photon emitted.
No photon emitted.
No photon emitted.
Photon emitted!
No photon emitted.
Sent data: 000000003890b8cd, last: 0
No photon emitted.
No photon emitted.
Photon emitted!
No photon emitted.
Sent data: 0000000038d05d71, last: 0
No photon emitted.
No photon emitted.
No photon emitted.
No photon emitted.
No photon emitted.
No photon emitted.
No photon emitted.
No photon emitted.
No photon emitted.
No photon emitted.
No photon emitted.
No photon emitted.
No photon emitted.
No photon emitted.
No photon emitted.
No photon emitted.
Photon emitted!
No photon emitted.
Sent data: 0000000039f0a228, last: 0
No photon emitted.
No photon emitted.
No photon emitted.
No photon emitted.
No photon emitted.
Photon emitted!
No photon emitted.
Sent data: 000000003a60ac13, last: 0
Photon emitted!
Photon emitted!
Sent data: 000000003a80e26c, last: 0
No photon emitted.
Sent data: 000000003a90a455, last: 0
No photon emitted.
No photon emitted.
Photon emitted!
No photon emitted.
Sent data: 000000003ad067fe, last: 0
No photon emitted.
No photon emitted.
No photon emitted.
No photon emitted.
No photon emitted.
No photon emitted.
No photon emitted.
No photon emitted.
Photon emitted!
No photon emitted.
Sent data: 000000003b700d6f, last: 0
No photon emitted.
No photon emitted.
No photon emitted.
No photon emitted.
No photon emitted.
No photon emitted.
Photon emitted!
No photon emitted.
Sent data: 000000003bf00bf4, last: 0
No photon emitted.
No photon emitted.
No photon emitted.
No photon emitted.
No photon emitted.
No photon emitted.
No photon emitted.
No photon emitted.
No photon emitted.
No photon emitted.
No photon emitted.
No photon emitted.
No photon emitted.
No photon emitted.
No photon emitted.
No photon emitted.
Photon emitted!
No photon emitted.
Sent data: 000000003d10acc1, last: 0
No photon emitted.
No photon emitted.
No photon emitted.
No photon emitted.
No photon emitted.
Photon emitted!
No photon emitted.
Sent data: 000000003d80f6d3, last: 0
No photon emitted.
No photon emitted.
Photon emitted!
No photon emitted.
Sent data: 000000003dc0a218, last: 0
Photon emitted!
No photon emitted.
Sent data: 000000003de07fad, last: 0
No photon emitted.
No photon emitted.
No photon emitted.
No photon emitted.
No photon emitted.
Photon emitted!
No photon emitted.
Sent data: 000000003e504ff9, last: 0
No photon emitted.
No photon emitted.
Photon emitted!
No photon emitted.
Sent data: 000000003e9001c8, last: 0
No photon emitted.
No photon emitted.
No photon emitted.
No photon emitted.
No photon emitted.
No photon emitted.
No photon emitted.
No photon emitted.
No photon emitted.
No photon emitted.
No photon emitted.
No photon emitted.
No photon emitted.
No photon emitted.
No photon emitted.
No photon emitted.
No photon emitted.
No photon emitted.
No photon emitted.
No photon emitted.
No photon emitted.
No photon emitted.
No photon emitted.
No photon emitted.
No photon emitted.
No photon emitted.
No photon emitted.
No photon emitted.
Photon emitted!
No photon emitted.
Sent data: 000000000070aa25, last: 0
No photon emitted.
No photon emitted.
Photon emitted!
No photon emitted.
Sent data: 0000000000b0c848, last: 0
No photon emitted.
No photon emitted.
No photon emitted.
No photon emitted.
No photon emitted.
No photon emitted.
No photon emitted.
No photon emitted.
No photon emitted.
Photon emitted!
No photon emitted.
Sent data: 0000000001602be3, last: 0
No photon emitted.
No photon emitted.
Photon emitted!
No photon emitted.
Sent data: 0000000001a06fd0, last: 0
No photon emitted.
No photon emitted.
No photon emitted.
No photon emitted.
Photon emitted!
No photon emitted.
Sent data: 000000000200218a, last: 0
No photon emitted.
No photon emitted.
No photon emitted.
Photon emitted!
No photon emitted.
Sent data: 000000000250b667, last: 0
No photon emitted.
No photon emitted.
No photon emitted.
No photon emitted.
No photon emitted.
No photon emitted.
No photon emitted.
No photon emitted.
No photon emitted.
No photon emitted.
No photon emitted.
No photon emitted.
No photon emitted.
No photon emitted.
No photon emitted.
No photon emitted.
No photon emitted.
No photon emitted.
No photon emitted.
No photon emitted.
No photon emitted.
No photon emitted.
No photon emitted.
No photon emitted.
No photon emitted.
Photon emitted!
No photon emitted.
Sent data: 0000000004009870, last: 0
Photon emitted!
No photon emitted.
Sent data: 0000000004206f60, last: 0
No photon emitted.
No photon emitted.
No photon emitted.
No photon emitted.
No photon emitted.
No photon emitted.
No photon emitted.
No photon emitted.
No photon emitted.
No photon emitted.
No photon emitted.
No photon emitted.
No photon emitted.
No photon emitted.
No photon emitted.
No photon emitted.
No photon emitted.
No photon emitted.
No photon emitted.
No photon emitted.
No photon emitted.
No photon emitted.
Photon emitted!
No photon emitted.
Sent data: 0000000005a03f4e, last: 0
No photon emitted.
No photon emitted.
No photon emitted.
No photon emitted.
No photon emitted.
No photon emitted.
No photon emitted.
No photon emitted.
No photon emitted.
No photon emitted.
Photon emitted!
No photon emitted.
Sent data: 00000000066053cf, last: 0
No photon emitted.
No photon emitted.
No photon emitted.
No photon emitted.
No photon emitted.
No photon emitted.
No photon emitted.
No photon emitted.
No photon emitted.
No photon emitted.
No photon emitted.
No photon emitted.
No photon emitted.
No photon emitted.
No photon emitted.
No photon emitted.
Photon emitted!
No photon emitted.
Sent data: 000000000780b672, last: 0
No photon emitted.
No photon emitted.
No photon emitted.
Photon emitted!
No photon emitted.
Sent data: 0000000007d069f2, last: 0
Photon emitted!
No photon emitted.
Sent data: 0000000007f08294, last: 0
No photon emitted.
No photon emitted.
No photon emitted.
No photon emitted.
No photon emitted.
No photon emitted.
No photon emitted.
No photon emitted.
No photon emitted.
No photon emitted.
No photon emitted.
No photon emitted.
No photon emitted.
No photon emitted.
No photon emitted.
No photon emitted.
No photon emitted.
Photon emitted!
No photon emitted.
Sent data: 000000000920e8e8, last: 0
No photon emitted.
No photon emitted.
No photon emitted.
No photon emitted.
No photon emitted.
No photon emitted.
No photon emitted.
No photon emitted.
No photon emitted.
No photon emitted.
No photon emitted.
No photon emitted.
No photon emitted.
No photon emitted.
No photon emitted.
No photon emitted.
Photon emitted!
No photon emitted.
Sent data: 000000000a406198, last: 0
No photon emitted.
No photon emitted.
Photon emitted!
No photon emitted.
Sent data: 000000000a800f9e, last: 0
No photon emitted.
No photon emitted.
No photon emitted.
No photon emitted.
No photon emitted.
No photon emitted.
No photon emitted.
No photon emitted.
No photon emitted.
No photon emitted.
No photon emitted.
No photon emitted.
No photon emitted.
No photon emitted.
No photon emitted.
No photon emitted.
No photon emitted.
No photon emitted.
No photon emitted.
Photon emitted!
No photon emitted.
Sent data: 000000000bd02bf8, last: 0
No photon emitted.
No photon emitted.
No photon emitted.
No photon emitted.
No photon emitted.
No photon emitted.
No photon emitted.
No photon emitted.
No photon emitted.
No photon emitted.
No photon emitted.
Photon emitted!
No photon emitted.
Sent data: 000000000ca0848d, last: 0
No photon emitted.
No photon emitted.
No photon emitted.
No photon emitted.
No photon emitted.
No photon emitted.
No photon emitted.
No photon emitted.
No photon emitted.
Photon emitted!
No photon emitted.
Sent data: 000000000d50b2cb, last: 0
No photon emitted.
No photon emitted.
No photon emitted.
No photon emitted.
Photon emitted!
No photon emitted.
Sent data: 000000000db0c6af, last: 0
No photon emitted.
No photon emitted.
No photon emitted.
No photon emitted.
No photon emitted.
No photon emitted.
No photon emitted.
No photon emitted.
Photon emitted!
No photon emitted.
Sent data: 000000000e502f38, last: 0
No photon emitted.
No photon emitted.
No photon emitted.
No photon emitted.
Photon emitted!
Photon emitted!
Sent data: 000000000eb075e0, last: 0
No photon emitted.
No photon emitted.
Sent data: 000000000ec009a1, last: 0
No photon emitted.
No photon emitted.
No photon emitted.
No photon emitted.
No photon emitted.
No photon emitted.
No photon emitted.
No photon emitted.
No photon emitted.
No photon emitted.
No photon emitted.
No photon emitted.
No photon emitted.
No photon emitted.
No photon emitted.
No photon emitted.
No photon emitted.
No photon emitted.
No photon emitted.
No photon emitted.
No photon emitted.
No photon emitted.
Photon emitted!
No photon emitted.
Sent data: 000000001050c094, last: 0
No photon emitted.
No photon emitted.
No photon emitted.
No photon emitted.
Photon emitted!
No photon emitted.
Sent data: 0000000010b0cca1, last: 0
Photon emitted!
No photon emitted.
Sent data: 0000000010d04521, last: 0
Photon emitted!
No photon emitted.
Sent data: 0000000010f07f25, last: 0
No photon emitted.
No photon emitted.
No photon emitted.
No photon emitted.
No photon emitted.
No photon emitted.
No photon emitted.
Photon emitted!
No photon emitted.
Sent data: 000000001180e6eb, last: 0
No photon emitted.
No photon emitted.
No photon emitted.
No photon emitted.
Photon emitted!
No photon emitted.
Sent data: 0000000011e0013b, last: 0
No photon emitted.
No photon emitted.
No photon emitted.
No photon emitted.
No photon emitted.
No photon emitted.
No photon emitted.
No photon emitted.
No photon emitted.
No photon emitted.
No photon emitted.
No photon emitted.
No photon emitted.
No photon emitted.
No photon emitted.
No photon emitted.
No photon emitted.
No photon emitted.
No photon emitted.
No photon emitted.
No photon emitted.
No photon emitted.
No photon emitted.
No photon emitted.
No photon emitted.
No photon emitted.
No photon emitted.
No photon emitted.
No photon emitted.
No photon emitted.
Photon emitted!
No photon emitted.
Sent data: 0000000013e0be2e, last: 0
No photon emitted.
No photon emitted.
No photon emitted.
No photon emitted.
Photon emitted!
No photon emitted.
Sent data: 0000000014406f9c, last: 0
No photon emitted.
No photon emitted.
No photon emitted.
No photon emitted.
No photon emitted.
No photon emitted.
Photon emitted!
No photon emitted.
Sent data: 0000000014c06716, last: 0
No photon emitted.
No photon emitted.
No photon emitted.
No photon emitted.
No photon emitted.
No photon emitted.
No photon emitted.
No photon emitted.
No photon emitted.
No photon emitted.
No photon emitted.
No photon emitted.
No photon emitted.
No photon emitted.
No photon emitted.
No photon emitted.
No photon emitted.
No photon emitted.
Photon emitted!
No photon emitted.
Sent data: 0000000016008420, last: 0
No photon emitted.
No photon emitted.
No photon emitted.
No photon emitted.
No photon emitted.
No photon emitted.
No photon emitted.
No photon emitted.
No photon emitted.
No photon emitted.
No photon emitted.
No photon emitted.
No photon emitted.
No photon emitted.
No photon emitted.
No photon emitted.
No photon emitted.
No photon emitted.
No photon emitted.
No photon emitted.
No photon emitted.
No photon emitted.
No photon emitted.
No photon emitted.
No photon emitted.
No photon emitted.
No photon emitted.
No photon emitted.
No photon emitted.
No photon emitted.
No photon emitted.
No photon emitted.
No photon emitted.
No photon emitted.
No photon emitted.
No photon emitted.
No photon emitted.
No photon emitted.
Photon emitted!
Photon emitted!
Sent data: 000000001880eec2, last: 0
No photon emitted.
Sent data: 000000001890f895, last: 0
No photon emitted.
No photon emitted.
No photon emitted.
No photon emitted.
No photon emitted.
Photon emitted!
No photon emitted.
Sent data: 000000001900aa2d, last: 0
No photon emitted.
No photon emitted.
No photon emitted.
No photon emitted.
No photon emitted.
Photon emitted!
No photon emitted.
Sent data: 0000000019705905, last: 0
No photon emitted.
No photon emitted.
No photon emitted.
No photon emitted.
No photon emitted.
No photon emitted.
No photon emitted.
No photon emitted.
No photon emitted.
No photon emitted.
Photon emitted!
No photon emitted.
Sent data: 000000001a30a007, last: 0
No photon emitted.
No photon emitted.
No photon emitted.
Photon emitted!
No photon emitted.
Sent data: 000000001a8075e8, last: 0
Photon emitted!
No photon emitted.
Sent data: 000000001aa0e098, last: 0
No photon emitted.
Photon emitted!
No photon emitted.
Sent data: 000000001ad03768, last: 0
No photon emitted.
No photon emitted.
No photon emitted.
Photon emitted!
No photon emitted.
Sent data: 000000001b20e297, last: 0
No photon emitted.
Photon emitted!
No photon emitted.
Sent data: 000000001b5001eb, last: 0
No photon emitted.
No photon emitted.
No photon emitted.
No photon emitted.
No photon emitted.
No photon emitted.
No photon emitted.
No photon emitted.
No photon emitted.
No photon emitted.
No photon emitted.
No photon emitted.
No photon emitted.
Photon emitted!
No photon emitted.
Sent data: 000000001c40f237, last: 0
No photon emitted.
Photon emitted!
No photon emitted.
Sent data: 000000001c701952, last: 0
Photon emitted!
No photon emitted.
Sent data: 000000001c907f83, last: 0
No photon emitted.
No photon emitted.
Photon emitted!
No photon emitted.
Sent data: 000000001cd0f886, last: 0
No photon emitted.
No photon emitted.
No photon emitted.
No photon emitted.
No photon emitted.
No photon emitted.
No photon emitted.
No photon emitted.
Photon emitted!
No photon emitted.
Sent data: 000000001d700d71, last: 0
Photon emitted!
No photon emitted.
Sent data: 000000001d90bc34, last: 0
No photon emitted.
Photon emitted!
No photon emitted.
Sent data: 000000001dc08274, last: 0
No photon emitted.
No photon emitted.
No photon emitted.
No photon emitted.
No photon emitted.
No photon emitted.
Photon emitted!
No photon emitted.
Sent data: 000000001e40f872, last: 0
No photon emitted.
No photon emitted.
Photon emitted!
No photon emitted.
Sent data: 000000001e809af2, last: 0
No photon emitted.
No photon emitted.
No photon emitted.
No photon emitted.
No photon emitted.
Photon emitted!
No photon emitted.
Sent data: 000000001ef01fcc, last: 0
No photon emitted.
No photon emitted.
No photon emitted.
No photon emitted.
No photon emitted.
No photon emitted.
No photon emitted.
No photon emitted.
No photon emitted.
No photon emitted.
No photon emitted.
No photon emitted.
No photon emitted.
No photon emitted.
No photon emitted.
Photon emitted!
No photon emitted.
Sent data: 000000002000b888, last: 0
No photon emitted.
No photon emitted.
No photon emitted.
No photon emitted.
No photon emitted.
No photon emitted.
No photon emitted.
No photon emitted.
No photon emitted.
No photon emitted.
No photon emitted.
No photon emitted.
No photon emitted.
No photon emitted.
No photon emitted.
No photon emitted.
No photon emitted.
No photon emitted.
No photon emitted.
No photon emitted.
No photon emitted.
No photon emitted.
No photon emitted.
No photon emitted.
No photon emitted.
No photon emitted.
No photon emitted.
No photon emitted.
Photon emitted!
No photon emitted.
Sent data: 0000000021e05d44, last: 0
No photon emitted.
Photon emitted!
No photon emitted.
Sent data: 0000000022104b82, last: 0
No photon emitted.
No photon emitted.
No photon emitted.
No photon emitted.
No photon emitted.
No photon emitted.
Photon emitted!
No photon emitted.
Sent data: 000000002290fa8c, last: 0
Photon emitted!
No photon emitted.
Sent data: 0000000022b0aef4, last: 0
No photon emitted.
No photon emitted.
Photon emitted!
No photon emitted.
Sent data: 0000000022f0c08f, last: 0
No photon emitted.
No photon emitted.
No photon emitted.
No photon emitted.
No photon emitted.
No photon emitted.
No photon emitted.
No photon emitted.
No photon emitted.
No photon emitted.
No photon emitted.
No photon emitted.
No photon emitted.
No photon emitted.
No photon emitted.
No photon emitted.
No photon emitted.
No photon emitted.
No photon emitted.
No photon emitted.
No photon emitted.
No photon emitted.
No photon emitted.
No photon emitted.
No photon emitted.
No photon emitted.
No photon emitted.
No photon emitted.
No photon emitted.
Photon emitted!
No photon emitted.
Sent data: 0000000024e088c5, last: 0
No photon emitted.
No photon emitted.
No photon emitted.
No photon emitted.
No photon emitted.
No photon emitted.
No photon emitted.
No photon emitted.
No photon emitted.
No photon emitted.
No photon emitted.
No photon emitted.
No photon emitted.
No photon emitted.
No photon emitted.
No photon emitted.
No photon emitted.
No photon emitted.
No photon emitted.
No photon emitted.
No photon emitted.
No photon emitted.
No photon emitted.
No photon emitted.
No photon emitted.
No photon emitted.
No photon emitted.
No photon emitted.
No photon emitted.
No photon emitted.
No photon emitted.
No photon emitted.
No photon emitted.
No photon emitted.
No photon emitted.
No photon emitted.
No photon emitted.
No photon emitted.
No photon emitted.
Photon emitted!
No photon emitted.
Sent data: 000000002770cc81, last: 0
No photon emitted.
No photon emitted.
No photon emitted.
No photon emitted.
No photon emitted.
No photon emitted.
No photon emitted.
No photon emitted.
Photon emitted!
No photon emitted.
Sent data: 000000002810ac15, last: 0
No photon emitted.
No photon emitted.
Photon emitted!
No photon emitted.
Sent data: 0000000028507fcb, last: 0
No photon emitted.
No photon emitted.
No photon emitted.
No photon emitted.
No photon emitted.
No photon emitted.
Photon emitted!
No photon emitted.
Sent data: 0000000028d07d36, last: 0
No photon emitted.
No photon emitted.
No photon emitted.
No photon emitted.
No photon emitted.
No photon emitted.
No photon emitted.
No photon emitted.
No photon emitted.
No photon emitted.
No photon emitted.
No photon emitted.
Photon emitted!
No photon emitted.
Sent data: 0000000029b0512a, last: 0
No photon emitted.
No photon emitted.
No photon emitted.
No photon emitted.
No photon emitted.
No photon emitted.
Photon emitted!
No photon emitted.
Sent data: 000000002a30c2f5, last: 0
No photon emitted.
No photon emitted.
No photon emitted.
No photon emitted.
No photon emitted.
No photon emitted.
No photon emitted.
No photon emitted.
No photon emitted.
No photon emitted.
No photon emitted.
No photon emitted.
No photon emitted.
No photon emitted.
No photon emitted.
No photon emitted.
Photon emitted!
No photon emitted.
Sent data: 000000002b50b63d, last: 0
No photon emitted.
No photon emitted.
No photon emitted.
No photon emitted.
No photon emitted.
No photon emitted.
No photon emitted.
No photon emitted.
No photon emitted.
No photon emitted.
No photon emitted.
No photon emitted.
No photon emitted.
No photon emitted.
No photon emitted.
No photon emitted.
No photon emitted.
Photon emitted!
No photon emitted.
Sent data: 000000002c801746, last: 0
No photon emitted.
No photon emitted.
No photon emitted.
No photon emitted.
No photon emitted.
No photon emitted.
No photon emitted.
No photon emitted.
Photon emitted!
No photon emitted.
Sent data: 000000002d20803b, last: 0
No photon emitted.
Photon emitted!
No photon emitted.
Sent data: 000000002d50bcee, last: 0
No photon emitted.
No photon emitted.
No photon emitted.
No photon emitted.
No photon emitted.
No photon emitted.
No photon emitted.
No photon emitted.
No photon emitted.
No photon emitted.
No photon emitted.
No photon emitted.
No photon emitted.
No photon emitted.
No photon emitted.
No photon emitted.
No photon emitted.
No photon emitted.
No photon emitted.
No photon emitted.
No photon emitted.
No photon emitted.
No photon emitted.
No photon emitted.
Photon emitted!
No photon emitted.
Sent data: 000000002ef04193, last: 0
No photon emitted.
No photon emitted.
No photon emitted.
No photon emitted.
No photon emitted.
No photon emitted.
No photon emitted.
No photon emitted.
No photon emitted.
Photon emitted!
Photon emitted!
Sent data: 000000002fa082e4, last: 0
No photon emitted.
No photon emitted.
Sent data: 000000002fb09cc4, last: 0
No photon emitted.
No photon emitted.
No photon emitted.
Photon emitted!
No photon emitted.
Sent data: 000000003010a472, last: 0
No photon emitted.
No photon emitted.
No photon emitted.
No photon emitted.
No photon emitted.
No photon emitted.
No photon emitted.
No photon emitted.
No photon emitted.
No photon emitted.
No photon emitted.
No photon emitted.
No photon emitted.
No photon emitted.
No photon emitted.
No photon emitted.
No photon emitted.
No photon emitted.
No photon emitted.
No photon emitted.
No photon emitted.
Photon emitted!
No photon emitted.
Sent data: 0000000031803b72, last: 0
No photon emitted.
No photon emitted.
No photon emitted.
No photon emitted.
No photon emitted.
No photon emitted.
No photon emitted.
No photon emitted.
No photon emitted.
No photon emitted.
Photon emitted!
Photon emitted!
Sent data: 000000003240aa51, last: 0
No photon emitted.
Sent data: 0000000032501db5, last: 0
No photon emitted.
No photon emitted.
No photon emitted.
No photon emitted.
No photon emitted.
No photon emitted.
No photon emitted.
Photon emitted!
No photon emitted.
Sent data: 0000000032e047a3, last: 0
No photon emitted.
No photon emitted.
No photon emitted.
No photon emitted.
No photon emitted.
No photon emitted.
No photon emitted.
No photon emitted.
No photon emitted.
No photon emitted.
No photon emitted.
No photon emitted.
No photon emitted.
No photon emitted.
No photon emitted.
No photon emitted.
No photon emitted.
No photon emitted.
No photon emitted.
No photon emitted.
No photon emitted.
No photon emitted.
No photon emitted.
No photon emitted.
No photon emitted.
Photon emitted!
No photon emitted.
Sent data: 00000000349001ac, last: 0
No photon emitted.
No photon emitted.
No photon emitted.
Photon emitted!
No photon emitted.
Sent data: 0000000034e0ba97, last: 0
No photon emitted.
No photon emitted.
No photon emitted.
No photon emitted.
Photon emitted!
No photon emitted.
Sent data: 000000003540c031, last: 0
No photon emitted.
No photon emitted.
No photon emitted.
No photon emitted.
No photon emitted.
No photon emitted.
No photon emitted.
No photon emitted.
No photon emitted.
No photon emitted.
No photon emitted.
No photon emitted.
No photon emitted.
No photon emitted.
No photon emitted.
No photon emitted.
No photon emitted.
No photon emitted.
No photon emitted.
No photon emitted.
No photon emitted.
Photon emitted!
No photon emitted.
Sent data: 0000000036b0b0be, last: 0
No photon emitted.
No photon emitted.
No photon emitted.
No photon emitted.
No photon emitted.
No photon emitted.
No photon emitted.
No photon emitted.
No photon emitted.
No photon emitted.
No photon emitted.
No photon emitted.
No photon emitted.
No photon emitted.
No photon emitted.
No photon emitted.
No photon emitted.
No photon emitted.
No photon emitted.
No photon emitted.
No photon emitted.
No photon emitted.
No photon emitted.
No photon emitted.
No photon emitted.
No photon emitted.
No photon emitted.
No photon emitted.
No photon emitted.
No photon emitted.
No photon emitted.
No photon emitted.
No photon emitted.
No photon emitted.
No photon emitted.
No photon emitted.
No photon emitted.
No photon emitted.
No photon emitted.
No photon emitted.
No photon emitted.
No photon emitted.
No photon emitted.
No photon emitted.
No photon emitted.
No photon emitted.
No photon emitted.
No photon emitted.
Photon emitted!
No photon emitted.
Sent data: 0000000039d0ae57, last: 0
No photon emitted.
No photon emitted.
No photon emitted.
No photon emitted.
No photon emitted.
No photon emitted.
No photon emitted.
No photon emitted.
Photon emitted!
No photon emitted.
Sent data: 000000003a702176, last: 0
No photon emitted.
No photon emitted.
No photon emitted.
No photon emitted.
Photon emitted!
No photon emitted.
Sent data: 000000003ad001b4, last: 0
No photon emitted.
No photon emitted.
No photon emitted.
No photon emitted.
No photon emitted.
No photon emitted.
Photon emitted!
No photon emitted.
Sent data: 000000003b50ac00, last: 0
No photon emitted.
No photon emitted.
No photon emitted.
No photon emitted.
No photon emitted.
No photon emitted.
No photon emitted.
No photon emitted.
No photon emitted.
No photon emitted.
No photon emitted.
No photon emitted.
No photon emitted.
No photon emitted.
No photon emitted.
No photon emitted.
No photon emitted.
No photon emitted.
No photon emitted.
No photon emitted.
No photon emitted.
No photon emitted.
No photon emitted.
No photon emitted.
No photon emitted.
No photon emitted.
No photon emitted.
No photon emitted.
No photon emitted.
No photon emitted.
No photon emitted.
No photon emitted.
No photon emitted.
No photon emitted.
No photon emitted.
No photon emitted.
No photon emitted.
No photon emitted.
No photon emitted.
Photon emitted!
Photon emitted!
Sent data: 000000003de0a073, last: 0
No photon emitted.
No photon emitted.
Sent data: 000000003df08429, last: 0
No photon emitted.
No photon emitted.
No photon emitted.
No photon emitted.
Photon emitted!
No photon emitted.
Sent data: 000000003e601b72, last: 0
No photon emitted.
Photon emitted!
No photon emitted.
Sent data: 000000003e90c61e, last: 0
No photon emitted.
No photon emitted.
No photon emitted.
Photon emitted!
No photon emitted.
Sent data: 000000003ee0736d, last: 0
No photon emitted.
Photon emitted!
No photon emitted.
Sent data: 000000003f1059cd, last: 0
No photon emitted.
No photon emitted.
No photon emitted.
No photon emitted.
No photon emitted.
No photon emitted.
No photon emitted.
No photon emitted.
No photon emitted.
No photon emitted.
No photon emitted.
No photon emitted.
No photon emitted.
No photon emitted.
No photon emitted.
Photon emitted!
No photon emitted.
Sent data: 0000000000200bfd, last: 0
No photon emitted.
No photon emitted.
No photon emitted.
No photon emitted.
No photon emitted.
No photon emitted.
No photon emitted.
Photon emitted!
No photon emitted.
Sent data: 0000000000b04dd7, last: 0
No photon emitted.
No photon emitted.
No photon emitted.
No photon emitted.
No photon emitted.
No photon emitted.
No photon emitted.
No photon emitted.
No photon emitted.
No photon emitted.
No photon emitted.
No photon emitted.
Photon emitted!
Photon emitted!
Sent data: 0000000001907f1b, last: 0
No photon emitted.
Sent data: 0000000001a045ce, last: 0
No photon emitted.
No photon emitted.
No photon emitted.
No photon emitted.
No photon emitted.
No photon emitted.
No photon emitted.
No photon emitted.
Photon emitted!
No photon emitted.
Sent data: 0000000002400b96, last: 0
No photon emitted.
Photon emitted!
No photon emitted.
Sent data: 000000000270c8ca, last: 0
No photon emitted.
No photon emitted.
No photon emitted.
No photon emitted.
No photon emitted.
No photon emitted.
No photon emitted.
No photon emitted.
No photon emitted.
No photon emitted.
No photon emitted.
Photon emitted!
No photon emitted.
Sent data: 0000000003406587, last: 0
No photon emitted.
Photon emitted!
No photon emitted.
Sent data: 000000000370b42d, last: 0
No photon emitted.
No photon emitted.
No photon emitted.
No photon emitted.
No photon emitted.
No photon emitted.
No photon emitted.
No photon emitted.
Photon emitted!
No photon emitted.
Sent data: 0000000004101b2c, last: 0
No photon emitted.
No photon emitted.
Photon emitted!
No photon emitted.
Sent data: 0000000004500925, last: 0
Photon emitted!
No photon emitted.
Sent data: 0000000004707d22, last: 0
No photon emitted.
No photon emitted.
No photon emitted.
No photon emitted.
No photon emitted.
No photon emitted.
No photon emitted.
No photon emitted.
No photon emitted.
No photon emitted.
No photon emitted.
No photon emitted.
No photon emitted.
No photon emitted.
Photon emitted!
No photon emitted.
Sent data: 000000000570d4f3, last: 0
No photon emitted.
No photon emitted.
No photon emitted.
No photon emitted.
No photon emitted.
No photon emitted.
Photon emitted!
No photon emitted.
Sent data: 0000000005f07383, last: 0
No photon emitted.
Photon emitted!
No photon emitted.
Sent data: 000000000620173d, last: 0
No photon emitted.
No photon emitted.
No photon emitted.
No photon emitted.
No photon emitted.
No photon emitted.
No photon emitted.
No photon emitted.
No photon emitted.
No photon emitted.
No photon emitted.
No photon emitted.
No photon emitted.
No photon emitted.
No photon emitted.
No photon emitted.
No photon emitted.
No photon emitted.
No photon emitted.
No photon emitted.
No photon emitted.
No photon emitted.
No photon emitted.
No photon emitted.
No photon emitted.
No photon emitted.
No photon emitted.
No photon emitted.
Photon emitted!
No photon emitted.
Sent data: 00000000080065b0, last: 0
No photon emitted.
No photon emitted.
No photon emitted.
No photon emitted.
No photon emitted.
Photon emitted!
Photon emitted!
Sent data: 00000000087013b9, last: 0
No photon emitted.
No photon emitted.
Sent data: 000000000880136c, last: 0
No photon emitted.
Photon emitted!
No photon emitted.
Sent data: 0000000008c03fa8, last: 0
No photon emitted.
No photon emitted.
No photon emitted.
Photon emitted!
No photon emitted.
Sent data: 000000000910799a, last: 0
No photon emitted.
No photon emitted.
No photon emitted.
No photon emitted.
No photon emitted.
No photon emitted.
No photon emitted.
No photon emitted.
No photon emitted.
No photon emitted.
Photon emitted!
No photon emitted.
Sent data: 0000000009d01982, last: 0
No photon emitted.
No photon emitted.
No photon emitted.
No photon emitted.
No photon emitted.
No photon emitted.
No photon emitted.
No photon emitted.
Photon emitted!
No photon emitted.
Sent data: 000000000a70339d, last: 0
No photon emitted.
No photon emitted.
No photon emitted.
No photon emitted.
No photon emitted.
No photon emitted.
No photon emitted.
No photon emitted.
No photon emitted.
Photon emitted!
No photon emitted.
Sent data: 000000000b200ffc, last: 0
No photon emitted.
No photon emitted.
No photon emitted.
No photon emitted.
No photon emitted.
No photon emitted.
No photon emitted.
No photon emitted.
No photon emitted.
No photon emitted.
No photon emitted.
No photon emitted.
No photon emitted.
No photon emitted.
No photon emitted.
No photon emitted.
No photon emitted.
Photon emitted!
No photon emitted.
Sent data: 000000000c50d4df, last: 0
No photon emitted.
No photon emitted.
No photon emitted.
No photon emitted.
No photon emitted.
No photon emitted.
No photon emitted.
No photon emitted.
No photon emitted.
Photon emitted!
Photon emitted!
Sent data: 000000000d00d4d9, last: 0
No photon emitted.
Sent data: 000000000d10d00c, last: 0
No photon emitted.
No photon emitted.
Photon emitted!
No photon emitted.
Sent data: 000000000d5051c0, last: 0
No photon emitted.
No photon emitted.
No photon emitted.
No photon emitted.
No photon emitted.
No photon emitted.
No photon emitted.
No photon emitted.
No photon emitted.
No photon emitted.
No photon emitted.
No photon emitted.
No photon emitted.
No photon emitted.
No photon emitted.
No photon emitted.
No photon emitted.
No photon emitted.
No photon emitted.
No photon emitted.
No photon emitted.
No photon emitted.
No photon emitted.
Photon emitted!
No photon emitted.
Sent data: 000000000ee0d45c, last: 0
No photon emitted.
Photon emitted!
No photon emitted.
Sent data: 000000000f107181, last: 0
No photon emitted.
No photon emitted.
No photon emitted.
No photon emitted.
Photon emitted!
No photon emitted.
Sent data: 000000000f70a84f, last: 0
No photon emitted.
No photon emitted.
No photon emitted.
No photon emitted.
No photon emitted.
No photon emitted.
No photon emitted.
No photon emitted.
No photon emitted.
No photon emitted.
No photon emitted.
No photon emitted.
No photon emitted.
No photon emitted.
No photon emitted.
No photon emitted.
No photon emitted.
No photon emitted.
No photon emitted.
No photon emitted.
No photon emitted.
No photon emitted.
No photon emitted.
No photon emitted.
No photon emitted.
No photon emitted.
No photon emitted.
No photon emitted.
No photon emitted.
No photon emitted.
No photon emitted.
No photon emitted.
No photon emitted.
Photon emitted!
No photon emitted.
Sent data: 0000000011a090a8, last: 0
No photon emitted.
No photon emitted.
No photon emitted.
No photon emitted.
Photon emitted!
No photon emitted.
Sent data: 00000000120015a3, last: 0
No photon emitted.
No photon emitted.
No photon emitted.
No photon emitted.
Photon emitted!
No photon emitted.
Sent data: 000000001260d888, last: 0
No photon emitted.
No photon emitted.
No photon emitted.
No photon emitted.
No photon emitted.
No photon emitted.
No photon emitted.
No photon emitted.
No photon emitted.
No photon emitted.
No photon emitted.
No photon emitted.
No photon emitted.
No photon emitted.
No photon emitted.
No photon emitted.
No photon emitted.
No photon emitted.
No photon emitted.
No photon emitted.
No photon emitted.
No photon emitted.
Photon emitted!
No photon emitted.
Sent data: 0000000013e037f9, last: 0
Photon emitted!
No photon emitted.
Sent data: 0000000014009cbd, last: 0
No photon emitted.
No photon emitted.
Photon emitted!
No photon emitted.
Sent data: 0000000014406f18, last: 0
No photon emitted.
No photon emitted.
No photon emitted.
Photon emitted!
No photon emitted.
Sent data: 0000000014903b1f, last: 0
No photon emitted.
No photon emitted.
No photon emitted.
No photon emitted.
Photon emitted!
No photon emitted.
Sent data: 0000000014f0376b, last: 0
No photon emitted.
No photon emitted.
No photon emitted.
No photon emitted.
Photon emitted!
No photon emitted.
Sent data: 000000001550fe7d, last: 0
No photon emitted.
Photon emitted!
No photon emitted.
Sent data: 0000000015800396, last: 0
No photon emitted.
No photon emitted.
No photon emitted.
No photon emitted.
No photon emitted.
No photon emitted.
No photon emitted.
No photon emitted.
No photon emitted.
No photon emitted.
No photon emitted.
No photon emitted.
No photon emitted.
No photon emitted.
No photon emitted.
No photon emitted.
No photon emitted.
Photon emitted!
No photon emitted.
Sent data: 0000000016b0800b, last: 0
Photon emitted!
No photon emitted.
Sent data: 0000000016d02311, last: 0
No photon emitted.
No photon emitted.
No photon emitted.
No photon emitted.
No photon emitted.
No photon emitted.
No photon emitted.
No photon emitted.
No photon emitted.
No photon emitted.
No photon emitted.
No photon emitted.
No photon emitted.
No photon emitted.
Photon emitted!
No photon emitted.
Sent data: 0000000017d0828f, last: 0
No photon emitted.
No photon emitted.
No photon emitted.
No photon emitted.
No photon emitted.
No photon emitted.
No photon emitted.
No photon emitted.
No photon emitted.
No photon emitted.
Photon emitted!
No photon emitted.
Sent data: 000000001890a83f, last: 0
Photon emitted!
No photon emitted.
Sent data: 0000000018b0570a, last: 0
No photon emitted.
No photon emitted.
Photon emitted!
Photon emitted!
Sent data: 0000000018f0ba7b, last: 0
No photon emitted.
No photon emitted.
Sent data: 000000001900b62d, last: 0
No photon emitted.
Photon emitted!
No photon emitted.
Sent data: 000000001940fec5, last: 0
Photon emitted!
No photon emitted.
Sent data: 000000001960aaff, last: 0
No photon emitted.
No photon emitted.
No photon emitted.
No photon emitted.
No photon emitted.
No photon emitted.
No photon emitted.
Photon emitted!
No photon emitted.
Sent data: 0000000019f0f65d, last: 0
No photon emitted.
No photon emitted.
No photon emitted.
No photon emitted.
No photon emitted.
No photon emitted.
No photon emitted.
No photon emitted.
No photon emitted.
No photon emitted.
Photon emitted!
No photon emitted.
Sent data: 000000001ab0e6ca, last: 0
No photon emitted.
No photon emitted.
No photon emitted.
No photon emitted.
No photon emitted.
No photon emitted.
No photon emitted.
No photon emitted.
No photon emitted.
No photon emitted.
No photon emitted.
No photon emitted.
No photon emitted.
No photon emitted.
No photon emitted.
No photon emitted.
No photon emitted.
No photon emitted.
No photon emitted.
No photon emitted.
No photon emitted.
No photon emitted.
No photon emitted.
No photon emitted.
Photon emitted!
No photon emitted.
Sent data: 000000001c5061d7, last: 0
No photon emitted.
Photon emitted!
Photon emitted!
Sent data: 000000001c80273d, last: 0
Photon emitted!
Sent data: 000000001c9015dd, last: 0
No photon emitted.
No photon emitted.
Sent data: 000000001ca01b1a, last: 0
No photon emitted.
No photon emitted.
No photon emitted.
No photon emitted.
No photon emitted.
No photon emitted.
No photon emitted.
No photon emitted.
No photon emitted.
No photon emitted.
No photon emitted.
No photon emitted.
No photon emitted.
No photon emitted.
No photon emitted.
No photon emitted.
No photon emitted.
No photon emitted.
No photon emitted.
No photon emitted.
No photon emitted.
No photon emitted.
No photon emitted.
Photon emitted!
No photon emitted.
Sent data: 000000001e40eaeb, last: 0
No photon emitted.
No photon emitted.
Photon emitted!
No photon emitted.
Sent data: 000000001e8039d2, last: 0
No photon emitted.
Photon emitted!
No photon emitted.
Sent data: 000000001eb01329, last: 0
No photon emitted.
No photon emitted.
No photon emitted.
No photon emitted.
No photon emitted.
No photon emitted.
No photon emitted.
No photon emitted.
No photon emitted.
Photon emitted!
No photon emitted.
Sent data: 000000001f602313, last: 0
No photon emitted.
No photon emitted.
No photon emitted.
No photon emitted.
Photon emitted!
No photon emitted.
Sent data: 000000001fc0f826, last: 0
No photon emitted.
No photon emitted.
No photon emitted.
No photon emitted.
No photon emitted.
No photon emitted.
No photon emitted.
No photon emitted.
No photon emitted.
No photon emitted.
No photon emitted.
No photon emitted.
No photon emitted.
No photon emitted.
No photon emitted.
No photon emitted.
No photon emitted.
No photon emitted.
No photon emitted.
Photon emitted!
No photon emitted.
Sent data: 0000000021108a1d, last: 0
Photon emitted!
No photon emitted.
Sent data: 000000002130a8d6, last: 0
No photon emitted.
No photon emitted.
No photon emitted.
Photon emitted!
No photon emitted.
Sent data: 0000000021800bf2, last: 0
No photon emitted.
No photon emitted.
Photon emitted!
No photon emitted.
Sent data: 0000000021c0a68e, last: 0
No photon emitted.
No photon emitted.
No photon emitted.
No photon emitted.
No photon emitted.
No photon emitted.
No photon emitted.
No photon emitted.
No photon emitted.
Photon emitted!
No photon emitted.
Sent data: 0000000022708892, last: 0
No photon emitted.
No photon emitted.
No photon emitted.
No photon emitted.
No photon emitted.
No photon emitted.
Photon emitted!
No photon emitted.
Sent data: 0000000022f0d2f7, last: 0
Photon emitted!
No photon emitted.
Sent data: 0000000023109aee, last: 0
No photon emitted.
No photon emitted.
No photon emitted.
No photon emitted.
No photon emitted.
No photon emitted.
No photon emitted.
No photon emitted.
Photon emitted!
No photon emitted.
Sent data: 0000000023b0ce45, last: 0
No photon emitted.
No photon emitted.
Photon emitted!
No photon emitted.
Sent data: 0000000023f061fe, last: 0
No photon emitted.
No photon emitted.
No photon emitted.
No photon emitted.
No photon emitted.
No photon emitted.
No photon emitted.
No photon emitted.
No photon emitted.
No photon emitted.
No photon emitted.
No photon emitted.
No photon emitted.
No photon emitted.
Photon emitted!
No photon emitted.
Sent data: 0000000024f0d06d, last: 0
No photon emitted.
No photon emitted.
No photon emitted.
No photon emitted.
No photon emitted.
No photon emitted.
No photon emitted.
No photon emitted.
Photon emitted!
No photon emitted.
Sent data: 000000002590e4a7, last: 0
No photon emitted.
No photon emitted.
No photon emitted.
No photon emitted.
No photon emitted.
No photon emitted.
No photon emitted.
No photon emitted.
No photon emitted.
No photon emitted.
No photon emitted.
No photon emitted.
No photon emitted.
No photon emitted.
No photon emitted.
No photon emitted.
No photon emitted.
No photon emitted.
No photon emitted.
Photon emitted!
No photon emitted.
Sent data: 0000000026e09004, last: 0
No photon emitted.
No photon emitted.
No photon emitted.
No photon emitted.
No photon emitted.
No photon emitted.
No photon emitted.
No photon emitted.
No photon emitted.
No photon emitted.
No photon emitted.
No photon emitted.
No photon emitted.
Photon emitted!
No photon emitted.
Sent data: 0000000027d0fc22, last: 0
No photon emitted.
No photon emitted.
No photon emitted.
No photon emitted.
No photon emitted.
No photon emitted.
No photon emitted.
Photon emitted!
Photon emitted!
Sent data: 0000000028609c59, last: 0
Photon emitted!
No photon emitted.
Sent data: 000000002870aee6, last: 0
Photon emitted!
Sent data: 000000002880c48d, last: 0
No photon emitted.
No photon emitted.
Sent data: 0000000028a00905, last: 0
No photon emitted.
No photon emitted.
No photon emitted.
Photon emitted!
No photon emitted.
Sent data: 000000002900713b, last: 0
No photon emitted.
Photon emitted!
No photon emitted.
Sent data: 00000000293009cf, last: 0
No photon emitted.
No photon emitted.
No photon emitted.
No photon emitted.
No photon emitted.
No photon emitted.
No photon emitted.
No photon emitted.
No photon emitted.
No photon emitted.
No photon emitted.
No photon emitted.
No photon emitted.
No photon emitted.
No photon emitted.
No photon emitted.
No photon emitted.
No photon emitted.
Photon emitted!
No photon emitted.
Sent data: 000000002a70884c, last: 0
No photon emitted.
Photon emitted!
No photon emitted.
Sent data: 000000002aa073cb, last: 0
No photon emitted.
No photon emitted.
No photon emitted.
Photon emitted!
No photon emitted.
Sent data: 000000002af0cca7, last: 0
No photon emitted.
Photon emitted!
No photon emitted.
Sent data: 000000002b203d18, last: 0
No photon emitted.
No photon emitted.
No photon emitted.
No photon emitted.
No photon emitted.
No photon emitted.
No photon emitted.
No photon emitted.
No photon emitted.
No photon emitted.
No photon emitted.
No photon emitted.
No photon emitted.
No photon emitted.
No photon emitted.
Photon emitted!
No photon emitted.
Sent data: 000000002c30b8e3, last: 1
No photon emitted.
No photon emitted.
No photon emitted.
No photon emitted.
No photon emitted.
No photon emitted.
No photon emitted.
No photon emitted.
No photon emitted.
No photon emitted.
No photon emitted.
No photon emitted.
No photon emitted.
No photon emitted.
No photon emitted.
No photon emitted.
No photon emitted.
No photon emitted.
No photon emitted.
No photon emitted.
No photon emitted.
No photon emitted.
No photon emitted.
No photon emitted.
No photon emitted.
No photon emitted.
No photon emitted.
No photon emitted.
No photon emitted.
No photon emitted.
No photon emitted.
No photon emitted.
No photon emitted.
No photon emitted.
No photon emitted.
No photon emitted.
No photon emitted.
Photon emitted!
No photon emitted.
Sent data: 000000002ea0676c, last: 0
No photon emitted.
No photon emitted.
No photon emitted.
No photon emitted.
No photon emitted.
No photon emitted.
Photon emitted!
No photon emitted.
Sent data: 000000002f20e80f, last: 0
No photon emitted.
No photon emitted.
No photon emitted.
No photon emitted.
No photon emitted.
No photon emitted.
No photon emitted.
No photon emitted.
No photon emitted.
No photon emitted.
No photon emitted.
No photon emitted.
No photon emitted.
No photon emitted.
Photon emitted!
No photon emitted.
Sent data: 000000003020595b, last: 0
No photon emitted.
Photon emitted!
No photon emitted.
Sent data: 00000000305071d0, last: 0
No photon emitted.
No photon emitted.
No photon emitted.
No photon emitted.
No photon emitted.
No photon emitted.
Photon emitted!
No photon emitted.
Sent data: 0000000030d04d2f, last: 0
No photon emitted.
No photon emitted.
No photon emitted.
No photon emitted.
No photon emitted.
No photon emitted.
No photon emitted.
No photon emitted.
No photon emitted.
Photon emitted!
No photon emitted.
Sent data: 000000003180c297, last: 0
No photon emitted.
No photon emitted.
No photon emitted.
No photon emitted.
No photon emitted.
No photon emitted.
No photon emitted.
No photon emitted.
No photon emitted.
No photon emitted.
Photon emitted!
No photon emitted.
Sent data: 0000000032402720, last: 0
No photon emitted.
No photon emitted.
No photon emitted.
No photon emitted.
Photon emitted!
No photon emitted.
Sent data: 0000000032a08cee, last: 0
No photon emitted.
No photon emitted.
Photon emitted!
Photon emitted!
Sent data: 0000000032e0d425, last: 0
No photon emitted.
No photon emitted.
Sent data: 0000000032f01772, last: 0
No photon emitted.
No photon emitted.
Photon emitted!
No photon emitted.
Sent data: 000000003340b2b4, last: 0
No photon emitted.
No photon emitted.
No photon emitted.
No photon emitted.
No photon emitted.
No photon emitted.
No photon emitted.
No photon emitted.
No photon emitted.
No photon emitted.
Photon emitted!
No photon emitted.
Sent data: 0000000034002704, last: 0
Photon emitted!
No photon emitted.
Sent data: 000000003420e8a0, last: 0
No photon emitted.
No photon emitted.
No photon emitted.
Photon emitted!
No photon emitted.
Sent data: 00000000347061b3, last: 0
No photon emitted.
No photon emitted.
Photon emitted!
No photon emitted.
Sent data: 0000000034b04b63, last: 0
No photon emitted.
No photon emitted.
No photon emitted.
No photon emitted.
Photon emitted!
No photon emitted.
Sent data: 0000000035109e1f, last: 0
No photon emitted.
No photon emitted.
No photon emitted.
No photon emitted.
No photon emitted.
No photon emitted.
No photon emitted.
No photon emitted.
Photon emitted!
No photon emitted.
Sent data: 0000000035b037dc, last: 0
Photon emitted!
No photon emitted.
Sent data: 0000000035d0dc14, last: 0
Photon emitted!
No photon emitted.
Sent data: 0000000035f0f835, last: 0
No photon emitted.
No photon emitted.
No photon emitted.
No photon emitted.
No photon emitted.
No photon emitted.
No photon emitted.
No photon emitted.
No photon emitted.
No photon emitted.
No photon emitted.
No photon emitted.
No photon emitted.
No photon emitted.
No photon emitted.
Photon emitted!
No photon emitted.
Sent data: 0000000037008ce4, last: 0
No photon emitted.
No photon emitted.
No photon emitted.
No photon emitted.
Photon emitted!
No photon emitted.
Sent data: 00000000376029ce, last: 0
No photon emitted.
No photon emitted.
Photon emitted!
No photon emitted.
Sent data: 0000000037a084ae, last: 0
No photon emitted.
No photon emitted.
No photon emitted.
No photon emitted.
No photon emitted.
No photon emitted.
No photon emitted.
No photon emitted.
No photon emitted.
No photon emitted.
Photon emitted!
No photon emitted.
Sent data: 0000000038600bb9, last: 0
Photon emitted!
No photon emitted.
Sent data: 00000000388051a4, last: 0
No photon emitted.
No photon emitted.
No photon emitted.
No photon emitted.
No photon emitted.
No photon emitted.
No photon emitted.
No photon emitted.
Photon emitted!
No photon emitted.
Sent data: 000000003920ec5a, last: 0
No photon emitted.
No photon emitted.
No photon emitted.
Photon emitted!
No photon emitted.
Sent data: 000000003970980d, last: 0
No photon emitted.
No photon emitted.
No photon emitted.
No photon emitted.
No photon emitted.
No photon emitted.
No photon emitted.
Photon emitted!
No photon emitted.
Sent data: 000000003a008a06, last: 0
No photon emitted.
No photon emitted.
No photon emitted.
No photon emitted.
No photon emitted.
No photon emitted.
No photon emitted.
No photon emitted.
No photon emitted.
No photon emitted.
No photon emitted.
No photon emitted.
No photon emitted.
Photon emitted!
No photon emitted.
Sent data: 000000003af00354, last: 0
No photon emitted.
No photon emitted.
No photon emitted.
No photon emitted.
No photon emitted.
No photon emitted.
No photon emitted.
No photon emitted.
No photon emitted.
No photon emitted.
No photon emitted.
No photon emitted.
No photon emitted.
No photon emitted.
No photon emitted.
No photon emitted.
No photon emitted.
No photon emitted.
Photon emitted!
No photon emitted.
Sent data: 000000003c30eadc, last: 0
No photon emitted.
No photon emitted.
Photon emitted!
No photon emitted.
Sent data: 000000003c7090a1, last: 0
No photon emitted.
No photon emitted.
No photon emitted.
No photon emitted.
No photon emitted.
No photon emitted.
No photon emitted.
No photon emitted.
No photon emitted.
No photon emitted.
No photon emitted.
No photon emitted.
No photon emitted.
No photon emitted.
Photon emitted!
No photon emitted.
Sent data: 000000003d70457a, last: 0
No photon emitted.
No photon emitted.
No photon emitted.
Photon emitted!
Photon emitted!
Sent data: 000000003dc08037, last: 0
No photon emitted.
Sent data: 000000003dd0d44b, last: 0
No photon emitted.
No photon emitted.
No photon emitted.
Photon emitted!
No photon emitted.
Sent data: 000000003e202b07, last: 0
No photon emitted.
No photon emitted.
No photon emitted.
No photon emitted.
No photon emitted.
No photon emitted.
No photon emitted.
No photon emitted.
No photon emitted.
No photon emitted.
No photon emitted.
No photon emitted.
No photon emitted.
Photon emitted!
No photon emitted.
Sent data: 000000003f10c659, last: 0
No photon emitted.
No photon emitted.
Photon emitted!
No photon emitted.
Sent data: 000000003f50675e, last: 0
No photon emitted.
No photon emitted.
No photon emitted.
Photon emitted!
No photon emitted.
Sent data: 000000003fa011d6, last: 0
No photon emitted.
No photon emitted.
No photon emitted.
No photon emitted.
No photon emitted.
No photon emitted.
No photon emitted.
No photon emitted.
No photon emitted.
Photon emitted!
No photon emitted.
Sent data: 000000000050631b, last: 0
No photon emitted.
Photon emitted!
No photon emitted.
Sent data: 000000000080dae5, last: 0
No photon emitted.
No photon emitted.
No photon emitted.
Photon emitted!
No photon emitted.
Sent data: 0000000000d011ca, last: 0
No photon emitted.
No photon emitted.
No photon emitted.
No photon emitted.
No photon emitted.
No photon emitted.
No photon emitted.
No photon emitted.
No photon emitted.
No photon emitted.
Photon emitted!
No photon emitted.
Sent data: 0000000001904f5b, last: 0
No photon emitted.
No photon emitted.
No photon emitted.
No photon emitted.
No photon emitted.
No photon emitted.
Photon emitted!
No photon emitted.
Sent data: 0000000002107548, last: 0
No photon emitted.
No photon emitted.
No photon emitted.
No photon emitted.
No photon emitted.
No photon emitted.
No photon emitted.
No photon emitted.
No photon emitted.
No photon emitted.
No photon emitted.
No photon emitted.
No photon emitted.
No photon emitted.
No photon emitted.
No photon emitted.
No photon emitted.
Photon emitted!
No photon emitted.
Sent data: 0000000003400d00, last: 0
No photon emitted.
No photon emitted.
Photon emitted!
No photon emitted.
Sent data: 0000000003801951, last: 0
No photon emitted.
No photon emitted.
Photon emitted!
No photon emitted.
Sent data: 0000000003c0fa7c, last: 0
No photon emitted.
No photon emitted.
No photon emitted.
No photon emitted.
No photon emitted.
No photon emitted.
No photon emitted.
No photon emitted.
No photon emitted.
No photon emitted.
No photon emitted.
No photon emitted.
Photon emitted!
No photon emitted.
Sent data: 0000000004a05d1d, last: 0
Photon emitted!
No photon emitted.
Sent data: 0000000004c02bf1, last: 0
No photon emitted.
No photon emitted.
No photon emitted.
No photon emitted.
No photon emitted.
No photon emitted.
No photon emitted.
No photon emitted.
No photon emitted.
No photon emitted.
No photon emitted.
No photon emitted.
No photon emitted.
No photon emitted.
No photon emitted.
No photon emitted.
No photon emitted.
No photon emitted.
No photon emitted.
Photon emitted!
No photon emitted.
Sent data: 0000000006105f19, last: 0
No photon emitted.
No photon emitted.
No photon emitted.
Photon emitted!
No photon emitted.
Sent data: 000000000660bcbf, last: 0
No photon emitted.
No photon emitted.
No photon emitted.
Photon emitted!
No photon emitted.
Sent data: 0000000006b05791, last: 0
No photon emitted.
No photon emitted.
Photon emitted!
Photon emitted!
Sent data: 0000000006f0be6f, last: 0
No photon emitted.
No photon emitted.
Sent data: 000000000700fac2, last: 0
No photon emitted.
Photon emitted!
No photon emitted.
Sent data: 000000000740847f, last: 0
No photon emitted.
No photon emitted.
No photon emitted.
No photon emitted.
Photon emitted!
No photon emitted.
Sent data: 0000000007a0def0, last: 0
No photon emitted.
No photon emitted.
No photon emitted.
No photon emitted.
No photon emitted.
No photon emitted.
No photon emitted.
No photon emitted.
No photon emitted.
No photon emitted.
No photon emitted.
No photon emitted.
No photon emitted.
No photon emitted.
No photon emitted.
No photon emitted.
No photon emitted.
No photon emitted.
No photon emitted.
No photon emitted.
No photon emitted.
No photon emitted.
No photon emitted.
No photon emitted.
No photon emitted.
No photon emitted.
No photon emitted.
No photon emitted.
No photon emitted.
No photon emitted.
No photon emitted.
No photon emitted.
No photon emitted.
No photon emitted.
No photon emitted.
No photon emitted.
No photon emitted.
No photon emitted.
No photon emitted.
No photon emitted.
No photon emitted.
No photon emitted.
No photon emitted.
Photon emitted!
No photon emitted.
Sent data: 000000000a709475, last: 0
No photon emitted.
Photon emitted!
No photon emitted.
Sent data: 000000000aa04d18, last: 0
No photon emitted.
No photon emitted.
No photon emitted.
No photon emitted.
No photon emitted.
No photon emitted.
No photon emitted.
No photon emitted.
No photon emitted.
No photon emitted.
No photon emitted.
No photon emitted.
No photon emitted.
No photon emitted.
No photon emitted.
No photon emitted.
No photon emitted.
No photon emitted.
No photon emitted.
No photon emitted.
No photon emitted.
No photon emitted.
No photon emitted.
No photon emitted.
No photon emitted.
No photon emitted.
No photon emitted.
No photon emitted.
No photon emitted.
No photon emitted.
No photon emitted.
No photon emitted.
No photon emitted.
No photon emitted.
Photon emitted!
No photon emitted.
Sent data: 000000000ce0fe17, last: 0
No photon emitted.
No photon emitted.
Photon emitted!
No photon emitted.
Sent data: 000000000d202fee, last: 0
No photon emitted.
No photon emitted.
No photon emitted.
No photon emitted.
No photon emitted.
No photon emitted.
No photon emitted.
No photon emitted.
No photon emitted.
No photon emitted.
No photon emitted.
No photon emitted.
No photon emitted.
No photon emitted.
No photon emitted.
No photon emitted.
No photon emitted.
No photon emitted.
No photon emitted.
No photon emitted.
No photon emitted.
No photon emitted.
No photon emitted.
No photon emitted.
No photon emitted.
No photon emitted.
Photon emitted!
No photon emitted.
Sent data: 000000000ee0ba11, last: 0
Photon emitted!
No photon emitted.
Sent data: 000000000f00ec67, last: 0
No photon emitted.
No photon emitted.
No photon emitted.
No photon emitted.
No photon emitted.
No photon emitted.
Photon emitted!
No photon emitted.
Sent data: 000000000f80940d, last: 0
Photon emitted!
No photon emitted.
Sent data: 000000000fa0c6d8, last: 0
No photon emitted.
Photon emitted!
No photon emitted.
Sent data: 000000000fd07daf, last: 0
No photon emitted.
Photon emitted!
No photon emitted.
Sent data: 000000001000b842, last: 0
No photon emitted.
No photon emitted.
No photon emitted.
No photon emitted.
No photon emitted.
No photon emitted.
No photon emitted.
No photon emitted.
No photon emitted.
No photon emitted.
No photon emitted.
No photon emitted.
No photon emitted.
No photon emitted.
No photon emitted.
No photon emitted.
No photon emitted.
No photon emitted.
No photon emitted.
No photon emitted.
No photon emitted.
No photon emitted.
No photon emitted.
No photon emitted.
Photon emitted!
No photon emitted.
Sent data: 0000000011a0f2ab, last: 0
Photon emitted!
No photon emitted.
Sent data: 0000000011c05f54, last: 0
No photon emitted.
No photon emitted.
No photon emitted.
No photon emitted.
No photon emitted.
No photon emitted.
No photon emitted.
No photon emitted.
No photon emitted.
No photon emitted.
No photon emitted.
No photon emitted.
No photon emitted.
No photon emitted.
No photon emitted.
No photon emitted.
No photon emitted.
No photon emitted.
No photon emitted.
Photon emitted!
No photon emitted.
Sent data: 000000001310e206, last: 0
No photon emitted.
No photon emitted.
No photon emitted.
No photon emitted.
No photon emitted.
No photon emitted.
No photon emitted.
No photon emitted.
No photon emitted.
No photon emitted.
No photon emitted.
No photon emitted.
No photon emitted.
No photon emitted.
No photon emitted.
No photon emitted.
No photon emitted.
No photon emitted.
No photon emitted.
No photon emitted.
No photon emitted.
No photon emitted.
Photon emitted!
No photon emitted.
Sent data: 0000000014904ddc, last: 0
No photon emitted.
No photon emitted.
No photon emitted.
No photon emitted.
No photon emitted.
No photon emitted.
No photon emitted.
No photon emitted.
No photon emitted.
No photon emitted.
No photon emitted.
No photon emitted.
Photon emitted!
No photon emitted.
Sent data: 00000000157084c5, last: 0
No photon emitted.
No photon emitted.
No photon emitted.
No photon emitted.
No photon emitted.
No photon emitted.
No photon emitted.
No photon emitted.
No photon emitted.
No photon emitted.
No photon emitted.
Photon emitted!
No photon emitted.
Sent data: 000000001640f4b1, last: 0
No photon emitted.
No photon emitted.
No photon emitted.
No photon emitted.
No photon emitted.
Photon emitted!
No photon emitted.
Sent data: 0000000016b03d37, last: 0
No photon emitted.
No photon emitted.
No photon emitted.
No photon emitted.
No photon emitted.
No photon emitted.
No photon emitted.
Photon emitted!
No photon emitted.
Sent data: 00000000174005c8, last: 0
No photon emitted.
No photon emitted.
No photon emitted.
No photon emitted.
No photon emitted.
No photon emitted.
No photon emitted.
No photon emitted.
No photon emitted.
No photon emitted.
Photon emitted!
No photon emitted.
Sent data: 0000000018007917, last: 0
No photon emitted.
Photon emitted!
No photon emitted.
Sent data: 000000001830c432, last: 0
No photon emitted.
No photon emitted.
No photon emitted.
No photon emitted.
No photon emitted.
No photon emitted.
No photon emitted.
No photon emitted.
No photon emitted.
Photon emitted!
Photon emitted!
Sent data: 0000000018e0963e, last: 0
No photon emitted.
No photon emitted.
Sent data: 0000000018f07b3b, last: 0
No photon emitted.
No photon emitted.
No photon emitted.
No photon emitted.
No photon emitted.
No photon emitted.
No photon emitted.
No photon emitted.
No photon emitted.
No photon emitted.
No photon emitted.
Photon emitted!
No photon emitted.
Sent data: 0000000019d03b0d, last: 0
No photon emitted.
No photon emitted.
No photon emitted.
No photon emitted.
No photon emitted.
No photon emitted.
No photon emitted.
No photon emitted.
No photon emitted.
No photon emitted.
No photon emitted.
No photon emitted.
No photon emitted.
No photon emitted.
No photon emitted.
No photon emitted.
No photon emitted.
Photon emitted!
No photon emitted.
Sent data: 000000001b00ca62, last: 0
No photon emitted.
No photon emitted.
Photon emitted!
Photon emitted!
Sent data: 000000001b403944, last: 0
No photon emitted.
Sent data: 000000001b508e9f, last: 0
No photon emitted.
No photon emitted.
No photon emitted.
No photon emitted.
No photon emitted.
No photon emitted.
No photon emitted.
No photon emitted.
No photon emitted.
No photon emitted.
No photon emitted.
No photon emitted.
No photon emitted.
No photon emitted.
No photon emitted.
No photon emitted.
No photon emitted.
No photon emitted.
No photon emitted.
No photon emitted.
No photon emitted.
No photon emitted.
No photon emitted.
Photon emitted!
Photon emitted!
Sent data: 000000001ce07348, last: 0
No photon emitted.
Photon emitted!
Sent data: 000000001cf041cf, last: 0
No photon emitted.
Sent data: 000000001d10b4f2, last: 0
No photon emitted.
No photon emitted.
Photon emitted!
No photon emitted.
Sent data: 000000001d50d8a0, last: 0
No photon emitted.
No photon emitted.
No photon emitted.
No photon emitted.
No photon emitted.
No photon emitted.
No photon emitted.
No photon emitted.
No photon emitted.
No photon emitted.
No photon emitted.
No photon emitted.
No photon emitted.
No photon emitted.
No photon emitted.
No photon emitted.
No photon emitted.
No photon emitted.
No photon emitted.
Photon emitted!
No photon emitted.
Sent data: 000000001ea013c1, last: 0
Photon emitted!
No photon emitted.
Sent data: 000000001ec02737, last: 0
Photon emitted!
No photon emitted.
Sent data: 000000001ee0d059, last: 0
No photon emitted.
No photon emitted.
Photon emitted!
No photon emitted.
Sent data: 000000001f20b871, last: 0
No photon emitted.
No photon emitted.
No photon emitted.
No photon emitted.
No photon emitted.
No photon emitted.
Photon emitted!
No photon emitted.
Sent data: 000000001fa0c0df, last: 0
No photon emitted.
Photon emitted!
No photon emitted.
Sent data: 000000001fd0b696, last: 0
Photon emitted!
No photon emitted.
Sent data: 000000001ff09c83, last: 0
No photon emitted.
No photon emitted.
No photon emitted.
No photon emitted.
No photon emitted.
No photon emitted.
No photon emitted.
No photon emitted.
No photon emitted.
No photon emitted.
No photon emitted.
No photon emitted.
No photon emitted.
No photon emitted.
No photon emitted.
No photon emitted.
No photon emitted.
No photon emitted.
No photon emitted.
No photon emitted.
No photon emitted.
No photon emitted.
Photon emitted!
No photon emitted.
Sent data: 0000000021704786, last: 0
No photon emitted.
Photon emitted!
No photon emitted.
Sent data: 0000000021a0ec4c, last: 0
Photon emitted!
No photon emitted.
Sent data: 0000000021c0ea13, last: 0
No photon emitted.
No photon emitted.
No photon emitted.
No photon emitted.
No photon emitted.
No photon emitted.
No photon emitted.
No photon emitted.
No photon emitted.
No photon emitted.
Photon emitted!
No photon emitted.
Sent data: 000000002280e250, last: 0
No photon emitted.
No photon emitted.
No photon emitted.
No photon emitted.
No photon emitted.
No photon emitted.
No photon emitted.
No photon emitted.
No photon emitted.
No photon emitted.
No photon emitted.
No photon emitted.
No photon emitted.
No photon emitted.
No photon emitted.
No photon emitted.
No photon emitted.
No photon emitted.
No photon emitted.
No photon emitted.
No photon emitted.
No photon emitted.
No photon emitted.
No photon emitted.
No photon emitted.
No photon emitted.
No photon emitted.
No photon emitted.
No photon emitted.
No photon emitted.
No photon emitted.
No photon emitted.
Photon emitted!
No photon emitted.
Sent data: 0000000024a0e06c, last: 0
No photon emitted.
Photon emitted!
No photon emitted.
Sent data: 0000000024d041f9, last: 0
No photon emitted.
No photon emitted.
No photon emitted.
Photon emitted!
No photon emitted.
Sent data: 000000002520013b, last: 0
No photon emitted.
No photon emitted.
No photon emitted.
No photon emitted.
No photon emitted.
No photon emitted.
No photon emitted.
No photon emitted.
No photon emitted.
No photon emitted.
No photon emitted.
No photon emitted.
No photon emitted.
No photon emitted.
No photon emitted.
No photon emitted.
No photon emitted.
No photon emitted.
No photon emitted.
Photon emitted!
No photon emitted.
Sent data: 000000002670b0ae, last: 0
No photon emitted.
Photon emitted!
Photon emitted!
Sent data: 0000000026a0a208, last: 0
No photon emitted.
No photon emitted.
Sent data: 0000000026b02b12, last: 0
No photon emitted.
Photon emitted!
No photon emitted.
Sent data: 0000000026f0f48d, last: 0
No photon emitted.
No photon emitted.
No photon emitted.
No photon emitted.
No photon emitted.
No photon emitted.
No photon emitted.
No photon emitted.
No photon emitted.
No photon emitted.
No photon emitted.
No photon emitted.
No photon emitted.
No photon emitted.
No photon emitted.
No photon emitted.
No photon emitted.
No photon emitted.
No photon emitted.
No photon emitted.
No photon emitted.
No photon emitted.
No photon emitted.
No photon emitted.
No photon emitted.
No photon emitted.
Photon emitted!
No photon emitted.
Sent data: 0000000028b0d0c4, last: 0
No photon emitted.
Photon emitted!
Photon emitted!
Sent data: 0000000028e069ed, last: 0
No photon emitted.
No photon emitted.
Sent data: 0000000028f0d44b, last: 0
No photon emitted.
No photon emitted.
No photon emitted.
No photon emitted.
No photon emitted.
No photon emitted.
No photon emitted.
No photon emitted.
No photon emitted.
Photon emitted!
No photon emitted.
Sent data: 0000000029b082c4, last: 0
No photon emitted.
No photon emitted.
No photon emitted.
No photon emitted.
No photon emitted.
No photon emitted.
No photon emitted.
No photon emitted.
No photon emitted.
No photon emitted.
No photon emitted.
No photon emitted.
No photon emitted.
No photon emitted.
No photon emitted.
No photon emitted.
No photon emitted.
No photon emitted.
No photon emitted.
No photon emitted.
No photon emitted.
No photon emitted.
No photon emitted.
Photon emitted!
No photon emitted.
Sent data: 000000002b404f2f, last: 0
No photon emitted.
No photon emitted.
Photon emitted!
No photon emitted.
Sent data: 000000002b804dfd, last: 0
No photon emitted.
No photon emitted.
No photon emitted.
Photon emitted!
Photon emitted!
Sent data: 000000002bd0aa4c, last: 0
No photon emitted.
Sent data: 000000002be0a6e3, last: 0
No photon emitted.
Photon emitted!
No photon emitted.
Sent data: 000000002c10f8df, last: 0
No photon emitted.
No photon emitted.
No photon emitted.
No photon emitted.
No photon emitted.
No photon emitted.
No photon emitted.
No photon emitted.
No photon emitted.
No photon emitted.
No photon emitted.
No photon emitted.
No photon emitted.
No photon emitted.
No photon emitted.
No photon emitted.
No photon emitted.
No photon emitted.
No photon emitted.
No photon emitted.
No photon emitted.
No photon emitted.
No photon emitted.
No photon emitted.
No photon emitted.
No photon emitted.
No photon emitted.
No photon emitted.
Photon emitted!
No photon emitted.
Sent data: 000000002df02f15, last: 0
No photon emitted.
No photon emitted.
Photon emitted!
No photon emitted.
Sent data: 000000002e30daac, last: 0
No photon emitted.
No photon emitted.
No photon emitted.
No photon emitted.
Photon emitted!
No photon emitted.
Sent data: 000000002e901d6e, last: 0
Photon emitted!
No photon emitted.
Sent data: 000000002eb059b7, last: 0
No photon emitted.
Photon emitted!
No photon emitted.
Sent data: 000000002ee027f9, last: 0
No photon emitted.
No photon emitted.
No photon emitted.
Photon emitted!
No photon emitted.
Sent data: 000000002f304f36, last: 0
No photon emitted.
No photon emitted.
No photon emitted.
No photon emitted.
No photon emitted.
No photon emitted.
No photon emitted.
No photon emitted.
Photon emitted!
No photon emitted.
Sent data: 000000002fd0e0d3, last: 0
No photon emitted.
No photon emitted.
No photon emitted.
No photon emitted.
No photon emitted.
No photon emitted.
No photon emitted.
No photon emitted.
No photon emitted.
No photon emitted.
Photon emitted!
No photon emitted.
Sent data: 000000003090bc80, last: 0
No photon emitted.
No photon emitted.
No photon emitted.
No photon emitted.
No photon emitted.
No photon emitted.
Photon emitted!
No photon emitted.
Sent data: 0000000031101533, last: 0
Photon emitted!
Photon emitted!
Sent data: 000000003130b2f1, last: 0
No photon emitted.
No photon emitted.
Sent data: 000000003140ac75, last: 0
No photon emitted.
No photon emitted.
Photon emitted!
No photon emitted.
Sent data: 0000000031902f49, last: 0
No photon emitted.
No photon emitted.
No photon emitted.
No photon emitted.
No photon emitted.
No photon emitted.
No photon emitted.
No photon emitted.
No photon emitted.
No photon emitted.
No photon emitted.
No photon emitted.
No photon emitted.
No photon emitted.
No photon emitted.
No photon emitted.
No photon emitted.
No photon emitted.
No photon emitted.
No photon emitted.
No photon emitted.
No photon emitted.
No photon emitted.
Photon emitted!
No photon emitted.
Sent data: 000000003320902a, last: 0
No photon emitted.
No photon emitted.
No photon emitted.
No photon emitted.
No photon emitted.
No photon emitted.
No photon emitted.
Photon emitted!
No photon emitted.
Sent data: 0000000033b075a2, last: 0
No photon emitted.
No photon emitted.
No photon emitted.
No photon emitted.
No photon emitted.
No photon emitted.
Photon emitted!
No photon emitted.
Sent data: 0000000034307f50, last: 0
No photon emitted.
No photon emitted.
No photon emitted.
No photon emitted.
No photon emitted.
No photon emitted.
No photon emitted.
No photon emitted.
No photon emitted.
No photon emitted.
No photon emitted.
No photon emitted.
No photon emitted.
No photon emitted.
No photon emitted.
No photon emitted.
No photon emitted.
No photon emitted.
No photon emitted.
No photon emitted.
No photon emitted.
No photon emitted.
No photon emitted.
No photon emitted.
No photon emitted.
No photon emitted.
No photon emitted.
No photon emitted.
No photon emitted.
No photon emitted.
No photon emitted.
No photon emitted.
No photon emitted.
No photon emitted.
No photon emitted.
No photon emitted.
No photon emitted.
No photon emitted.
No photon emitted.
No photon emitted.
No photon emitted.
No photon emitted.
No photon emitted.
No photon emitted.
No photon emitted.
No photon emitted.
No photon emitted.
No photon emitted.
No photon emitted.
No photon emitted.
No photon emitted.
No photon emitted.
No photon emitted.
No photon emitted.
No photon emitted.
Photon emitted!
Photon emitted!
Sent data: 0000000037c0facb, last: 0
No photon emitted.
Sent data: 0000000037d07915, last: 0
No photon emitted.
No photon emitted.
No photon emitted.
Photon emitted!
No photon emitted.
Sent data: 000000003820be37, last: 0
No photon emitted.
No photon emitted.
No photon emitted.
No photon emitted.
No photon emitted.
No photon emitted.
No photon emitted.
No photon emitted.
No photon emitted.
No photon emitted.
No photon emitted.
No photon emitted.
No photon emitted.
No photon emitted.
Photon emitted!
No photon emitted.
Sent data: 00000000392094b9, last: 0
No photon emitted.
No photon emitted.
No photon emitted.
No photon emitted.
No photon emitted.
No photon emitted.
No photon emitted.
No photon emitted.
No photon emitted.
No photon emitted.
No photon emitted.
No photon emitted.
No photon emitted.
No photon emitted.
Photon emitted!
No photon emitted.
Sent data: 000000003a20aef3, last: 0
No photon emitted.
No photon emitted.
No photon emitted.
No photon emitted.
No photon emitted.
No photon emitted.
No photon emitted.
No photon emitted.
No photon emitted.
No photon emitted.
No photon emitted.
Photon emitted!
No photon emitted.
Sent data: 000000003af0691a, last: 0
No photon emitted.
No photon emitted.
No photon emitted.
No photon emitted.
No photon emitted.
Photon emitted!
Photon emitted!
Sent data: 000000003b607fec, last: 0
No photon emitted.
No photon emitted.
Sent data: 000000003b70671c, last: 0
No photon emitted.
No photon emitted.
No photon emitted.
No photon emitted.
No photon emitted.
No photon emitted.
No photon emitted.
Photon emitted!
No photon emitted.
Sent data: 000000003c109412, last: 0
No photon emitted.
No photon emitted.
No photon emitted.
No photon emitted.
Photon emitted!
No photon emitted.
Sent data: 000000003c703d39, last: 0
No photon emitted.
Photon emitted!
No photon emitted.
Sent data: 000000003ca05f80, last: 0
No photon emitted.
No photon emitted.
No photon emitted.
Photon emitted!
No photon emitted.
Sent data: 000000003cf0b24a, last: 0
No photon emitted.
No photon emitted.
No photon emitted.
No photon emitted.
No photon emitted.
No photon emitted.
Photon emitted!
No photon emitted.
Sent data: 000000003d7039eb, last: 0
No photon emitted.
No photon emitted.
No photon emitted.
No photon emitted.
No photon emitted.
No photon emitted.
No photon emitted.
Photon emitted!
No photon emitted.
Sent data: 000000003e008e4e, last: 0
No photon emitted.
No photon emitted.
No photon emitted.
No photon emitted.
No photon emitted.
No photon emitted.
No photon emitted.
No photon emitted.
No photon emitted.
No photon emitted.
Photon emitted!
No photon emitted.
Sent data: 000000003ec04b50, last: 0
No photon emitted.
No photon emitted.
No photon emitted.
No photon emitted.
No photon emitted.
No photon emitted.
Photon emitted!
No photon emitted.
Sent data: 000000003f40f43b, last: 0
No photon emitted.
No photon emitted.
No photon emitted.
No photon emitted.
No photon emitted.
No photon emitted.
No photon emitted.
No photon emitted.
No photon emitted.
No photon emitted.
No photon emitted.
No photon emitted.
No photon emitted.
No photon emitted.
No photon emitted.
No photon emitted.
No photon emitted.
No photon emitted.
No photon emitted.
No photon emitted.
No photon emitted.
Photon emitted!
No photon emitted.
Sent data: 0000000000b0691d, last: 0
No photon emitted.
No photon emitted.
No photon emitted.
No photon emitted.
No photon emitted.
No photon emitted.
No photon emitted.
No photon emitted.
Photon emitted!
No photon emitted.
Sent data: 0000000001503fd8, last: 0
No photon emitted.
No photon emitted.
No photon emitted.
No photon emitted.
No photon emitted.
No photon emitted.
No photon emitted.
No photon emitted.
No photon emitted.
No photon emitted.
No photon emitted.
No photon emitted.
No photon emitted.
No photon emitted.
No photon emitted.
No photon emitted.
No photon emitted.
No photon emitted.
No photon emitted.
No photon emitted.
Photon emitted!
No photon emitted.
Sent data: 0000000002b0f0bb, last: 0
No photon emitted.
No photon emitted.
No photon emitted.
No photon emitted.
No photon emitted.
No photon emitted.
No photon emitted.
No photon emitted.
No photon emitted.
Photon emitted!
No photon emitted.
Sent data: 000000000360e6c8, last: 0
No photon emitted.
Photon emitted!
No photon emitted.
Sent data: 0000000003902f0b, last: 0
No photon emitted.
No photon emitted.
No photon emitted.
No photon emitted.
No photon emitted.
No photon emitted.
No photon emitted.
No photon emitted.
Photon emitted!
No photon emitted.
Sent data: 000000000430e4c0, last: 0
No photon emitted.
No photon emitted.
No photon emitted.
No photon emitted.
No photon emitted.
No photon emitted.
No photon emitted.
No photon emitted.
No photon emitted.
No photon emitted.
No photon emitted.
No photon emitted.
No photon emitted.
No photon emitted.
No photon emitted.
No photon emitted.
No photon emitted.
No photon emitted.
No photon emitted.
No photon emitted.
No photon emitted.
No photon emitted.
No photon emitted.
No photon emitted.
Photon emitted!
No photon emitted.
Sent data: 0000000005d0ba97, last: 0
No photon emitted.
No photon emitted.
No photon emitted.
No photon emitted.
No photon emitted.
No photon emitted.
No photon emitted.
No photon emitted.
No photon emitted.
No photon emitted.
No photon emitted.
No photon emitted.
No photon emitted.
No photon emitted.
No photon emitted.
Photon emitted!
No photon emitted.
Sent data: 0000000006e0884e, last: 0
No photon emitted.
No photon emitted.
No photon emitted.
Photon emitted!
No photon emitted.
Sent data: 00000000073059dc, last: 0
No photon emitted.
No photon emitted.
No photon emitted.
No photon emitted.
No photon emitted.
No photon emitted.
No photon emitted.
Photon emitted!
No photon emitted.
Sent data: 0000000007c0e0d6, last: 0
No photon emitted.
No photon emitted.
No photon emitted.
No photon emitted.
Photon emitted!
No photon emitted.
Sent data: 000000000820d422, last: 0
No photon emitted.
No photon emitted.
No photon emitted.
Photon emitted!
No photon emitted.
Sent data: 00000000087092b2, last: 0
No photon emitted.
No photon emitted.
No photon emitted.
No photon emitted.
No photon emitted.
No photon emitted.
No photon emitted.
Photon emitted!
No photon emitted.
Sent data: 0000000009006fa8, last: 0
No photon emitted.
No photon emitted.
Photon emitted!
No photon emitted.
Sent data: 0000000009404b43, last: 0
No photon emitted.
No photon emitted.
No photon emitted.
No photon emitted.
No photon emitted.
No photon emitted.
No photon emitted.
No photon emitted.
No photon emitted.
No photon emitted.
No photon emitted.
No photon emitted.
No photon emitted.
Photon emitted!
No photon emitted.
Sent data: 000000000a302d2e, last: 0
No photon emitted.
No photon emitted.
No photon emitted.
Photon emitted!
No photon emitted.
Sent data: 000000000a8005c7, last: 0
No photon emitted.
No photon emitted.
No photon emitted.
No photon emitted.
No photon emitted.
No photon emitted.
No photon emitted.
Photon emitted!
No photon emitted.
Sent data: 000000000b10436a, last: 0
No photon emitted.
No photon emitted.
Photon emitted!
No photon emitted.
Sent data: 000000000b500196, last: 0
No photon emitted.
No photon emitted.
No photon emitted.
No photon emitted.
No photon emitted.
No photon emitted.
No photon emitted.
No photon emitted.
No photon emitted.
No photon emitted.
No photon emitted.
No photon emitted.
No photon emitted.
No photon emitted.
No photon emitted.
No photon emitted.
No photon emitted.
No photon emitted.
No photon emitted.
No photon emitted.
No photon emitted.
No photon emitted.
No photon emitted.
No photon emitted.
Photon emitted!
No photon emitted.
Sent data: 000000000cf0ec01, last: 0
No photon emitted.
No photon emitted.
No photon emitted.
No photon emitted.
No photon emitted.
No photon emitted.
No photon emitted.
Photon emitted!
No photon emitted.
Sent data: 000000000d801784, last: 0
No photon emitted.
No photon emitted.
No photon emitted.
No photon emitted.
No photon emitted.
No photon emitted.
No photon emitted.
No photon emitted.
No photon emitted.
No photon emitted.
No photon emitted.
Photon emitted!
No photon emitted.
Sent data: 000000000e505bd0, last: 0
No photon emitted.
No photon emitted.
No photon emitted.
No photon emitted.
No photon emitted.
No photon emitted.
No photon emitted.
No photon emitted.
No photon emitted.
No photon emitted.
No photon emitted.
Photon emitted!
No photon emitted.
Sent data: 000000000f209ec1, last: 0
No photon emitted.
No photon emitted.
No photon emitted.
No photon emitted.
No photon emitted.
No photon emitted.
No photon emitted.
No photon emitted.
No photon emitted.
No photon emitted.
No photon emitted.
Photon emitted!
No photon emitted.
Sent data: 000000000ff08299, last: 0
No photon emitted.
No photon emitted.
No photon emitted.
No photon emitted.
Photon emitted!
No photon emitted.
Sent data: 000000001050c602, last: 0
No photon emitted.
Photon emitted!
No photon emitted.
Sent data: 000000001080077e, last: 0
Photon emitted!
Photon emitted!
Sent data: 0000000010a0fea1, last: 0
Photon emitted!
No photon emitted.
Sent data: 0000000010b098d8, last: 0
No photon emitted.
Sent data: 0000000010c0d0c6, last: 0
No photon emitted.
No photon emitted.
Photon emitted!
Photon emitted!
Sent data: 00000000111053e4, last: 0
No photon emitted.
Sent data: 000000001120c059, last: 0
No photon emitted.
Photon emitted!
No photon emitted.
Sent data: 0000000011509a44, last: 0
No photon emitted.
No photon emitted.
No photon emitted.
No photon emitted.
No photon emitted.
No photon emitted.
No photon emitted.
No photon emitted.
No photon emitted.
No photon emitted.
No photon emitted.
No photon emitted.
No photon emitted.
No photon emitted.
No photon emitted.
No photon emitted.
No photon emitted.
No photon emitted.
No photon emitted.
No photon emitted.
No photon emitted.
No photon emitted.
No photon emitted.
Photon emitted!
No photon emitted.
Sent data: 0000000012e0b03c, last: 0
No photon emitted.
Photon emitted!
No photon emitted.
Sent data: 0000000013100934, last: 0
Photon emitted!
No photon emitted.
Sent data: 0000000013303f3a, last: 0
No photon emitted.
No photon emitted.
No photon emitted.
No photon emitted.
No photon emitted.
No photon emitted.
No photon emitted.
No photon emitted.
No photon emitted.
No photon emitted.
No photon emitted.
No photon emitted.
No photon emitted.
No photon emitted.
No photon emitted.
No photon emitted.
No photon emitted.
No photon emitted.
Photon emitted!
No photon emitted.
Sent data: 00000000147037dc, last: 0
Photon emitted!
No photon emitted.
Sent data: 00000000149023ef, last: 0
No photon emitted.
No photon emitted.
No photon emitted.
No photon emitted.
No photon emitted.
No photon emitted.
No photon emitted.
No photon emitted.
No photon emitted.
No photon emitted.
No photon emitted.
No photon emitted.
No photon emitted.
Photon emitted!
No photon emitted.
Sent data: 0000000015803595, last: 0
No photon emitted.
No photon emitted.
No photon emitted.
No photon emitted.
Photon emitted!
No photon emitted.
Sent data: 0000000015e01360, last: 0
No photon emitted.
Photon emitted!
No photon emitted.
Sent data: 00000000161057b7, last: 0
No photon emitted.
No photon emitted.
No photon emitted.
No photon emitted.
No photon emitted.
No photon emitted.
No photon emitted.
No photon emitted.
No photon emitted.
No photon emitted.
No photon emitted.
No photon emitted.
No photon emitted.
No photon emitted.
No photon emitted.
No photon emitted.
No photon emitted.
Photon emitted!
No photon emitted.
Sent data: 0000000017402167, last: 0
Photon emitted!
No photon emitted.
Sent data: 0000000017602336, last: 0
No photon emitted.
No photon emitted.
Photon emitted!
No photon emitted.
Sent data: 0000000017a09ace, last: 0
No photon emitted.
No photon emitted.
Photon emitted!
No photon emitted.
Sent data: 0000000017e029de, last: 0
No photon emitted.
No photon emitted.
No photon emitted.
No photon emitted.
No photon emitted.
No photon emitted.
Photon emitted!
No photon emitted.
Sent data: 0000000018606b2c, last: 0
No photon emitted.
No photon emitted.
No photon emitted.
No photon emitted.
Photon emitted!
No photon emitted.
Sent data: 0000000018c0e03c, last: 0
No photon emitted.
No photon emitted.
No photon emitted.
No photon emitted.
No photon emitted.
No photon emitted.
No photon emitted.
No photon emitted.
No photon emitted.
No photon emitted.
No photon emitted.
No photon emitted.
No photon emitted.
No photon emitted.
Photon emitted!
No photon emitted.
Sent data: 0000000019c0753a, last: 0
No photon emitted.
No photon emitted.
No photon emitted.
No photon emitted.
Photon emitted!
No photon emitted.
Sent data: 000000001a20152a, last: 0
No photon emitted.
No photon emitted.
No photon emitted.
No photon emitted.
No photon emitted.
Photon emitted!
No photon emitted.
Sent data: 000000001a90f8e5, last: 0
No photon emitted.
No photon emitted.
No photon emitted.
No photon emitted.
No photon emitted.
No photon emitted.
Photon emitted!
No photon emitted.
Sent data: 000000001b10394b, last: 0
No photon emitted.
No photon emitted.
No photon emitted.
No photon emitted.
Photon emitted!
No photon emitted.
Sent data: 000000001b70f83e, last: 0
No photon emitted.
No photon emitted.
No photon emitted.
No photon emitted.
No photon emitted.
No photon emitted.
No photon emitted.
Photon emitted!
No photon emitted.
Sent data: 000000001c00cc8a, last: 0
No photon emitted.
No photon emitted.
No photon emitted.
No photon emitted.
Photon emitted!
No photon emitted.
Sent data: 000000001c600b09, last: 0
No photon emitted.
No photon emitted.
No photon emitted.
No photon emitted.
No photon emitted.
No photon emitted.
No photon emitted.
No photon emitted.
No photon emitted.
No photon emitted.
No photon emitted.
No photon emitted.
No photon emitted.
No photon emitted.
No photon emitted.
No photon emitted.
No photon emitted.
No photon emitted.
No photon emitted.
No photon emitted.
No photon emitted.
No photon emitted.
Photon emitted!
No photon emitted.
Sent data: 000000001de0b897, last: 0
No photon emitted.
No photon emitted.
No photon emitted.
No photon emitted.
No photon emitted.
No photon emitted.
No photon emitted.
No photon emitted.
Photon emitted!
No photon emitted.
Sent data: 000000001e804523, last: 0
No photon emitted.
No photon emitted.
No photon emitted.
No photon emitted.
No photon emitted.
No photon emitted.
No photon emitted.
No photon emitted.
No photon emitted.
No photon emitted.
No photon emitted.
No photon emitted.
No photon emitted.
Photon emitted!
No photon emitted.
Sent data: 000000001f70b677, last: 0
No photon emitted.
Photon emitted!
No photon emitted.
Sent data: 000000001fa0981c, last: 0
No photon emitted.
No photon emitted.
No photon emitted.
No photon emitted.
No photon emitted.
No photon emitted.
Photon emitted!
No photon emitted.
Sent data: 0000000020202b3e, last: 0
No photon emitted.
No photon emitted.
No photon emitted.
No photon emitted.
No photon emitted.
No photon emitted.
No photon emitted.
No photon emitted.
Photon emitted!
No photon emitted.
Sent data: 0000000020c03312, last: 0
No photon emitted.
No photon emitted.
No photon emitted.
No photon emitted.
No photon emitted.
No photon emitted.
No photon emitted.
No photon emitted.
No photon emitted.
No photon emitted.
No photon emitted.
No photon emitted.
No photon emitted.
No photon emitted.
No photon emitted.
No photon emitted.
No photon emitted.
No photon emitted.
No photon emitted.
No photon emitted.
No photon emitted.
No photon emitted.
No photon emitted.
No photon emitted.
No photon emitted.
No photon emitted.
No photon emitted.
No photon emitted.
No photon emitted.
No photon emitted.
No photon emitted.
No photon emitted.
No photon emitted.
No photon emitted.
No photon emitted.
No photon emitted.
No photon emitted.
No photon emitted.
No photon emitted.
No photon emitted.
No photon emitted.
No photon emitted.
No photon emitted.
No photon emitted.
No photon emitted.
No photon emitted.
No photon emitted.
No photon emitted.
No photon emitted.
No photon emitted.
No photon emitted.
No photon emitted.
No photon emitted.
No photon emitted.
Photon emitted!
No photon emitted.
Sent data: 000000002440820a, last: 0
No photon emitted.
No photon emitted.
No photon emitted.
No photon emitted.
No photon emitted.
No photon emitted.
No photon emitted.
No photon emitted.
No photon emitted.
No photon emitted.
No photon emitted.
No photon emitted.
No photon emitted.
No photon emitted.
No photon emitted.
No photon emitted.
Photon emitted!
Photon emitted!
Sent data: 000000002560e0f5, last: 0
No photon emitted.
No photon emitted.
Sent data: 0000000025701be2, last: 0
No photon emitted.
No photon emitted.
No photon emitted.
No photon emitted.
No photon emitted.
No photon emitted.
No photon emitted.
No photon emitted.
No photon emitted.
No photon emitted.
No photon emitted.
No photon emitted.
No photon emitted.
No photon emitted.
No photon emitted.
No photon emitted.
No photon emitted.
No photon emitted.
No photon emitted.
No photon emitted.
No photon emitted.
No photon emitted.
No photon emitted.
No photon emitted.
No photon emitted.
No photon emitted.
No photon emitted.
No photon emitted.
No photon emitted.
No photon emitted.
No photon emitted.
No photon emitted.
No photon emitted.
No photon emitted.
No photon emitted.
No photon emitted.
No photon emitted.
No photon emitted.
Photon emitted!
No photon emitted.
Sent data: 00000000280063c5, last: 0
No photon emitted.
No photon emitted.
No photon emitted.
No photon emitted.
No photon emitted.
No photon emitted.
No photon emitted.
No photon emitted.
No photon emitted.
No photon emitted.
No photon emitted.
No photon emitted.
No photon emitted.
No photon emitted.
No photon emitted.
No photon emitted.
No photon emitted.
No photon emitted.
No photon emitted.
No photon emitted.
No photon emitted.
No photon emitted.
No photon emitted.
No photon emitted.
No photon emitted.
No photon emitted.
No photon emitted.
No photon emitted.
No photon emitted.
No photon emitted.
No photon emitted.
No photon emitted.
No photon emitted.
No photon emitted.
No photon emitted.
No photon emitted.
No photon emitted.
Photon emitted!
No photon emitted.
Sent data: 000000002a709c6c, last: 0
No photon emitted.
No photon emitted.
No photon emitted.
No photon emitted.
No photon emitted.
No photon emitted.
No photon emitted.
No photon emitted.
No photon emitted.
No photon emitted.
No photon emitted.
No photon emitted.
No photon emitted.
No photon emitted.
No photon emitted.
No photon emitted.
No photon emitted.
Photon emitted!
No photon emitted.
Sent data: 000000002ba0def1, last: 0
No photon emitted.
No photon emitted.
No photon emitted.
No photon emitted.
No photon emitted.
No photon emitted.
No photon emitted.
No photon emitted.
No photon emitted.
No photon emitted.
No photon emitted.
No photon emitted.
No photon emitted.
No photon emitted.
No photon emitted.
No photon emitted.
No photon emitted.
No photon emitted.
No photon emitted.
No photon emitted.
No photon emitted.
No photon emitted.
No photon emitted.
No photon emitted.
No photon emitted.
No photon emitted.
No photon emitted.
No photon emitted.
No photon emitted.
No photon emitted.
No photon emitted.
No photon emitted.
No photon emitted.
No photon emitted.
No photon emitted.
No photon emitted.
No photon emitted.
No photon emitted.
Photon emitted!
No photon emitted.
Sent data: 000000002e20572d, last: 0
No photon emitted.
No photon emitted.
No photon emitted.
No photon emitted.
No photon emitted.
No photon emitted.
No photon emitted.
No photon emitted.
No photon emitted.
No photon emitted.
No photon emitted.
No photon emitted.
No photon emitted.
No photon emitted.
No photon emitted.
No photon emitted.
No photon emitted.
No photon emitted.
Photon emitted!
No photon emitted.
Sent data: 000000002f60ae89, last: 0
No photon emitted.
No photon emitted.
No photon emitted.
No photon emitted.
No photon emitted.
No photon emitted.
No photon emitted.
No photon emitted.
No photon emitted.
No photon emitted.
No photon emitted.
No photon emitted.
No photon emitted.
No photon emitted.
No photon emitted.
No photon emitted.
No photon emitted.
No photon emitted.
No photon emitted.
No photon emitted.
No photon emitted.
No photon emitted.
No photon emitted.
Photon emitted!
No photon emitted.
Sent data: 0000000030f02d0f, last: 0
Photon emitted!
No photon emitted.
Sent data: 000000003110ccab, last: 0
No photon emitted.
No photon emitted.
No photon emitted.
No photon emitted.
No photon emitted.
No photon emitted.
No photon emitted.
No photon emitted.
No photon emitted.
No photon emitted.
No photon emitted.
No photon emitted.
No photon emitted.
No photon emitted.
No photon emitted.
No photon emitted.
No photon emitted.
No photon emitted.
No photon emitted.
No photon emitted.
Photon emitted!
No photon emitted.
Sent data: 000000003270e854, last: 0
No photon emitted.
No photon emitted.
No photon emitted.
No photon emitted.
No photon emitted.
No photon emitted.
No photon emitted.
No photon emitted.
No photon emitted.
No photon emitted.
No photon emitted.
No photon emitted.
No photon emitted.
No photon emitted.
No photon emitted.
No photon emitted.
No photon emitted.
No photon emitted.
No photon emitted.
No photon emitted.
No photon emitted.
No photon emitted.
No photon emitted.
No photon emitted.
No photon emitted.
No photon emitted.
No photon emitted.
No photon emitted.
No photon emitted.
No photon emitted.
No photon emitted.
No photon emitted.
No photon emitted.
No photon emitted.
No photon emitted.
No photon emitted.
No photon emitted.
No photon emitted.
No photon emitted.
No photon emitted.
No photon emitted.
No photon emitted.
No photon emitted.
No photon emitted.
No photon emitted.
No photon emitted.
No photon emitted.
No photon emitted.
No photon emitted.
No photon emitted.
No photon emitted.
No photon emitted.
No photon emitted.
No photon emitted.
No photon emitted.
No photon emitted.
No photon emitted.
Photon emitted!
No photon emitted.
Sent data: 000000003620b0bb, last: 0
Photon emitted!
No photon emitted.
Sent data: 000000003640a280, last: 0
No photon emitted.
No photon emitted.
No photon emitted.
No photon emitted.
No photon emitted.
No photon emitted.
No photon emitted.
No photon emitted.
No photon emitted.
No photon emitted.
No photon emitted.
No photon emitted.
No photon emitted.
No photon emitted.
No photon emitted.
No photon emitted.
Photon emitted!
No photon emitted.
Sent data: 0000000037602b17, last: 0
No photon emitted.
No photon emitted.
No photon emitted.
No photon emitted.
No photon emitted.
No photon emitted.
No photon emitted.
No photon emitted.
No photon emitted.
No photon emitted.
No photon emitted.
No photon emitted.
No photon emitted.
Photon emitted!
No photon emitted.
Sent data: 0000000038501f2f, last: 0
No photon emitted.
No photon emitted.
No photon emitted.
No photon emitted.
No photon emitted.
No photon emitted.
No photon emitted.
No photon emitted.
No photon emitted.
No photon emitted.
No photon emitted.
No photon emitted.
No photon emitted.
No photon emitted.
No photon emitted.
No photon emitted.
No photon emitted.
No photon emitted.
No photon emitted.
No photon emitted.
No photon emitted.
No photon emitted.
No photon emitted.
No photon emitted.
No photon emitted.
No photon emitted.
No photon emitted.
No photon emitted.
Photon emitted!
No photon emitted.
Sent data: 000000003a30c683, last: 0
No photon emitted.
No photon emitted.
No photon emitted.
No photon emitted.
No photon emitted.
No photon emitted.
No photon emitted.
No photon emitted.
No photon emitted.
No photon emitted.
No photon emitted.
No photon emitted.
No photon emitted.
No photon emitted.
Photon emitted!
No photon emitted.
Sent data: 000000003b302b2c, last: 0
No photon emitted.
No photon emitted.
No photon emitted.
No photon emitted.
No photon emitted.
No photon emitted.
No photon emitted.
Photon emitted!
No photon emitted.
Sent data: 000000003bc0b07c, last: 0
No photon emitted.
No photon emitted.
No photon emitted.
Photon emitted!
Photon emitted!
Sent data: 000000003c1082fb, last: 0
No photon emitted.
Sent data: 000000003c200ff1, last: 0
No photon emitted.
No photon emitted.
No photon emitted.
No photon emitted.
No photon emitted.
No photon emitted.
No photon emitted.
No photon emitted.
No photon emitted.
No photon emitted.
No photon emitted.
No photon emitted.
No photon emitted.
No photon emitted.
Photon emitted!
No photon emitted.
Sent data: 000000003d20aee6, last: 0
No photon emitted.
No photon emitted.
No photon emitted.
Photon emitted!
No photon emitted.
Sent data: 000000003d70de51, last: 0
No photon emitted.
No photon emitted.
No photon emitted.
No photon emitted.
No photon emitted.
No photon emitted.
No photon emitted.
Photon emitted!
No photon emitted.
Sent data: 000000003e00e065, last: 0
No photon emitted.
No photon emitted.
No photon emitted.
No photon emitted.
No photon emitted.
No photon emitted.
No photon emitted.
No photon emitted.
No photon emitted.
No photon emitted.
No photon emitted.
No photon emitted.
No photon emitted.
No photon emitted.
No photon emitted.
No photon emitted.
No photon emitted.
Photon emitted!
No photon emitted.
Sent data: 000000003f30e054, last: 0
No photon emitted.
No photon emitted.
No photon emitted.
No photon emitted.
No photon emitted.
No photon emitted.
No photon emitted.
No photon emitted.
No photon emitted.
Photon emitted!
No photon emitted.
Sent data: 000000003fe05b9c, last: 0
No photon emitted.
No photon emitted.
No photon emitted.
No photon emitted.
No photon emitted.
Photon emitted!
No photon emitted.
Sent data: 000000000050ec6d, last: 0
No photon emitted.
No photon emitted.
No photon emitted.
No photon emitted.
No photon emitted.
No photon emitted.
No photon emitted.
No photon emitted.
No photon emitted.
No photon emitted.
No photon emitted.
No photon emitted.
No photon emitted.
No photon emitted.
No photon emitted.
No photon emitted.
No photon emitted.
No photon emitted.
No photon emitted.
Photon emitted!
No photon emitted.
Sent data: 0000000001a0c6f3, last: 0
No photon emitted.
No photon emitted.
No photon emitted.
No photon emitted.
Photon emitted!
No photon emitted.
Sent data: 000000000200dae0, last: 0
No photon emitted.
No photon emitted.
No photon emitted.
No photon emitted.
No photon emitted.
No photon emitted.
Photon emitted!
Photon emitted!
Sent data: 0000000002809afc, last: 0
No photon emitted.
Sent data: 000000000290597f, last: 0
Photon emitted!
No photon emitted.
Sent data: 0000000002b07f60, last: 0
No photon emitted.
No photon emitted.
No photon emitted.
No photon emitted.
No photon emitted.
No photon emitted.
No photon emitted.
No photon emitted.
No photon emitted.
No photon emitted.
No photon emitted.
No photon emitted.
No photon emitted.
No photon emitted.
No photon emitted.
No photon emitted.
Photon emitted!
No photon emitted.
Sent data: 0000000003d05773, last: 0
No photon emitted.
No photon emitted.
No photon emitted.
No photon emitted.
No photon emitted.
No photon emitted.
Photon emitted!
No photon emitted.
Sent data: 0000000004509c6a, last: 0
No photon emitted.
No photon emitted.
No photon emitted.
No photon emitted.
Photon emitted!
No photon emitted.
Sent data: 0000000004b0de49, last: 0
No photon emitted.
Photon emitted!
No photon emitted.
Sent data: 0000000004e09405, last: 0
Photon emitted!
No photon emitted.
Sent data: 00000000050075ae, last: 0
No photon emitted.
No photon emitted.
No photon emitted.
No photon emitted.
No photon emitted.
No photon emitted.
No photon emitted.
No photon emitted.
No photon emitted.
No photon emitted.
No photon emitted.
No photon emitted.
No photon emitted.
No photon emitted.
No photon emitted.
No photon emitted.
No photon emitted.
No photon emitted.
No photon emitted.
No photon emitted.
No photon emitted.
No photon emitted.
No photon emitted.
No photon emitted.
No photon emitted.
No photon emitted.
No photon emitted.
No photon emitted.
No photon emitted.
No photon emitted.
No photon emitted.
No photon emitted.
No photon emitted.
No photon emitted.
No photon emitted.
No photon emitted.
No photon emitted.
No photon emitted.
No photon emitted.
No photon emitted.
No photon emitted.
No photon emitted.
No photon emitted.
No photon emitted.
No photon emitted.
No photon emitted.
No photon emitted.
No photon emitted.
No photon emitted.
No photon emitted.
No photon emitted.
No photon emitted.
No photon emitted.
No photon emitted.
No photon emitted.
No photon emitted.
No photon emitted.
No photon emitted.
No photon emitted.
No photon emitted.
No photon emitted.
No photon emitted.
No photon emitted.
No photon emitted.
No photon emitted.
No photon emitted.
No photon emitted.
No photon emitted.
No photon emitted.
No photon emitted.
No photon emitted.
No photon emitted.
No photon emitted.
Photon emitted!
No photon emitted.
Sent data: 0000000009b0cc25, last: 0
No photon emitted.
No photon emitted.
No photon emitted.
No photon emitted.
No photon emitted.
Photon emitted!
No photon emitted.
Sent data: 000000000a20fa9b, last: 0
No photon emitted.
No photon emitted.
No photon emitted.
No photon emitted.
No photon emitted.
Photon emitted!
No photon emitted.
Sent data: 000000000a9057ed, last: 0
No photon emitted.
No photon emitted.
No photon emitted.
No photon emitted.
Photon emitted!
No photon emitted.
Sent data: 000000000af08e07, last: 0
No photon emitted.
No photon emitted.
No photon emitted.
No photon emitted.
No photon emitted.
Photon emitted!
No photon emitted.
Sent data: 000000000b6053eb, last: 0
No photon emitted.
No photon emitted.
No photon emitted.
No photon emitted.
No photon emitted.
No photon emitted.
No photon emitted.
No photon emitted.
No photon emitted.
No photon emitted.
No photon emitted.
No photon emitted.
Photon emitted!
No photon emitted.
Sent data: 000000000c40e87f, last: 0
No photon emitted.
No photon emitted.
No photon emitted.
No photon emitted.
No photon emitted.
No photon emitted.
No photon emitted.
No photon emitted.
No photon emitted.
No photon emitted.
No photon emitted.
No photon emitted.
No photon emitted.
No photon emitted.
No photon emitted.
No photon emitted.
No photon emitted.
No photon emitted.
No photon emitted.
No photon emitted.
No photon emitted.
No photon emitted.
No photon emitted.
No photon emitted.
No photon emitted.
No photon emitted.
No photon emitted.
No photon emitted.
No photon emitted.
No photon emitted.
No photon emitted.
No photon emitted.
No photon emitted.
No photon emitted.
No photon emitted.
No photon emitted.
No photon emitted.
No photon emitted.
No photon emitted.
No photon emitted.
No photon emitted.
No photon emitted.
No photon emitted.
No photon emitted.
No photon emitted.
No photon emitted.
No photon emitted.
No photon emitted.
Photon emitted!
No photon emitted.
Sent data: 000000000f60ce9f, last: 0
No photon emitted.
No photon emitted.
Photon emitted!
No photon emitted.
Sent data: 000000000fa0be2e, last: 0
No photon emitted.
No photon emitted.
Photon emitted!
No photon emitted.
Sent data: 000000000fe0a0f5, last: 0
No photon emitted.
No photon emitted.
Photon emitted!
No photon emitted.
Sent data: 000000001020238f, last: 0
No photon emitted.
No photon emitted.
No photon emitted.
No photon emitted.
Photon emitted!
No photon emitted.
Sent data: 000000001080ca43, last: 0
Photon emitted!
No photon emitted.
Sent data: 0000000010a06357, last: 0
No photon emitted.
No photon emitted.
No photon emitted.
No photon emitted.
No photon emitted.
No photon emitted.
No photon emitted.
No photon emitted.
No photon emitted.
No photon emitted.
No photon emitted.
No photon emitted.
No photon emitted.
No photon emitted.
No photon emitted.
No photon emitted.
No photon emitted.
No photon emitted.
No photon emitted.
No photon emitted.
No photon emitted.
No photon emitted.
No photon emitted.
No photon emitted.
Photon emitted!
No photon emitted.
Sent data: 000000001240dca7, last: 0
No photon emitted.
No photon emitted.
No photon emitted.
No photon emitted.
Photon emitted!
No photon emitted.
Sent data: 0000000012a069f0, last: 0
No photon emitted.
No photon emitted.
No photon emitted.
No photon emitted.
No photon emitted.
No photon emitted.
No photon emitted.
No photon emitted.
No photon emitted.
No photon emitted.
No photon emitted.
No photon emitted.
No photon emitted.
No photon emitted.
No photon emitted.
Photon emitted!
No photon emitted.
Sent data: 0000000013b05331, last: 0
No photon emitted.
No photon emitted.
No photon emitted.
No photon emitted.
No photon emitted.
No photon emitted.
No photon emitted.
No photon emitted.
No photon emitted.
No photon emitted.
No photon emitted.
No photon emitted.
No photon emitted.
No photon emitted.
No photon emitted.
No photon emitted.
No photon emitted.
No photon emitted.
No photon emitted.
No photon emitted.
No photon emitted.
No photon emitted.
No photon emitted.
No photon emitted.
No photon emitted.
No photon emitted.
No photon emitted.
No photon emitted.
Photon emitted!
No photon emitted.
Sent data: 00000000159096c1, last: 0
No photon emitted.
No photon emitted.
No photon emitted.
No photon emitted.
No photon emitted.
No photon emitted.
No photon emitted.
No photon emitted.
No photon emitted.
No photon emitted.
No photon emitted.
No photon emitted.
No photon emitted.
No photon emitted.
No photon emitted.
No photon emitted.
No photon emitted.
No photon emitted.
No photon emitted.
No photon emitted.
No photon emitted.
No photon emitted.
No photon emitted.
No photon emitted.
Photon emitted!
No photon emitted.
Sent data: 000000001730f6c9, last: 0
No photon emitted.
No photon emitted.
No photon emitted.
No photon emitted.
No photon emitted.
No photon emitted.
Photon emitted!
No photon emitted.
Sent data: 0000000017b033e9, last: 0
No photon emitted.
No photon emitted.
No photon emitted.
No photon emitted.
No photon emitted.
No photon emitted.
No photon emitted.
No photon emitted.
No photon emitted.
No photon emitted.
No photon emitted.
Photon emitted!
No photon emitted.
Sent data: 000000001880398a, last: 0
Photon emitted!
No photon emitted.
Sent data: 0000000018a0b81a, last: 1
No photon emitted.
No photon emitted.
No photon emitted.
No photon emitted.
No photon emitted.
No photon emitted.
No photon emitted.
No photon emitted.
No photon emitted.
No photon emitted.
Photon emitted!
No photon emitted.
Sent data: 000000001960199d, last: 0
Photon emitted!
No photon emitted.
Sent data: 000000001980be8f, last: 0
No photon emitted.
No photon emitted.
No photon emitted.
No photon emitted.
No photon emitted.
No photon emitted.
No photon emitted.
No photon emitted.
No photon emitted.
No photon emitted.
No photon emitted.
Photon emitted!
No photon emitted.
Sent data: 000000001a5082e8, last: 0
No photon emitted.
No photon emitted.
No photon emitted.
Photon emitted!
No photon emitted.
Sent data: 000000001aa05f0d, last: 0
No photon emitted.
No photon emitted.
No photon emitted.
No photon emitted.
No photon emitted.
No photon emitted.
Photon emitted!
No photon emitted.
Sent data: 000000001b2031b7, last: 0
No photon emitted.
No photon emitted.
No photon emitted.
No photon emitted.
No photon emitted.
No photon emitted.
No photon emitted.
No photon emitted.
No photon emitted.
No photon emitted.
No photon emitted.
No photon emitted.
Photon emitted!
No photon emitted.
Sent data: 000000001c000b76, last: 0
No photon emitted.
No photon emitted.
No photon emitted.
No photon emitted.
Photon emitted!
No photon emitted.
Sent data: 000000001c6001c9, last: 0
No photon emitted.
No photon emitted.
No photon emitted.
No photon emitted.
No photon emitted.
No photon emitted.
No photon emitted.
No photon emitted.
No photon emitted.
No photon emitted.
No photon emitted.
No photon emitted.
No photon emitted.
No photon emitted.
No photon emitted.
No photon emitted.
No photon emitted.
No photon emitted.
No photon emitted.
No photon emitted.
No photon emitted.
No photon emitted.
No photon emitted.
No photon emitted.
No photon emitted.
No photon emitted.
No photon emitted.
No photon emitted.
No photon emitted.
No photon emitted.
No photon emitted.
Photon emitted!
No photon emitted.
Sent data: 000000001e70eaa2, last: 0
No photon emitted.
No photon emitted.
No photon emitted.
No photon emitted.
No photon emitted.
No photon emitted.
No photon emitted.
No photon emitted.
No photon emitted.
No photon emitted.
No photon emitted.
No photon emitted.
No photon emitted.
No photon emitted.
No photon emitted.
No photon emitted.
No photon emitted.
No photon emitted.
Photon emitted!
No photon emitted.
Sent data: 000000001fb0e8df, last: 0
No photon emitted.
No photon emitted.
No photon emitted.
No photon emitted.
No photon emitted.
No photon emitted.
No photon emitted.
No photon emitted.
No photon emitted.
No photon emitted.
No photon emitted.
No photon emitted.
No photon emitted.
No photon emitted.
No photon emitted.
No photon emitted.
No photon emitted.
No photon emitted.
No photon emitted.
No photon emitted.
No photon emitted.
Photon emitted!
No photon emitted.
Sent data: 000000002120ceee, last: 0
No photon emitted.
No photon emitted.
No photon emitted.
No photon emitted.
No photon emitted.
No photon emitted.
No photon emitted.
No photon emitted.
No photon emitted.
No photon emitted.
No photon emitted.
No photon emitted.
Photon emitted!
No photon emitted.
Sent data: 0000000022003fc7, last: 0
No photon emitted.
Photon emitted!
Photon emitted!
Sent data: 000000002230f6a8, last: 0
No photon emitted.
No photon emitted.
Sent data: 000000002240ace2, last: 0
No photon emitted.
No photon emitted.
No photon emitted.
No photon emitted.
No photon emitted.
No photon emitted.
No photon emitted.
No photon emitted.
No photon emitted.
No photon emitted.
No photon emitted.
No photon emitted.
No photon emitted.
No photon emitted.
No photon emitted.
No photon emitted.
No photon emitted.
No photon emitted.
No photon emitted.
No photon emitted.
No photon emitted.
No photon emitted.
No photon emitted.
No photon emitted.
No photon emitted.
No photon emitted.
No photon emitted.
No photon emitted.
No photon emitted.
No photon emitted.
No photon emitted.
No photon emitted.
No photon emitted.
No photon emitted.
No photon emitted.
No photon emitted.
No photon emitted.
No photon emitted.
Photon emitted!
No photon emitted.
Sent data: 0000000024d007b6, last: 0
No photon emitted.
No photon emitted.
No photon emitted.
No photon emitted.
No photon emitted.
Photon emitted!
No photon emitted.
Sent data: 0000000025400730, last: 0
No photon emitted.
No photon emitted.
No photon emitted.
No photon emitted.
No photon emitted.
No photon emitted.
No photon emitted.
No photon emitted.
No photon emitted.
Photon emitted!
No photon emitted.
Sent data: 0000000025f0def2, last: 0
No photon emitted.
No photon emitted.
No photon emitted.
No photon emitted.
No photon emitted.
No photon emitted.
No photon emitted.
No photon emitted.
No photon emitted.
No photon emitted.
No photon emitted.
No photon emitted.
Photon emitted!
No photon emitted.
Sent data: 0000000026d0aa9e, last: 0
No photon emitted.
No photon emitted.
No photon emitted.
No photon emitted.
No photon emitted.
No photon emitted.
No photon emitted.
No photon emitted.
No photon emitted.
No photon emitted.
No photon emitted.
Photon emitted!
No photon emitted.
Sent data: 0000000027a0f2a4, last: 0
No photon emitted.
No photon emitted.
No photon emitted.
Photon emitted!
No photon emitted.
Sent data: 0000000027f0e424, last: 0
No photon emitted.
No photon emitted.
No photon emitted.
No photon emitted.
No photon emitted.
No photon emitted.
No photon emitted.
No photon emitted.
No photon emitted.
No photon emitted.
No photon emitted.
No photon emitted.
No photon emitted.
Photon emitted!
No photon emitted.
Sent data: 0000000028e03d8b, last: 0
No photon emitted.
No photon emitted.
No photon emitted.
No photon emitted.
No photon emitted.
No photon emitted.
Photon emitted!
No photon emitted.
Sent data: 0000000029604d2f, last: 0
No photon emitted.
No photon emitted.
No photon emitted.
Photon emitted!
Photon emitted!
Sent data: 0000000029b08c36, last: 0
No photon emitted.
No photon emitted.
Sent data: 0000000029c0a4c1, last: 0
Photon emitted!
No photon emitted.
Sent data: 0000000029f0eea6, last: 0
Photon emitted!
No photon emitted.
Sent data: 000000002a10be86, last: 0
No photon emitted.
No photon emitted.
No photon emitted.
No photon emitted.
No photon emitted.
No photon emitted.
No photon emitted.
No photon emitted.
No photon emitted.
No photon emitted.
No photon emitted.
No photon emitted.
No photon emitted.
No photon emitted.
No photon emitted.
No photon emitted.
Photon emitted!
No photon emitted.
Sent data: 000000002b300f8f, last: 0
No photon emitted.
No photon emitted.
No photon emitted.
No photon emitted.
No photon emitted.
No photon emitted.
No photon emitted.
No photon emitted.
Photon emitted!
No photon emitted.
Sent data: 000000002bd05583, last: 0
No photon emitted.
No photon emitted.
No photon emitted.
No photon emitted.
No photon emitted.
Photon emitted!
No photon emitted.
Sent data: 000000002c409079, last: 0
No photon emitted.
Photon emitted!
No photon emitted.
Sent data: 000000002c70ee53, last: 0
Photon emitted!
No photon emitted.
Sent data: 000000002c9079c4, last: 0
No photon emitted.
No photon emitted.
No photon emitted.
No photon emitted.
No photon emitted.
No photon emitted.
No photon emitted.
Photon emitted!
No photon emitted.
Sent data: 000000002d20be60, last: 0
No photon emitted.
No photon emitted.
No photon emitted.
No photon emitted.
No photon emitted.
No photon emitted.
No photon emitted.
No photon emitted.
No photon emitted.
No photon emitted.
No photon emitted.
No photon emitted.
No photon emitted.
No photon emitted.
No photon emitted.
No photon emitted.
No photon emitted.
No photon emitted.
No photon emitted.
No photon emitted.
No photon emitted.
No photon emitted.
No photon emitted.
No photon emitted.
No photon emitted.
No photon emitted.
No photon emitted.
No photon emitted.
No photon emitted.
No photon emitted.
No photon emitted.
No photon emitted.
No photon emitted.
No photon emitted.
No photon emitted.
No photon emitted.
No photon emitted.
No photon emitted.
No photon emitted.
No photon emitted.
No photon emitted.
Photon emitted!
No photon emitted.
Sent data: 000000002fd0fec6, last: 0
No photon emitted.
No photon emitted.
No photon emitted.
No photon emitted.
No photon emitted.
No photon emitted.
No photon emitted.
No photon emitted.
No photon emitted.
No photon emitted.
Photon emitted!
No photon emitted.
Sent data: 0000000030900785, last: 0
Photon emitted!
No photon emitted.
Sent data: 0000000030b08203, last: 0
No photon emitted.
No photon emitted.
No photon emitted.
Photon emitted!
Photon emitted!
Sent data: 000000003100f0cf, last: 0
No photon emitted.
Sent data: 000000003110553c, last: 0
No photon emitted.
No photon emitted.
No photon emitted.
Photon emitted!
No photon emitted.
Sent data: 000000003160f44c, last: 0
No photon emitted.
No photon emitted.
No photon emitted.
No photon emitted.
No photon emitted.
No photon emitted.
No photon emitted.
No photon emitted.
No photon emitted.
No photon emitted.
No photon emitted.
No photon emitted.
No photon emitted.
No photon emitted.
No photon emitted.
No photon emitted.
No photon emitted.
Photon emitted!
No photon emitted.
Sent data: 000000003290aa86, last: 0
No photon emitted.
Photon emitted!
No photon emitted.
Sent data: 0000000032c0b437, last: 0
Photon emitted!
No photon emitted.
Sent data: 0000000032e06f74, last: 0
Photon emitted!
No photon emitted.
Sent data: 00000000330063eb, last: 0
No photon emitted.
No photon emitted.
No photon emitted.
Photon emitted!
No photon emitted.
Sent data: 0000000033502dc8, last: 0
Photon emitted!
No photon emitted.
Sent data: 00000000337017f7, last: 0
No photon emitted.
No photon emitted.
No photon emitted.
No photon emitted.
No photon emitted.
Photon emitted!
No photon emitted.
Sent data: 0000000033e0e8c1, last: 0
No photon emitted.
Photon emitted!
No photon emitted.
Sent data: 0000000034103d30, last: 0
No photon emitted.
No photon emitted.
No photon emitted.
No photon emitted.
No photon emitted.
No photon emitted.
No photon emitted.
No photon emitted.
No photon emitted.
No photon emitted.
Photon emitted!
No photon emitted.
Sent data: 0000000034d084f5, last: 0
No photon emitted.
Photon emitted!
No photon emitted.
Sent data: 0000000035006589, last: 0
No photon emitted.
No photon emitted.
No photon emitted.
No photon emitted.
Photon emitted!
No photon emitted.
Sent data: 0000000035601d7c, last: 0
No photon emitted.
No photon emitted.
No photon emitted.
No photon emitted.
No photon emitted.
No photon emitted.
No photon emitted.
No photon emitted.
Photon emitted!
No photon emitted.
Sent data: 00000000360031f1, last: 0
No photon emitted.
No photon emitted.
No photon emitted.
No photon emitted.
No photon emitted.
No photon emitted.
No photon emitted.
No photon emitted.
No photon emitted.
No photon emitted.
Photon emitted!
No photon emitted.
Sent data: 0000000036c0ee0b, last: 0
No photon emitted.
No photon emitted.
No photon emitted.
No photon emitted.
No photon emitted.
No photon emitted.
No photon emitted.
No photon emitted.
No photon emitted.
No photon emitted.
No photon emitted.
Photon emitted!
No photon emitted.
Sent data: 000000003790a8ea, last: 0
No photon emitted.
No photon emitted.
No photon emitted.
No photon emitted.
No photon emitted.
No photon emitted.
No photon emitted.
No photon emitted.
No photon emitted.
No photon emitted.
No photon emitted.
No photon emitted.
No photon emitted.
No photon emitted.
No photon emitted.
No photon emitted.
Photon emitted!
No photon emitted.
Sent data: 0000000038b02b1c, last: 0
No photon emitted.
No photon emitted.
No photon emitted.
No photon emitted.
No photon emitted.
No photon emitted.
No photon emitted.
No photon emitted.
No photon emitted.
No photon emitted.
No photon emitted.
No photon emitted.
No photon emitted.
No photon emitted.
No photon emitted.
No photon emitted.
No photon emitted.
No photon emitted.
No photon emitted.
No photon emitted.
No photon emitted.
No photon emitted.
No photon emitted.
No photon emitted.
No photon emitted.
Photon emitted!
No photon emitted.
Sent data: 000000003a602960, last: 0
Photon emitted!
No photon emitted.
Sent data: 000000003a8065ae, last: 0
No photon emitted.
No photon emitted.
No photon emitted.
No photon emitted.
No photon emitted.
No photon emitted.
Photon emitted!
No photon emitted.
Sent data: 000000003b00b0d5, last: 0
No photon emitted.
No photon emitted.
No photon emitted.
No photon emitted.
No photon emitted.
No photon emitted.
No photon emitted.
No photon emitted.
No photon emitted.
No photon emitted.
No photon emitted.
No photon emitted.
No photon emitted.
Photon emitted!
No photon emitted.
Sent data: 000000003bf06bc0, last: 0
No photon emitted.
No photon emitted.
Photon emitted!
Photon emitted!
Sent data: 000000003c30d096, last: 0
Photon emitted!
No photon emitted.
Sent data: 000000003c40a61a, last: 0
No photon emitted.
Sent data: 000000003c5007ec, last: 0
No photon emitted.
No photon emitted.
No photon emitted.
No photon emitted.
No photon emitted.
No photon emitted.
No photon emitted.
No photon emitted.
No photon emitted.
No photon emitted.
No photon emitted.
No photon emitted.
No photon emitted.
No photon emitted.
No photon emitted.
No photon emitted.
No photon emitted.
No photon emitted.
Photon emitted!
No photon emitted.
Sent data: 000000003da07b64, last: 0
No photon emitted.
No photon emitted.
Photon emitted!
No photon emitted.
Sent data: 000000003de0961e, last: 0
No photon emitted.
No photon emitted.
No photon emitted.
Photon emitted!
No photon emitted.
Sent data: 000000003e30ac30, last: 0
Photon emitted!
No photon emitted.
Sent data: 000000003e507767, last: 0
No photon emitted.
Photon emitted!
No photon emitted.
Sent data: 000000003e80b689, last: 0
No photon emitted.
No photon emitted.
No photon emitted.
No photon emitted.
No photon emitted.
Photon emitted!
Photon emitted!
Sent data: 000000003ef0a4e9, last: 0
No photon emitted.
No photon emitted.
Sent data: 000000003f003516, last: 0
No photon emitted.
No photon emitted.
No photon emitted.
No photon emitted.
No photon emitted.
No photon emitted.
No photon emitted.
No photon emitted.
No photon emitted.
No photon emitted.
No photon emitted.
No photon emitted.
No photon emitted.
No photon emitted.
No photon emitted.
No photon emitted.
No photon emitted.
No photon emitted.
No photon emitted.
No photon emitted.
No photon emitted.
No photon emitted.
No photon emitted.
No photon emitted.
No photon emitted.
No photon emitted.
Photon emitted!
No photon emitted.
Sent data: 0000000000d00f5b, last: 0
No photon emitted.
No photon emitted.
No photon emitted.
No photon emitted.
No photon emitted.
No photon emitted.
No photon emitted.
No photon emitted.
No photon emitted.
No photon emitted.
No photon emitted.
No photon emitted.
No photon emitted.
No photon emitted.
No photon emitted.
No photon emitted.
No photon emitted.
Photon emitted!
No photon emitted.
Sent data: 0000000002003b71, last: 0
Photon emitted!
No photon emitted.
Sent data: 000000000220e87c, last: 0
No photon emitted.
No photon emitted.
No photon emitted.
No photon emitted.
Photon emitted!
No photon emitted.
Sent data: 000000000280ba6c, last: 0
No photon emitted.
No photon emitted.
No photon emitted.
No photon emitted.
No photon emitted.
No photon emitted.
Photon emitted!
No photon emitted.
Sent data: 0000000003009841, last: 0
No photon emitted.
No photon emitted.
No photon emitted.
No photon emitted.
No photon emitted.
Photon emitted!
Photon emitted!
Sent data: 000000000370e2b8, last: 0
No photon emitted.
Photon emitted!
Sent data: 0000000003800da8, last: 0
No photon emitted.
Sent data: 0000000003a0fa72, last: 0
No photon emitted.
No photon emitted.
No photon emitted.
No photon emitted.
No photon emitted.
No photon emitted.
No photon emitted.
No photon emitted.
No photon emitted.
No photon emitted.
No photon emitted.
No photon emitted.
No photon emitted.
No photon emitted.
No photon emitted.
No photon emitted.
Photon emitted!
No photon emitted.
Sent data: 0000000004c0a0c0, last: 0
No photon emitted.
Photon emitted!
No photon emitted.
Sent data: 0000000004f04b7e, last: 0
No photon emitted.
Photon emitted!
No photon emitted.
Sent data: 000000000520fcb3, last: 0
No photon emitted.
No photon emitted.
No photon emitted.
No photon emitted.
No photon emitted.
No photon emitted.
No photon emitted.
No photon emitted.
No photon emitted.
Photon emitted!
No photon emitted.
Sent data: 0000000005d07140, last: 0
No photon emitted.
No photon emitted.
No photon emitted.
No photon emitted.
No photon emitted.
No photon emitted.
No photon emitted.
No photon emitted.
No photon emitted.
No photon emitted.
No photon emitted.
No photon emitted.
No photon emitted.
No photon emitted.
No photon emitted.
No photon emitted.
No photon emitted.
No photon emitted.
No photon emitted.
No photon emitted.
No photon emitted.
No photon emitted.
No photon emitted.
Photon emitted!
No photon emitted.
Sent data: 000000000760f464, last: 0
Photon emitted!
No photon emitted.
Sent data: 000000000780ccd2, last: 0
No photon emitted.
No photon emitted.
No photon emitted.
No photon emitted.
No photon emitted.
No photon emitted.
No photon emitted.
No photon emitted.
No photon emitted.
No photon emitted.
No photon emitted.
No photon emitted.
No photon emitted.
No photon emitted.
No photon emitted.
No photon emitted.
No photon emitted.
Photon emitted!
No photon emitted.
Sent data: 0000000008b06741, last: 0
No photon emitted.
No photon emitted.
No photon emitted.
No photon emitted.
No photon emitted.
No photon emitted.
Photon emitted!
No photon emitted.
Sent data: 000000000930595d, last: 0
Photon emitted!
No photon emitted.
Sent data: 0000000009501f4f, last: 0
No photon emitted.
No photon emitted.
No photon emitted.
Photon emitted!
No photon emitted.
Sent data: 0000000009a009a5, last: 0
No photon emitted.
No photon emitted.
No photon emitted.
No photon emitted.
No photon emitted.
No photon emitted.
No photon emitted.
No photon emitted.
No photon emitted.
No photon emitted.
No photon emitted.
No photon emitted.
No photon emitted.
No photon emitted.
No photon emitted.
No photon emitted.
No photon emitted.
No photon emitted.
Photon emitted!
No photon emitted.
Sent data: 000000000ae035d3, last: 0
Photon emitted!
No photon emitted.
Sent data: 000000000b002fcf, last: 0
No photon emitted.
No photon emitted.
No photon emitted.
No photon emitted.
No photon emitted.
No photon emitted.
No photon emitted.
No photon emitted.
No photon emitted.
Photon emitted!
Photon emitted!
Sent data: 000000000bb0ec7f, last: 0
No photon emitted.
No photon emitted.
Sent data: 000000000bc057ef, last: 0
No photon emitted.
No photon emitted.
No photon emitted.
No photon emitted.
No photon emitted.
No photon emitted.
No photon emitted.
No photon emitted.
No photon emitted.
No photon emitted.
No photon emitted.
No photon emitted.
No photon emitted.
No photon emitted.
No photon emitted.
No photon emitted.
No photon emitted.
No photon emitted.
No photon emitted.
No photon emitted.
Photon emitted!
No photon emitted.
Sent data: 000000000d30943b, last: 0
No photon emitted.
No photon emitted.
No photon emitted.
No photon emitted.
Photon emitted!
No photon emitted.
Sent data: 000000000d902d08, last: 0
Photon emitted!
Photon emitted!
Sent data: 000000000db069c3, last: 0
No photon emitted.
No photon emitted.
Sent data: 000000000dc05542, last: 0
Photon emitted!
No photon emitted.
Sent data: 000000000df06fd8, last: 0
No photon emitted.
No photon emitted.
No photon emitted.
No photon emitted.
No photon emitted.
No photon emitted.
No photon emitted.
No photon emitted.
No photon emitted.
No photon emitted.
No photon emitted.
No photon emitted.
No photon emitted.
No photon emitted.
No photon emitted.
No photon emitted.
Photon emitted!
No photon emitted.
Sent data: 000000000f1051b3, last: 0
No photon emitted.
No photon emitted.
No photon emitted.
No photon emitted.
No photon emitted.
No photon emitted.
No photon emitted.
Photon emitted!
No photon emitted.
Sent data: 000000000fa05ff7, last: 0
No photon emitted.
No photon emitted.
No photon emitted.
No photon emitted.
No photon emitted.
No photon emitted.
No photon emitted.
No photon emitted.
No photon emitted.
No photon emitted.
No photon emitted.
Photon emitted!
No photon emitted.
Sent data: 000000001070de8b, last: 0
No photon emitted.
No photon emitted.
No photon emitted.
No photon emitted.
No photon emitted.
No photon emitted.
No photon emitted.
No photon emitted.
No photon emitted.
No photon emitted.
No photon emitted.
No photon emitted.
No photon emitted.
No photon emitted.
No photon emitted.
No photon emitted.
No photon emitted.
No photon emitted.
No photon emitted.
No photon emitted.
No photon emitted.
No photon emitted.
Photon emitted!
No photon emitted.
Sent data: 0000000011f075f4, last: 0
No photon emitted.
No photon emitted.
No photon emitted.
No photon emitted.
No photon emitted.
Photon emitted!
No photon emitted.
Sent data: 00000000126059d0, last: 0
No photon emitted.
No photon emitted.
No photon emitted.
No photon emitted.
No photon emitted.
No photon emitted.
No photon emitted.
No photon emitted.
No photon emitted.
No photon emitted.
No photon emitted.
No photon emitted.
No photon emitted.
No photon emitted.
No photon emitted.
No photon emitted.
No photon emitted.
No photon emitted.
No photon emitted.
No photon emitted.
No photon emitted.
No photon emitted.
No photon emitted.
No photon emitted.
No photon emitted.
No photon emitted.
No photon emitted.
Photon emitted!
No photon emitted.
Sent data: 0000000014305b97, last: 0
No photon emitted.
No photon emitted.
No photon emitted.
No photon emitted.
No photon emitted.
No photon emitted.
No photon emitted.
No photon emitted.
No photon emitted.
No photon emitted.
No photon emitted.
Photon emitted!
No photon emitted.
Sent data: 000000001500902c, last: 0
No photon emitted.
No photon emitted.
Photon emitted!
No photon emitted.
Sent data: 0000000015408c1c, last: 0
No photon emitted.
No photon emitted.
No photon emitted.
No photon emitted.
No photon emitted.
Photon emitted!
No photon emitted.
Sent data: 0000000015b0bc1b, last: 0
No photon emitted.
No photon emitted.
No photon emitted.
No photon emitted.
No photon emitted.
No photon emitted.
No photon emitted.
No photon emitted.
No photon emitted.
No photon emitted.
No photon emitted.
No photon emitted.
Photon emitted!
No photon emitted.
Sent data: 0000000016902b52, last: 0
No photon emitted.
No photon emitted.
No photon emitted.
Photon emitted!
No photon emitted.
Sent data: 0000000016e04734, last: 0
No photon emitted.
No photon emitted.
No photon emitted.
Photon emitted!
No photon emitted.
Sent data: 00000000173067c6, last: 0
No photon emitted.
No photon emitted.
No photon emitted.
Photon emitted!
No photon emitted.
Sent data: 0000000017803b40, last: 0
No photon emitted.
Photon emitted!
No photon emitted.
Sent data: 0000000017b05ba0, last: 0
No photon emitted.
Photon emitted!
No photon emitted.
Sent data: 0000000017e01ddb, last: 0
No photon emitted.
No photon emitted.
No photon emitted.
No photon emitted.
No photon emitted.
No photon emitted.
No photon emitted.
No photon emitted.
No photon emitted.
No photon emitted.
No photon emitted.
No photon emitted.
No photon emitted.
No photon emitted.
No photon emitted.
No photon emitted.
No photon emitted.
No photon emitted.
No photon emitted.
No photon emitted.
No photon emitted.
No photon emitted.
No photon emitted.
No photon emitted.
Photon emitted!
No photon emitted.
Sent data: 000000001980ec27, last: 0
No photon emitted.
No photon emitted.
No photon emitted.
No photon emitted.
No photon emitted.
No photon emitted.
No photon emitted.
Photon emitted!
No photon emitted.
Sent data: 000000001a104fbb, last: 0
No photon emitted.
No photon emitted.
No photon emitted.
No photon emitted.
No photon emitted.
No photon emitted.
No photon emitted.
No photon emitted.
No photon emitted.
No photon emitted.
No photon emitted.
No photon emitted.
No photon emitted.
No photon emitted.
No photon emitted.
No photon emitted.
No photon emitted.
No photon emitted.
No photon emitted.
No photon emitted.
No photon emitted.
No photon emitted.
No photon emitted.
No photon emitted.
No photon emitted.
No photon emitted.
No photon emitted.
Photon emitted!
No photon emitted.
Sent data: 000000001be0b404, last: 0
No photon emitted.
No photon emitted.
No photon emitted.
No photon emitted.
No photon emitted.
No photon emitted.
No photon emitted.
No photon emitted.
Photon emitted!
No photon emitted.
Sent data: 000000001c806d18, last: 0
No photon emitted.
No photon emitted.
No photon emitted.
No photon emitted.
No photon emitted.
No photon emitted.
No photon emitted.
No photon emitted.
No photon emitted.
No photon emitted.
No photon emitted.
No photon emitted.
No photon emitted.
No photon emitted.
No photon emitted.
No photon emitted.
No photon emitted.
No photon emitted.
No photon emitted.
No photon emitted.
No photon emitted.
No photon emitted.
No photon emitted.
No photon emitted.
No photon emitted.
No photon emitted.
Photon emitted!
No photon emitted.
Sent data: 000000001e40cc87, last: 0
No photon emitted.
No photon emitted.
No photon emitted.
No photon emitted.
No photon emitted.
No photon emitted.
No photon emitted.
No photon emitted.
No photon emitted.
No photon emitted.
No photon emitted.
No photon emitted.
No photon emitted.
No photon emitted.
No photon emitted.
No photon emitted.
No photon emitted.
No photon emitted.
Photon emitted!
No photon emitted.
Sent data: 000000001f80b2fc, last: 0
No photon emitted.
No photon emitted.
No photon emitted.
No photon emitted.
No photon emitted.
No photon emitted.
No photon emitted.
No photon emitted.
No photon emitted.
No photon emitted.
No photon emitted.
No photon emitted.
No photon emitted.
No photon emitted.
Photon emitted!
No photon emitted.
Sent data: 000000002080c40b, last: 0
No photon emitted.
Photon emitted!
No photon emitted.
Sent data: 0000000020b0d661, last: 0
No photon emitted.
Photon emitted!
No photon emitted.
Sent data: 0000000020e0f0eb, last: 0
No photon emitted.
No photon emitted.
No photon emitted.
No photon emitted.
No photon emitted.
No photon emitted.
No photon emitted.
Photon emitted!
No photon emitted.
Sent data: 00000000217067a8, last: 0
No photon emitted.
No photon emitted.
No photon emitted.
No photon emitted.
No photon emitted.
No photon emitted.
Photon emitted!
No photon emitted.
Sent data: 0000000021f05799, last: 0
No photon emitted.
No photon emitted.
No photon emitted.
No photon emitted.
No photon emitted.
No photon emitted.
No photon emitted.
Photon emitted!
No photon emitted.
Sent data: 000000002280b276, last: 0
No photon emitted.
No photon emitted.
No photon emitted.
Photon emitted!
No photon emitted.
Sent data: 0000000022d08674, last: 0
No photon emitted.
No photon emitted.
No photon emitted.
No photon emitted.
No photon emitted.
No photon emitted.
No photon emitted.
Photon emitted!
No photon emitted.
Sent data: 000000002360a488, last: 0
No photon emitted.
Photon emitted!
No photon emitted.
Sent data: 00000000239079b4, last: 0
No photon emitted.
No photon emitted.
No photon emitted.
No photon emitted.
No photon emitted.
No photon emitted.
Photon emitted!
No photon emitted.
Sent data: 0000000024101f4c, last: 0
No photon emitted.
No photon emitted.
No photon emitted.
No photon emitted.
No photon emitted.
No photon emitted.
Photon emitted!
No photon emitted.
Sent data: 000000002490f84b, last: 0
No photon emitted.
No photon emitted.
No photon emitted.
No photon emitted.
No photon emitted.
Photon emitted!
No photon emitted.
Sent data: 000000002500670d, last: 0
Photon emitted!
No photon emitted.
Sent data: 000000002520f43f, last: 0
No photon emitted.
Photon emitted!
No photon emitted.
Sent data: 000000002550f6eb, last: 0
No photon emitted.
Photon emitted!
No photon emitted.
Sent data: 0000000025807369, last: 0
No photon emitted.
No photon emitted.
No photon emitted.
No photon emitted.
No photon emitted.
No photon emitted.
No photon emitted.
Photon emitted!
No photon emitted.
Sent data: 0000000026106bec, last: 0
No photon emitted.
No photon emitted.
No photon emitted.
No photon emitted.
No photon emitted.
No photon emitted.
No photon emitted.
No photon emitted.
No photon emitted.
No photon emitted.
No photon emitted.
No photon emitted.
No photon emitted.
No photon emitted.
No photon emitted.
No photon emitted.
No photon emitted.
Photon emitted!
No photon emitted.
Sent data: 000000002740d8e6, last: 0
No photon emitted.
Photon emitted!
No photon emitted.
Sent data: 000000002770d665, last: 0
No photon emitted.
No photon emitted.
No photon emitted.
No photon emitted.
No photon emitted.
No photon emitted.
No photon emitted.
No photon emitted.
No photon emitted.
No photon emitted.
No photon emitted.
No photon emitted.
No photon emitted.
No photon emitted.
No photon emitted.
No photon emitted.
No photon emitted.
No photon emitted.
No photon emitted.
No photon emitted.
No photon emitted.
No photon emitted.
No photon emitted.
No photon emitted.
No photon emitted.
No photon emitted.
No photon emitted.
No photon emitted.
No photon emitted.
Photon emitted!
No photon emitted.
Sent data: 0000000029606119, last: 0
No photon emitted.
No photon emitted.
No photon emitted.
No photon emitted.
No photon emitted.
No photon emitted.
Photon emitted!
Photon emitted!
Sent data: 0000000029e02dc1, last: 0
Photon emitted!
No photon emitted.
Sent data: 0000000029f0eeb2, last: 0
No photon emitted.
Sent data: 000000002a001ba4, last: 0
No photon emitted.
No photon emitted.
No photon emitted.
No photon emitted.
No photon emitted.
No photon emitted.
No photon emitted.
Photon emitted!
No photon emitted.
Sent data: 000000002aa0718e, last: 0
No photon emitted.
No photon emitted.
No photon emitted.
No photon emitted.
No photon emitted.
No photon emitted.
Photon emitted!
No photon emitted.
Sent data: 000000002b20693c, last: 0
No photon emitted.
No photon emitted.
Photon emitted!
No photon emitted.
Sent data: 000000002b604572, last: 0
No photon emitted.
No photon emitted.
No photon emitted.
No photon emitted.
Photon emitted!
No photon emitted.
Sent data: 000000002bc0de4e, last: 0
No photon emitted.
Photon emitted!
No photon emitted.
Sent data: 000000002bf00f61, last: 0
No photon emitted.
No photon emitted.
No photon emitted.
Photon emitted!
No photon emitted.
Sent data: 000000002c401bc1, last: 0
No photon emitted.
No photon emitted.
No photon emitted.
No photon emitted.
No photon emitted.
No photon emitted.
No photon emitted.
No photon emitted.
No photon emitted.
No photon emitted.
No photon emitted.
No photon emitted.
No photon emitted.
No photon emitted.
No photon emitted.
No photon emitted.
No photon emitted.
No photon emitted.
No photon emitted.
No photon emitted.
No photon emitted.
No photon emitted.
No photon emitted.
Photon emitted!
No photon emitted.
Sent data: 000000002dd02386, last: 0
No photon emitted.
No photon emitted.
No photon emitted.
No photon emitted.
No photon emitted.
No photon emitted.
No photon emitted.
No photon emitted.
No photon emitted.
No photon emitted.
No photon emitted.
No photon emitted.
No photon emitted.
No photon emitted.
No photon emitted.
No photon emitted.
No photon emitted.
Photon emitted!
No photon emitted.
Sent data: 000000002f007d69, last: 0
No photon emitted.
No photon emitted.
Photon emitted!
No photon emitted.
Sent data: 000000002f40e252, last: 0
No photon emitted.
No photon emitted.
No photon emitted.
No photon emitted.
No photon emitted.
No photon emitted.
No photon emitted.
No photon emitted.
Photon emitted!
No photon emitted.
Sent data: 000000002fe07f02, last: 0
No photon emitted.
No photon emitted.
No photon emitted.
No photon emitted.
No photon emitted.
No photon emitted.
No photon emitted.
No photon emitted.
No photon emitted.
No photon emitted.
Photon emitted!
No photon emitted.
Sent data: 0000000030a0982b, last: 0
No photon emitted.
No photon emitted.
No photon emitted.
No photon emitted.
No photon emitted.
Photon emitted!
Photon emitted!
Sent data: 0000000031101502, last: 0
No photon emitted.
Sent data: 0000000031205d20, last: 0
No photon emitted.
No photon emitted.
No photon emitted.
No photon emitted.
No photon emitted.
No photon emitted.
No photon emitted.
No photon emitted.
Photon emitted!
Photon emitted!
Sent data: 0000000031c00f84, last: 0
No photon emitted.
Sent data: 0000000031d073d6, last: 0
No photon emitted.
No photon emitted.
No photon emitted.
No photon emitted.
No photon emitted.
No photon emitted.
No photon emitted.
No photon emitted.
No photon emitted.
No photon emitted.
Photon emitted!
Photon emitted!
Sent data: 000000003290fe8e, last: 0
No photon emitted.
Sent data: 0000000032a029d4, last: 0
No photon emitted.
No photon emitted.
No photon emitted.
No photon emitted.
No photon emitted.
No photon emitted.
No photon emitted.
No photon emitted.
No photon emitted.
No photon emitted.
No photon emitted.
No photon emitted.
No photon emitted.
No photon emitted.
Photon emitted!
No photon emitted.
Sent data: 0000000033a00b82, last: 0
No photon emitted.
No photon emitted.
No photon emitted.
No photon emitted.
No photon emitted.
No photon emitted.
No photon emitted.
No photon emitted.
No photon emitted.
No photon emitted.
No photon emitted.
No photon emitted.
No photon emitted.
No photon emitted.
No photon emitted.
No photon emitted.
No photon emitted.
No photon emitted.
No photon emitted.
No photon emitted.
No photon emitted.
No photon emitted.
No photon emitted.
No photon emitted.
No photon emitted.
No photon emitted.
No photon emitted.
No photon emitted.
No photon emitted.
No photon emitted.
No photon emitted.
No photon emitted.
No photon emitted.
No photon emitted.
No photon emitted.
No photon emitted.
No photon emitted.
No photon emitted.
No photon emitted.
No photon emitted.
No photon emitted.
Photon emitted!
Photon emitted!
Sent data: 0000000036503bc3, last: 0
No photon emitted.
Sent data: 000000003660d833, last: 0
Photon emitted!
No photon emitted.
Sent data: 0000000036803157, last: 0
No photon emitted.
No photon emitted.
No photon emitted.
No photon emitted.
No photon emitted.
No photon emitted.
No photon emitted.
No photon emitted.
Photon emitted!
No photon emitted.
Sent data: 0000000037206b33, last: 0
No photon emitted.
No photon emitted.
No photon emitted.
No photon emitted.
No photon emitted.
No photon emitted.
No photon emitted.
No photon emitted.
No photon emitted.
No photon emitted.
No photon emitted.
Photon emitted!
Photon emitted!
Sent data: 0000000037f03d48, last: 0
No photon emitted.
No photon emitted.
Sent data: 000000003800fec3, last: 0
No photon emitted.
No photon emitted.
No photon emitted.
Photon emitted!
Photon emitted!
Sent data: 000000003860a0a4, last: 0
No photon emitted.
No photon emitted.
Sent data: 000000003870eee0, last: 0
Photon emitted!
No photon emitted.
Sent data: 0000000038a00702, last: 0
No photon emitted.
No photon emitted.
No photon emitted.
No photon emitted.
No photon emitted.
Photon emitted!
No photon emitted.
Sent data: 0000000039100d8a, last: 0
No photon emitted.
No photon emitted.
No photon emitted.
Photon emitted!
No photon emitted.
Sent data: 000000003960677b, last: 0
Photon emitted!
No photon emitted.
Sent data: 0000000039808ec2, last: 0
No photon emitted.
No photon emitted.
No photon emitted.
No photon emitted.
No photon emitted.
No photon emitted.
No photon emitted.
Photon emitted!
No photon emitted.
Sent data: 000000003a10637d, last: 0
No photon emitted.
No photon emitted.
No photon emitted.
No photon emitted.
No photon emitted.
No photon emitted.
No photon emitted.
No photon emitted.
No photon emitted.
No photon emitted.
No photon emitted.
No photon emitted.
No photon emitted.
No photon emitted.
Photon emitted!
Photon emitted!
Sent data: 000000003b10dec0, last: 0
No photon emitted.
Sent data: 000000003b202be2, last: 0
No photon emitted.
No photon emitted.
No photon emitted.
No photon emitted.
No photon emitted.
No photon emitted.
No photon emitted.
No photon emitted.
No photon emitted.
No photon emitted.
No photon emitted.
Photon emitted!
No photon emitted.
Sent data: 000000003bf0882b, last: 0
No photon emitted.
No photon emitted.
No photon emitted.
No photon emitted.
Photon emitted!
No photon emitted.
Sent data: 000000003c50dc65, last: 0
No photon emitted.
No photon emitted.
Photon emitted!
No photon emitted.
Sent data: 000000003c9090c4, last: 0
No photon emitted.
No photon emitted.
No photon emitted.
Photon emitted!
No photon emitted.
Sent data: 000000003ce05f4c, last: 0
No photon emitted.
No photon emitted.
No photon emitted.
No photon emitted.
No photon emitted.
No photon emitted.
No photon emitted.
No photon emitted.
No photon emitted.
No photon emitted.
No photon emitted.
No photon emitted.
No photon emitted.
No photon emitted.
No photon emitted.
No photon emitted.
No photon emitted.
No photon emitted.
Photon emitted!
Photon emitted!
Sent data: 000000003e20d8e3, last: 0
No photon emitted.
No photon emitted.
Sent data: 000000003e30c2dd, last: 0
No photon emitted.
No photon emitted.
No photon emitted.
No photon emitted.
No photon emitted.
No photon emitted.
No photon emitted.
No photon emitted.
No photon emitted.
No photon emitted.
Photon emitted!
No photon emitted.
Sent data: 000000003f007dda, last: 0
No photon emitted.
Photon emitted!
No photon emitted.
Sent data: 000000003f302bc9, last: 0
No photon emitted.
No photon emitted.
No photon emitted.
No photon emitted.
Photon emitted!
No photon emitted.
Sent data: 000000003f903940, last: 0
No photon emitted.
No photon emitted.
No photon emitted.
No photon emitted.
No photon emitted.
No photon emitted.
Photon emitted!
No photon emitted.
Sent data: 0000000000101f17, last: 0
No photon emitted.
No photon emitted.
No photon emitted.
No photon emitted.
No photon emitted.
Photon emitted!
No photon emitted.
Sent data: 00000000008043b4, last: 0
No photon emitted.
No photon emitted.
No photon emitted.
No photon emitted.
No photon emitted.
No photon emitted.
No photon emitted.
No photon emitted.
No photon emitted.
No photon emitted.
No photon emitted.
No photon emitted.
No photon emitted.
No photon emitted.
No photon emitted.
No photon emitted.
No photon emitted.
No photon emitted.
No photon emitted.
No photon emitted.
No photon emitted.
No photon emitted.
No photon emitted.
No photon emitted.
No photon emitted.
No photon emitted.
No photon emitted.
No photon emitted.
No photon emitted.
No photon emitted.
No photon emitted.
Photon emitted!
No photon emitted.
Sent data: 0000000002907b06, last: 0
No photon emitted.
No photon emitted.
No photon emitted.
No photon emitted.
No photon emitted.
No photon emitted.
Photon emitted!
No photon emitted.
Sent data: 000000000310a8e1, last: 0
No photon emitted.
No photon emitted.
No photon emitted.
No photon emitted.
No photon emitted.
No photon emitted.
No photon emitted.
No photon emitted.
No photon emitted.
No photon emitted.
No photon emitted.
No photon emitted.
No photon emitted.
No photon emitted.
No photon emitted.
Photon emitted!
No photon emitted.
Sent data: 000000000420bebe, last: 0
No photon emitted.
No photon emitted.
No photon emitted.
No photon emitted.
Photon emitted!
No photon emitted.
Sent data: 0000000004803b69, last: 0
No photon emitted.
No photon emitted.
No photon emitted.
No photon emitted.
Photon emitted!
No photon emitted.
Sent data: 0000000004e0fa8a, last: 0
No photon emitted.
No photon emitted.
No photon emitted.
No photon emitted.
No photon emitted.
No photon emitted.
No photon emitted.
No photon emitted.
No photon emitted.
No photon emitted.
No photon emitted.
No photon emitted.
No photon emitted.
No photon emitted.
No photon emitted.
No photon emitted.
No photon emitted.
No photon emitted.
No photon emitted.
No photon emitted.
No photon emitted.
No photon emitted.
No photon emitted.
No photon emitted.
No photon emitted.
No photon emitted.
No photon emitted.
No photon emitted.
No photon emitted.
Photon emitted!
Photon emitted!
Sent data: 0000000006d06194, last: 0
Photon emitted!
Sent data: 0000000006e02d4d, last: 0
No photon emitted.
No photon emitted.
Sent data: 0000000006f08220, last: 0
No photon emitted.
No photon emitted.
No photon emitted.
No photon emitted.
No photon emitted.
No photon emitted.
No photon emitted.
Photon emitted!
No photon emitted.
Sent data: 00000000079019f3, last: 0
No photon emitted.
No photon emitted.
Photon emitted!
No photon emitted.
Sent data: 0000000007d06154, last: 0
No photon emitted.
No photon emitted.
No photon emitted.
Photon emitted!
No photon emitted.
Sent data: 000000000820b4f0, last: 0
No photon emitted.
No photon emitted.
No photon emitted.
No photon emitted.
No photon emitted.
No photon emitted.
No photon emitted.
No photon emitted.
No photon emitted.
No photon emitted.
No photon emitted.
No photon emitted.
No photon emitted.
No photon emitted.
No photon emitted.
No photon emitted.
No photon emitted.
No photon emitted.
No photon emitted.
No photon emitted.
No photon emitted.
No photon emitted.
No photon emitted.
No photon emitted.
No photon emitted.
No photon emitted.
No photon emitted.
No photon emitted.
No photon emitted.
No photon emitted.
No photon emitted.
No photon emitted.
No photon emitted.
No photon emitted.
Photon emitted!
No photon emitted.
Sent data: 000000000a60f620, last: 0
No photon emitted.
No photon emitted.
No photon emitted.
No photon emitted.
No photon emitted.
No photon emitted.
No photon emitted.
No photon emitted.
No photon emitted.
No photon emitted.
No photon emitted.
No photon emitted.
No photon emitted.
No photon emitted.
No photon emitted.
Photon emitted!
No photon emitted.
Sent data: 000000000b707f96, last: 0
No photon emitted.
No photon emitted.
No photon emitted.
No photon emitted.
No photon emitted.
No photon emitted.
No photon emitted.
No photon emitted.
No photon emitted.
No photon emitted.
No photon emitted.
No photon emitted.
No photon emitted.
Photon emitted!
No photon emitted.
Sent data: 000000000c6061da, last: 0
No photon emitted.
No photon emitted.
No photon emitted.
No photon emitted.
No photon emitted.
No photon emitted.
No photon emitted.
No photon emitted.
No photon emitted.
No photon emitted.
No photon emitted.
No photon emitted.
No photon emitted.
No photon emitted.
No photon emitted.
Photon emitted!
No photon emitted.
Sent data: 000000000d7065fe, last: 0
No photon emitted.
No photon emitted.
No photon emitted.
No photon emitted.
No photon emitted.
No photon emitted.
No photon emitted.
No photon emitted.
No photon emitted.
No photon emitted.
No photon emitted.
No photon emitted.
No photon emitted.
No photon emitted.
No photon emitted.
No photon emitted.
No photon emitted.
No photon emitted.
No photon emitted.
No photon emitted.
No photon emitted.
No photon emitted.
Photon emitted!
No photon emitted.
Sent data: 000000000ef03381, last: 0
No photon emitted.
No photon emitted.
No photon emitted.
No photon emitted.
No photon emitted.
No photon emitted.
No photon emitted.
No photon emitted.
Photon emitted!
No photon emitted.
Sent data: 000000000f901b5f, last: 0
No photon emitted.
No photon emitted.
No photon emitted.
No photon emitted.
No photon emitted.
No photon emitted.
No photon emitted.
No photon emitted.
Photon emitted!
No photon emitted.
Sent data: 0000000010305fba, last: 0
No photon emitted.
No photon emitted.
Photon emitted!
No photon emitted.
Sent data: 00000000107086aa, last: 0
Photon emitted!
No photon emitted.
Sent data: 0000000010901336, last: 0
No photon emitted.
Photon emitted!
Photon emitted!
Sent data: 0000000010c0173b, last: 0
No photon emitted.
Sent data: 0000000010d09687, last: 0
No photon emitted.
No photon emitted.
No photon emitted.
Photon emitted!
No photon emitted.
Sent data: 000000001120a603, last: 0
No photon emitted.
No photon emitted.
No photon emitted.
Photon emitted!
No photon emitted.
Sent data: 000000001170b2a1, last: 0
Photon emitted!
Photon emitted!
Sent data: 0000000011905fed, last: 0
No photon emitted.
Sent data: 0000000011a084ed, last: 0
Photon emitted!
No photon emitted.
Sent data: 0000000011c092d5, last: 0
No photon emitted.
No photon emitted.
No photon emitted.
No photon emitted.
No photon emitted.
No photon emitted.
No photon emitted.
No photon emitted.
No photon emitted.
No photon emitted.
Photon emitted!
No photon emitted.
Sent data: 0000000012806d76, last: 0
No photon emitted.
No photon emitted.
No photon emitted.
No photon emitted.
Photon emitted!
No photon emitted.
Sent data: 0000000012e0a0aa, last: 0
No photon emitted.
No photon emitted.
No photon emitted.
No photon emitted.
No photon emitted.
No photon emitted.
No photon emitted.
No photon emitted.
No photon emitted.
No photon emitted.
No photon emitted.
No photon emitted.
No photon emitted.
No photon emitted.
No photon emitted.
No photon emitted.
No photon emitted.
Photon emitted!
No photon emitted.
Sent data: 000000001410653f, last: 0
No photon emitted.
No photon emitted.
No photon emitted.
No photon emitted.
No photon emitted.
No photon emitted.
No photon emitted.
No photon emitted.
No photon emitted.
No photon emitted.
No photon emitted.
No photon emitted.
Photon emitted!
No photon emitted.
Sent data: 0000000014f0d48e, last: 0
Photon emitted!
No photon emitted.
Sent data: 0000000015106119, last: 0
No photon emitted.
No photon emitted.
No photon emitted.
No photon emitted.
No photon emitted.
No photon emitted.
Photon emitted!
No photon emitted.
Sent data: 0000000015904747, last: 0
No photon emitted.
No photon emitted.
No photon emitted.
No photon emitted.
No photon emitted.
No photon emitted.
Photon emitted!
No photon emitted.
Sent data: 000000001610b079, last: 0
No photon emitted.
No photon emitted.
No photon emitted.
No photon emitted.
No photon emitted.
No photon emitted.
No photon emitted.
No photon emitted.
No photon emitted.
No photon emitted.
No photon emitted.
No photon emitted.
No photon emitted.
No photon emitted.
No photon emitted.
No photon emitted.
Photon emitted!
No photon emitted.
Sent data: 00000000173039b3, last: 0
No photon emitted.
Photon emitted!
Photon emitted!
Sent data: 000000001760e632, last: 0
No photon emitted.
No photon emitted.
Sent data: 000000001770fc5b, last: 0
No photon emitted.
No photon emitted.
No photon emitted.
No photon emitted.
No photon emitted.
No photon emitted.
No photon emitted.
No photon emitted.
No photon emitted.
No photon emitted.
No photon emitted.
No photon emitted.
No photon emitted.
No photon emitted.
No photon emitted.
Photon emitted!
No photon emitted.
Sent data: 0000000018902917, last: 0
No photon emitted.
No photon emitted.
No photon emitted.
No photon emitted.
No photon emitted.
No photon emitted.
No photon emitted.
No photon emitted.
No photon emitted.
No photon emitted.
No photon emitted.
No photon emitted.
No photon emitted.
No photon emitted.
No photon emitted.
No photon emitted.
Photon emitted!
No photon emitted.
Sent data: 0000000019b04d07, last: 0
No photon emitted.
No photon emitted.
No photon emitted.
No photon emitted.
No photon emitted.
No photon emitted.
No photon emitted.
No photon emitted.
No photon emitted.
Photon emitted!
No photon emitted.
Sent data: 000000001a609cb5, last: 0
No photon emitted.
No photon emitted.
No photon emitted.
No photon emitted.
No photon emitted.
No photon emitted.
No photon emitted.
No photon emitted.
Photon emitted!
No photon emitted.
Sent data: 000000001b00b030, last: 0
No photon emitted.
No photon emitted.
No photon emitted.
No photon emitted.
No photon emitted.
No photon emitted.
No photon emitted.
No photon emitted.
No photon emitted.
No photon emitted.
No photon emitted.
No photon emitted.
No photon emitted.
No photon emitted.
No photon emitted.
No photon emitted.
No photon emitted.
No photon emitted.
No photon emitted.
Photon emitted!
No photon emitted.
Sent data: 000000001c50c4d7, last: 0
No photon emitted.
No photon emitted.
No photon emitted.
No photon emitted.
No photon emitted.
No photon emitted.
No photon emitted.
No photon emitted.
No photon emitted.
No photon emitted.
No photon emitted.
No photon emitted.
No photon emitted.
No photon emitted.
No photon emitted.
No photon emitted.
No photon emitted.
No photon emitted.
No photon emitted.
No photon emitted.
No photon emitted.
No photon emitted.
No photon emitted.
Photon emitted!
No photon emitted.
Sent data: 000000001de05df0, last: 0
No photon emitted.
No photon emitted.
No photon emitted.
Photon emitted!
No photon emitted.
Sent data: 000000001e30de0c, last: 0
No photon emitted.
No photon emitted.
No photon emitted.
No photon emitted.
Photon emitted!
No photon emitted.
Sent data: 000000001e908ccc, last: 0
No photon emitted.
Photon emitted!
No photon emitted.
Sent data: 000000001ec043bf, last: 0
No photon emitted.
No photon emitted.
No photon emitted.
No photon emitted.
Photon emitted!
No photon emitted.
Sent data: 000000001f20f045, last: 0
No photon emitted.
No photon emitted.
No photon emitted.
No photon emitted.
No photon emitted.
No photon emitted.
No photon emitted.
No photon emitted.
No photon emitted.
No photon emitted.
No photon emitted.
No photon emitted.
No photon emitted.
No photon emitted.
No photon emitted.
Photon emitted!
No photon emitted.
Sent data: 000000002030c8ab, last: 0
No photon emitted.
No photon emitted.
No photon emitted.
Photon emitted!
No photon emitted.
Sent data: 000000002080fefc, last: 0
No photon emitted.
No photon emitted.
No photon emitted.
No photon emitted.
No photon emitted.
No photon emitted.
No photon emitted.
No photon emitted.
No photon emitted.
No photon emitted.
No photon emitted.
No photon emitted.
No photon emitted.
No photon emitted.
No photon emitted.
No photon emitted.
No photon emitted.
No photon emitted.
No photon emitted.
No photon emitted.
No photon emitted.
No photon emitted.
Photon emitted!
No photon emitted.
Sent data: 000000002200a07e, last: 0
No photon emitted.
No photon emitted.
No photon emitted.
No photon emitted.
No photon emitted.
No photon emitted.
No photon emitted.
No photon emitted.
No photon emitted.
No photon emitted.
No photon emitted.
No photon emitted.
No photon emitted.
No photon emitted.
No photon emitted.
No photon emitted.
No photon emitted.
No photon emitted.
No photon emitted.
No photon emitted.
No photon emitted.
No photon emitted.
No photon emitted.
No photon emitted.
No photon emitted.
No photon emitted.
No photon emitted.
No photon emitted.
No photon emitted.
No photon emitted.
No photon emitted.
No photon emitted.
Photon emitted!
Photon emitted!
Sent data: 0000000024205907, last: 0
No photon emitted.
No photon emitted.
Sent data: 00000000243037aa, last: 0
No photon emitted.
No photon emitted.
No photon emitted.
Photon emitted!
No photon emitted.
Sent data: 00000000249031aa, last: 0
No photon emitted.
No photon emitted.
No photon emitted.
No photon emitted.
No photon emitted.
No photon emitted.
No photon emitted.
No photon emitted.
No photon emitted.
No photon emitted.
Photon emitted!
No photon emitted.
Sent data: 0000000025501785, last: 0
No photon emitted.
No photon emitted.
No photon emitted.
Photon emitted!
No photon emitted.
Sent data: 0000000025a0212c, last: 0
No photon emitted.
No photon emitted.
No photon emitted.
No photon emitted.
No photon emitted.
No photon emitted.
Photon emitted!
No photon emitted.
Sent data: 000000002620c4c2, last: 0
No photon emitted.
No photon emitted.
No photon emitted.
Photon emitted!
No photon emitted.
Sent data: 0000000026708e60, last: 0
No photon emitted.
No photon emitted.
Photon emitted!
No photon emitted.
Sent data: 0000000026b021e0, last: 0
No photon emitted.
No photon emitted.
No photon emitted.
No photon emitted.
No photon emitted.
No photon emitted.
No photon emitted.
No photon emitted.
No photon emitted.
No photon emitted.
No photon emitted.
Photon emitted!
No photon emitted.
Sent data: 0000000027801111, last: 0
No photon emitted.
No photon emitted.
No photon emitted.
No photon emitted.
No photon emitted.
No photon emitted.
No photon emitted.
No photon emitted.
Photon emitted!
No photon emitted.
Sent data: 000000002820cc42, last: 0
No photon emitted.
No photon emitted.
No photon emitted.
No photon emitted.
No photon emitted.
No photon emitted.
No photon emitted.
No photon emitted.
No photon emitted.
No photon emitted.
No photon emitted.
Photon emitted!
No photon emitted.
Sent data: 0000000028f0474e, last: 0
No photon emitted.
No photon emitted.
No photon emitted.
No photon emitted.
No photon emitted.
No photon emitted.
No photon emitted.
No photon emitted.
No photon emitted.
No photon emitted.
No photon emitted.
No photon emitted.
No photon emitted.
No photon emitted.
No photon emitted.
No photon emitted.
No photon emitted.
No photon emitted.
No photon emitted.
Photon emitted!
No photon emitted.
Sent data: 000000002a40fe41, last: 0
No photon emitted.
No photon emitted.
No photon emitted.
No photon emitted.
No photon emitted.
No photon emitted.
No photon emitted.
No photon emitted.
No photon emitted.
No photon emitted.
No photon emitted.
Photon emitted!
No photon emitted.
Sent data: 000000002b10baa6, last: 0
No photon emitted.
No photon emitted.
No photon emitted.
No photon emitted.
No photon emitted.
No photon emitted.
No photon emitted.
No photon emitted.
No photon emitted.
No photon emitted.
No photon emitted.
No photon emitted.
No photon emitted.
Photon emitted!
No photon emitted.
Sent data: 000000002c00ee4d, last: 0
No photon emitted.
No photon emitted.
No photon emitted.
No photon emitted.
No photon emitted.
Photon emitted!
No photon emitted.
Sent data: 000000002c70c2a4, last: 0
No photon emitted.
No photon emitted.
No photon emitted.
No photon emitted.
No photon emitted.
No photon emitted.
No photon emitted.
No photon emitted.
No photon emitted.
No photon emitted.
No photon emitted.
No photon emitted.
No photon emitted.
No photon emitted.
No photon emitted.
No photon emitted.
No photon emitted.
No photon emitted.
No photon emitted.
No photon emitted.
No photon emitted.
No photon emitted.
No photon emitted.
No photon emitted.
No photon emitted.
No photon emitted.
No photon emitted.
Photon emitted!
No photon emitted.
Sent data: 000000002e40aa3c, last: 0
No photon emitted.
No photon emitted.
No photon emitted.
No photon emitted.
No photon emitted.
No photon emitted.
No photon emitted.
No photon emitted.
No photon emitted.
No photon emitted.
No photon emitted.
No photon emitted.
No photon emitted.
No photon emitted.
No photon emitted.
No photon emitted.
No photon emitted.
No photon emitted.
No photon emitted.
Photon emitted!
No photon emitted.
Sent data: 000000002f9065f0, last: 0
No photon emitted.
No photon emitted.
No photon emitted.
No photon emitted.
No photon emitted.
No photon emitted.
No photon emitted.
No photon emitted.
No photon emitted.
No photon emitted.
No photon emitted.
Photon emitted!
No photon emitted.
Sent data: 000000003060820a, last: 0
No photon emitted.
No photon emitted.
No photon emitted.
No photon emitted.
No photon emitted.
No photon emitted.
No photon emitted.
No photon emitted.
No photon emitted.
No photon emitted.
No photon emitted.
Photon emitted!
No photon emitted.
Sent data: 000000003130aea3, last: 0
No photon emitted.
No photon emitted.
No photon emitted.
No photon emitted.
No photon emitted.
No photon emitted.
No photon emitted.
No photon emitted.
No photon emitted.
No photon emitted.
No photon emitted.
No photon emitted.
No photon emitted.
No photon emitted.
No photon emitted.
No photon emitted.
No photon emitted.
No photon emitted.
No photon emitted.
No photon emitted.
No photon emitted.
No photon emitted.
No photon emitted.
No photon emitted.
Photon emitted!
No photon emitted.
Sent data: 0000000032d05f1a, last: 0
No photon emitted.
No photon emitted.
No photon emitted.
No photon emitted.
No photon emitted.
No photon emitted.
No photon emitted.
No photon emitted.
No photon emitted.
Photon emitted!
No photon emitted.
Sent data: 0000000033809efd, last: 0
No photon emitted.
No photon emitted.
Photon emitted!
No photon emitted.
Sent data: 0000000033c02709, last: 0
No photon emitted.
No photon emitted.
No photon emitted.
No photon emitted.
No photon emitted.
No photon emitted.
No photon emitted.
No photon emitted.
No photon emitted.
No photon emitted.
Photon emitted!
No photon emitted.
Sent data: 0000000034807936, last: 0
No photon emitted.
No photon emitted.
Photon emitted!
No photon emitted.
Sent data: 0000000034c01b59, last: 0
No photon emitted.
Photon emitted!
No photon emitted.
Sent data: 0000000034f033d7, last: 0
No photon emitted.
No photon emitted.
No photon emitted.
No photon emitted.
No photon emitted.
No photon emitted.
No photon emitted.
No photon emitted.
No photon emitted.
No photon emitted.
No photon emitted.
No photon emitted.
No photon emitted.
No photon emitted.
No photon emitted.
No photon emitted.
No photon emitted.
No photon emitted.
Photon emitted!
No photon emitted.
Sent data: 000000003630b687, last: 1
No photon emitted.
No photon emitted.
No photon emitted.
No photon emitted.
No photon emitted.
No photon emitted.
No photon emitted.
No photon emitted.
No photon emitted.
No photon emitted.
No photon emitted.
Photon emitted!
No photon emitted.
Sent data: 0000000037004d69, last: 0
No photon emitted.
No photon emitted.
No photon emitted.
No photon emitted.
No photon emitted.
No photon emitted.
No photon emitted.
No photon emitted.
No photon emitted.
Photon emitted!
Photon emitted!
Sent data: 0000000037b0172c, last: 0
No photon emitted.
No photon emitted.
Sent data: 0000000037c0ae99, last: 0
No photon emitted.
No photon emitted.
No photon emitted.
No photon emitted.
No photon emitted.
No photon emitted.
No photon emitted.
No photon emitted.
Photon emitted!
No photon emitted.
Sent data: 0000000038704fdd, last: 0
No photon emitted.
No photon emitted.
No photon emitted.
No photon emitted.
No photon emitted.
No photon emitted.
No photon emitted.
No photon emitted.
No photon emitted.
No photon emitted.
No photon emitted.
No photon emitted.
No photon emitted.
No photon emitted.
No photon emitted.
No photon emitted.
No photon emitted.
No photon emitted.
No photon emitted.
No photon emitted.
No photon emitted.
No photon emitted.
Photon emitted!
No photon emitted.
Sent data: 0000000039f092a0, last: 0
No photon emitted.
No photon emitted.
No photon emitted.
No photon emitted.
No photon emitted.
No photon emitted.
No photon emitted.
Photon emitted!
No photon emitted.
Sent data: 000000003a80d01a, last: 0
No photon emitted.
No photon emitted.
No photon emitted.
No photon emitted.
No photon emitted.
No photon emitted.
Photon emitted!
Photon emitted!
Sent data: 000000003b005d38, last: 0
No photon emitted.
Sent data: 000000003b10cabc, last: 0
No photon emitted.
No photon emitted.
Photon emitted!
No photon emitted.
Sent data: 000000003b50fad9, last: 0
No photon emitted.
No photon emitted.
No photon emitted.
No photon emitted.
No photon emitted.
No photon emitted.
No photon emitted.
No photon emitted.
No photon emitted.
No photon emitted.
No photon emitted.
No photon emitted.
No photon emitted.
No photon emitted.
No photon emitted.
No photon emitted.
No photon emitted.
No photon emitted.
No photon emitted.
No photon emitted.
No photon emitted.
No photon emitted.
No photon emitted.
No photon emitted.
No photon emitted.
No photon emitted.
No photon emitted.
Photon emitted!
No photon emitted.
Sent data: 000000003d20050f, last: 0
No photon emitted.
No photon emitted.
No photon emitted.
No photon emitted.
No photon emitted.
No photon emitted.
No photon emitted.
No photon emitted.
No photon emitted.
No photon emitted.
No photon emitted.
No photon emitted.
No photon emitted.
No photon emitted.
No photon emitted.
No photon emitted.
No photon emitted.
Photon emitted!
No photon emitted.
Sent data: 000000003e50c819, last: 0
Photon emitted!
No photon emitted.
Sent data: 000000003e70457d, last: 0
No photon emitted.
No photon emitted.
No photon emitted.
No photon emitted.
Photon emitted!
No photon emitted.
Sent data: 000000003ed0eed9, last: 0
No photon emitted.
No photon emitted.
No photon emitted.
No photon emitted.
No photon emitted.
No photon emitted.
No photon emitted.
No photon emitted.
No photon emitted.
No photon emitted.
No photon emitted.
No photon emitted.
No photon emitted.
No photon emitted.
No photon emitted.
No photon emitted.
No photon emitted.
No photon emitted.
No photon emitted.
No photon emitted.
No photon emitted.
No photon emitted.
No photon emitted.
No photon emitted.
Photon emitted!
No photon emitted.
Sent data: 0000000000702ff6, last: 0
No photon emitted.
No photon emitted.
No photon emitted.
Photon emitted!
No photon emitted.
Sent data: 0000000000c0c00d, last: 0
No photon emitted.
No photon emitted.
No photon emitted.
No photon emitted.
No photon emitted.
No photon emitted.
No photon emitted.
No photon emitted.
No photon emitted.
No photon emitted.
No photon emitted.
No photon emitted.
No photon emitted.
No photon emitted.
No photon emitted.
No photon emitted.
No photon emitted.
No photon emitted.
No photon emitted.
No photon emitted.
No photon emitted.
Photon emitted!
No photon emitted.
Sent data: 0000000002301d3a, last: 0
No photon emitted.
No photon emitted.
No photon emitted.
No photon emitted.
No photon emitted.
No photon emitted.
No photon emitted.
No photon emitted.
No photon emitted.
No photon emitted.
No photon emitted.
No photon emitted.
No photon emitted.
No photon emitted.
No photon emitted.
No photon emitted.
No photon emitted.
No photon emitted.
No photon emitted.
No photon emitted.
No photon emitted.
No photon emitted.
No photon emitted.
No photon emitted.
No photon emitted.
No photon emitted.
Photon emitted!
No photon emitted.
Sent data: 0000000003f09ca3, last: 0
No photon emitted.
No photon emitted.
No photon emitted.
No photon emitted.
No photon emitted.
No photon emitted.
No photon emitted.
No photon emitted.
No photon emitted.
No photon emitted.
No photon emitted.
No photon emitted.
No photon emitted.
No photon emitted.
No photon emitted.
Photon emitted!
No photon emitted.
Sent data: 0000000005000b40, last: 0
No photon emitted.
Photon emitted!
No photon emitted.
Sent data: 0000000005304fcd, last: 0
No photon emitted.
Photon emitted!
No photon emitted.
Sent data: 000000000560eae2, last: 0
No photon emitted.
No photon emitted.
Photon emitted!
No photon emitted.
Sent data: 0000000005a06ff8, last: 0
No photon emitted.
No photon emitted.
No photon emitted.
Photon emitted!
No photon emitted.
Sent data: 0000000005f01352, last: 0
Photon emitted!
No photon emitted.
Sent data: 000000000610c085, last: 0
No photon emitted.
No photon emitted.
No photon emitted.
No photon emitted.
No photon emitted.
No photon emitted.
No photon emitted.
No photon emitted.
No photon emitted.
No photon emitted.
No photon emitted.
No photon emitted.
No photon emitted.
No photon emitted.
No photon emitted.
No photon emitted.
No photon emitted.
No photon emitted.
No photon emitted.
No photon emitted.
No photon emitted.
No photon emitted.
Photon emitted!
No photon emitted.
Sent data: 0000000007908e0b, last: 0
No photon emitted.
No photon emitted.
No photon emitted.
No photon emitted.
Photon emitted!
No photon emitted.
Sent data: 0000000007f09258, last: 0
Photon emitted!
No photon emitted.
Sent data: 0000000008100765, last: 0
Photon emitted!
Photon emitted!
Sent data: 000000000830a094, last: 0
No photon emitted.
No photon emitted.
Sent data: 00000000084021ad, last: 0
No photon emitted.
No photon emitted.
No photon emitted.
No photon emitted.
No photon emitted.
No photon emitted.
No photon emitted.
No photon emitted.
No photon emitted.
No photon emitted.
No photon emitted.
No photon emitted.
No photon emitted.
No photon emitted.
No photon emitted.
Photon emitted!
No photon emitted.
Sent data: 0000000009607145, last: 0
No photon emitted.
No photon emitted.
No photon emitted.
No photon emitted.
No photon emitted.
No photon emitted.
No photon emitted.
No photon emitted.
No photon emitted.
No photon emitted.
No photon emitted.
No photon emitted.
No photon emitted.
No photon emitted.
No photon emitted.
No photon emitted.
No photon emitted.
No photon emitted.
No photon emitted.
No photon emitted.
No photon emitted.
No photon emitted.
No photon emitted.
No photon emitted.
No photon emitted.
No photon emitted.
No photon emitted.
No photon emitted.
No photon emitted.
No photon emitted.
No photon emitted.
Photon emitted!
No photon emitted.
Sent data: 000000000b70deb1, last: 0
No photon emitted.
No photon emitted.
Photon emitted!
No photon emitted.
Sent data: 000000000bb03b0d, last: 0
Photon emitted!
Photon emitted!
Sent data: 000000000bd0fe88, last: 0
Photon emitted!
Sent data: 000000000be03b28, last: 0
No photon emitted.
No photon emitted.
Sent data: 000000000bf0d878, last: 0
No photon emitted.
No photon emitted.
No photon emitted.
No photon emitted.
No photon emitted.
No photon emitted.
No photon emitted.
No photon emitted.
No photon emitted.
No photon emitted.
No photon emitted.
No photon emitted.
No photon emitted.
No photon emitted.
Photon emitted!
No photon emitted.
Sent data: 000000000d009c15, last: 0
No photon emitted.
No photon emitted.
No photon emitted.
No photon emitted.
No photon emitted.
No photon emitted.
No photon emitted.
No photon emitted.
No photon emitted.
No photon emitted.
Photon emitted!
No photon emitted.
Sent data: 000000000dc0c468, last: 0
No photon emitted.
No photon emitted.
No photon emitted.
No photon emitted.
No photon emitted.
No photon emitted.
Photon emitted!
No photon emitted.
Sent data: 000000000e40d6b1, last: 0
No photon emitted.
No photon emitted.
No photon emitted.
No photon emitted.
No photon emitted.
No photon emitted.
No photon emitted.
Photon emitted!
No photon emitted.
Sent data: 000000000ed0f0d2, last: 0
No photon emitted.
No photon emitted.
No photon emitted.
No photon emitted.
No photon emitted.
No photon emitted.
No photon emitted.
No photon emitted.
No photon emitted.
No photon emitted.
No photon emitted.
No photon emitted.
No photon emitted.
No photon emitted.
No photon emitted.
No photon emitted.
No photon emitted.
Photon emitted!
No photon emitted.
Sent data: 00000000100011bc, last: 0
No photon emitted.
No photon emitted.
No photon emitted.
No photon emitted.
No photon emitted.
No photon emitted.
No photon emitted.
No photon emitted.
Photon emitted!
No photon emitted.
Sent data: 0000000010a04f01, last: 0
No photon emitted.
No photon emitted.
Photon emitted!
Photon emitted!
Sent data: 0000000010e0f408, last: 0
No photon emitted.
No photon emitted.
Sent data: 0000000010f063c9, last: 0
Photon emitted!
No photon emitted.
Sent data: 000000001120a25a, last: 0
No photon emitted.
No photon emitted.
No photon emitted.
No photon emitted.
No photon emitted.
No photon emitted.
No photon emitted.
No photon emitted.
No photon emitted.
No photon emitted.
No photon emitted.
No photon emitted.
No photon emitted.
No photon emitted.
No photon emitted.
Photon emitted!
No photon emitted.
Sent data: 000000001230b69e, last: 0
No photon emitted.
No photon emitted.
No photon emitted.
No photon emitted.
No photon emitted.
No photon emitted.
No photon emitted.
Photon emitted!
No photon emitted.
Sent data: 0000000012c080a5, last: 0
Photon emitted!
No photon emitted.
Sent data: 0000000012e02ba4, last: 0
No photon emitted.
No photon emitted.
No photon emitted.
No photon emitted.
No photon emitted.
No photon emitted.
No photon emitted.
No photon emitted.
No photon emitted.
No photon emitted.
No photon emitted.
No photon emitted.
No photon emitted.
No photon emitted.
No photon emitted.
No photon emitted.
No photon emitted.
No photon emitted.
Photon emitted!
No photon emitted.
Sent data: 000000001420211d, last: 0
No photon emitted.
No photon emitted.
No photon emitted.
No photon emitted.
No photon emitted.
No photon emitted.
No photon emitted.
No photon emitted.
No photon emitted.
No photon emitted.
No photon emitted.
No photon emitted.
No photon emitted.
No photon emitted.
Photon emitted!
No photon emitted.
Sent data: 000000001520dc50, last: 0
No photon emitted.
No photon emitted.
No photon emitted.
No photon emitted.
No photon emitted.
No photon emitted.
Photon emitted!
No photon emitted.
Sent data: 0000000015a0a230, last: 0
No photon emitted.
Photon emitted!
No photon emitted.
Sent data: 0000000015d084eb, last: 0
No photon emitted.
No photon emitted.
No photon emitted.
No photon emitted.
No photon emitted.
No photon emitted.
No photon emitted.
No photon emitted.
Photon emitted!
No photon emitted.
Sent data: 00000000167094cb, last: 0
No photon emitted.
No photon emitted.
No photon emitted.
No photon emitted.
No photon emitted.
Photon emitted!
No photon emitted.
Sent data: 0000000016e0d8e3, last: 0
No photon emitted.
No photon emitted.
Photon emitted!
No photon emitted.
Sent data: 000000001720ca35, last: 0
No photon emitted.
No photon emitted.
No photon emitted.
No photon emitted.
No photon emitted.
Photon emitted!
No photon emitted.
Sent data: 000000001790ec1c, last: 0
No photon emitted.
No photon emitted.
Photon emitted!
No photon emitted.
Sent data: 0000000017d0ca5d, last: 0
No photon emitted.
No photon emitted.
No photon emitted.
No photon emitted.
Photon emitted!
No photon emitted.
Sent data: 0000000018300b47, last: 0
No photon emitted.
No photon emitted.
No photon emitted.
No photon emitted.
No photon emitted.
No photon emitted.
No photon emitted.
No photon emitted.
No photon emitted.
No photon emitted.
No photon emitted.
No photon emitted.
No photon emitted.
No photon emitted.
No photon emitted.
No photon emitted.
No photon emitted.
No photon emitted.
No photon emitted.
No photon emitted.
No photon emitted.
No photon emitted.
No photon emitted.
No photon emitted.
No photon emitted.
No photon emitted.
No photon emitted.
No photon emitted.
No photon emitted.
No photon emitted.
No photon emitted.
No photon emitted.
No photon emitted.
No photon emitted.
No photon emitted.
No photon emitted.
No photon emitted.
No photon emitted.
No photon emitted.
No photon emitted.
No photon emitted.
No photon emitted.
No photon emitted.
No photon emitted.
No photon emitted.
No photon emitted.
No photon emitted.
No photon emitted.
No photon emitted.
Photon emitted!
No photon emitted.
Sent data: 000000001b60a407, last: 0
No photon emitted.
No photon emitted.
No photon emitted.
No photon emitted.
No photon emitted.
No photon emitted.
No photon emitted.
No photon emitted.
No photon emitted.
No photon emitted.
No photon emitted.
No photon emitted.
No photon emitted.
No photon emitted.
No photon emitted.
No photon emitted.
No photon emitted.
No photon emitted.
Photon emitted!
No photon emitted.
Sent data: 000000001ca09c76, last: 0
No photon emitted.
No photon emitted.
No photon emitted.
No photon emitted.
No photon emitted.
Photon emitted!
No photon emitted.
Sent data: 000000001d10d08a, last: 0
Photon emitted!
No photon emitted.
Sent data: 000000001d308aac, last: 0
No photon emitted.
No photon emitted.
No photon emitted.
No photon emitted.
No photon emitted.
No photon emitted.
No photon emitted.
No photon emitted.
No photon emitted.
No photon emitted.
No photon emitted.
No photon emitted.
No photon emitted.
No photon emitted.
Photon emitted!
Photon emitted!
Sent data: 000000001e301bb6, last: 0
No photon emitted.
No photon emitted.
Sent data: 000000001e4094ee, last: 0
No photon emitted.
No photon emitted.
No photon emitted.
No photon emitted.
No photon emitted.
No photon emitted.
No photon emitted.
No photon emitted.
No photon emitted.
No photon emitted.
No photon emitted.
No photon emitted.
No photon emitted.
No photon emitted.
No photon emitted.
No photon emitted.
No photon emitted.
No photon emitted.
No photon emitted.
No photon emitted.
No photon emitted.
No photon emitted.
No photon emitted.
No photon emitted.
No photon emitted.
No photon emitted.
No photon emitted.
Photon emitted!
No photon emitted.
Sent data: 000000002020f2d2, last: 0
No photon emitted.
No photon emitted.
No photon emitted.
No photon emitted.
No photon emitted.
No photon emitted.
No photon emitted.
No photon emitted.
No photon emitted.
No photon emitted.
Photon emitted!
No photon emitted.
Sent data: 0000000020e037ff, last: 0
No photon emitted.
No photon emitted.
Photon emitted!
Photon emitted!
Sent data: 000000002120d85c, last: 0
No photon emitted.
No photon emitted.
Sent data: 0000000021300dae, last: 0
No photon emitted.
No photon emitted.
Photon emitted!
No photon emitted.
Sent data: 000000002180b82c, last: 0
Photon emitted!
No photon emitted.
Sent data: 0000000021a0aa10, last: 0
No photon emitted.
No photon emitted.
Photon emitted!
Photon emitted!
Sent data: 0000000021e04bad, last: 0
No photon emitted.
No photon emitted.
Sent data: 0000000021f08224, last: 0
No photon emitted.
No photon emitted.
No photon emitted.
No photon emitted.
No photon emitted.
Photon emitted!
No photon emitted.
Sent data: 000000002270f2e8, last: 0
No photon emitted.
No photon emitted.
No photon emitted.
No photon emitted.
No photon emitted.
No photon emitted.
No photon emitted.
No photon emitted.
No photon emitted.
No photon emitted.
No photon emitted.
No photon emitted.
No photon emitted.
No photon emitted.
No photon emitted.
No photon emitted.
Photon emitted!
No photon emitted.
Sent data: 0000000023904307, last: 0
Photon emitted!
No photon emitted.
Sent data: 0000000023b09e10, last: 0
No photon emitted.
No photon emitted.
No photon emitted.
No photon emitted.
No photon emitted.
No photon emitted.
No photon emitted.
No photon emitted.
No photon emitted.
No photon emitted.
No photon emitted.
No photon emitted.
No photon emitted.
No photon emitted.
No photon emitted.
No photon emitted.
No photon emitted.
Photon emitted!
No photon emitted.
Sent data: 0000000024e0330f, last: 0
No photon emitted.
No photon emitted.
No photon emitted.
No photon emitted.
No photon emitted.
Photon emitted!
No photon emitted.
Sent data: 000000002550acd8, last: 0
No photon emitted.
Photon emitted!
No photon emitted.
Sent data: 000000002580196a, last: 0
No photon emitted.
No photon emitted.
No photon emitted.
No photon emitted.
No photon emitted.
No photon emitted.
No photon emitted.
No photon emitted.
No photon emitted.
No photon emitted.
No photon emitted.
No photon emitted.
No photon emitted.
No photon emitted.
No photon emitted.
No photon emitted.
No photon emitted.
No photon emitted.
No photon emitted.
No photon emitted.
No photon emitted.
No photon emitted.
No photon emitted.
No photon emitted.
No photon emitted.
Photon emitted!
No photon emitted.
Sent data: 000000002730c027, last: 0
No photon emitted.
No photon emitted.
No photon emitted.
Photon emitted!
Photon emitted!
Sent data: 0000000027801992, last: 0
No photon emitted.
Sent data: 000000002790ae6c, last: 0
No photon emitted.
No photon emitted.
No photon emitted.
No photon emitted.
No photon emitted.
No photon emitted.
No photon emitted.
No photon emitted.
No photon emitted.
No photon emitted.
Photon emitted!
No photon emitted.
Sent data: 0000000028508c72, last: 0
No photon emitted.
No photon emitted.
No photon emitted.
No photon emitted.
No photon emitted.
No photon emitted.
No photon emitted.
No photon emitted.
No photon emitted.
Photon emitted!
No photon emitted.
Sent data: 000000002900d816, last: 0
No photon emitted.
Photon emitted!
No photon emitted.
Sent data: 0000000029306faf, last: 0
No photon emitted.
No photon emitted.
No photon emitted.
No photon emitted.
No photon emitted.
No photon emitted.
No photon emitted.
No photon emitted.
No photon emitted.
No photon emitted.
No photon emitted.
No photon emitted.
No photon emitted.
No photon emitted.
No photon emitted.
No photon emitted.
No photon emitted.
Photon emitted!
No photon emitted.
Sent data: 000000002a608abe, last: 0
Photon emitted!
No photon emitted.
Sent data: 000000002a80b6d3, last: 0
No photon emitted.
Photon emitted!
No photon emitted.
Sent data: 000000002ab0d866, last: 0
No photon emitted.
No photon emitted.
No photon emitted.
No photon emitted.
No photon emitted.
No photon emitted.
No photon emitted.
No photon emitted.
No photon emitted.
No photon emitted.
No photon emitted.
No photon emitted.
No photon emitted.
No photon emitted.
No photon emitted.
Photon emitted!
No photon emitted.
Sent data: 000000002bc0b432, last: 0
No photon emitted.
No photon emitted.
No photon emitted.
No photon emitted.
No photon emitted.
Photon emitted!
No photon emitted.
Sent data: 000000002c308639, last: 0
No photon emitted.
No photon emitted.
No photon emitted.
No photon emitted.
No photon emitted.
No photon emitted.
No photon emitted.
No photon emitted.
No photon emitted.
Photon emitted!
No photon emitted.
Sent data: 000000002ce0f6c8, last: 0
No photon emitted.
No photon emitted.
No photon emitted.
Photon emitted!
No photon emitted.
Sent data: 000000002d3067d6, last: 0
No photon emitted.
No photon emitted.
No photon emitted.
No photon emitted.
No photon emitted.
No photon emitted.
No photon emitted.
No photon emitted.
No photon emitted.
Photon emitted!
No photon emitted.
Sent data: 000000002de02585, last: 0
No photon emitted.
No photon emitted.
No photon emitted.
No photon emitted.
No photon emitted.
No photon emitted.
No photon emitted.
No photon emitted.
No photon emitted.
No photon emitted.
Photon emitted!
No photon emitted.
Sent data: 000000002ea0b2f1, last: 0
No photon emitted.
No photon emitted.
Photon emitted!
Photon emitted!
Sent data: 000000002ee06585, last: 0
No photon emitted.
No photon emitted.
Sent data: 000000002ef0f2f8, last: 0
Photon emitted!
No photon emitted.
Sent data: 000000002f20b856, last: 0
No photon emitted.
No photon emitted.
No photon emitted.
No photon emitted.
No photon emitted.
No photon emitted.
No photon emitted.
No photon emitted.
No photon emitted.
No photon emitted.
No photon emitted.
No photon emitted.
No photon emitted.
No photon emitted.
No photon emitted.
No photon emitted.
No photon emitted.
No photon emitted.
No photon emitted.
No photon emitted.
No photon emitted.
No photon emitted.
No photon emitted.
No photon emitted.
No photon emitted.
No photon emitted.
No photon emitted.
No photon emitted.
No photon emitted.
No photon emitted.
Photon emitted!
No photon emitted.
Sent data: 000000003120593d, last: 0
No photon emitted.
No photon emitted.
No photon emitted.
No photon emitted.
Photon emitted!
No photon emitted.
Sent data: 0000000031805fd5, last: 0
No photon emitted.
No photon emitted.
No photon emitted.
No photon emitted.
No photon emitted.
No photon emitted.
No photon emitted.
Photon emitted!
No photon emitted.
Sent data: 00000000321027f1, last: 0
No photon emitted.
No photon emitted.
No photon emitted.
No photon emitted.
No photon emitted.
No photon emitted.
Photon emitted!
No photon emitted.
Sent data: 000000003290ae96, last: 0
No photon emitted.
No photon emitted.
No photon emitted.
Photon emitted!
No photon emitted.
Sent data: 0000000032e086a9, last: 0
No photon emitted.
No photon emitted.
No photon emitted.
No photon emitted.
No photon emitted.
Photon emitted!
No photon emitted.
Sent data: 0000000033500117, last: 0
No photon emitted.
No photon emitted.
No photon emitted.
No photon emitted.
No photon emitted.
No photon emitted.
No photon emitted.
No photon emitted.
No photon emitted.
No photon emitted.
No photon emitted.
Photon emitted!
No photon emitted.
Sent data: 000000003420f02b, last: 0
No photon emitted.
No photon emitted.
No photon emitted.
No photon emitted.
No photon emitted.
No photon emitted.
No photon emitted.
No photon emitted.
No photon emitted.
No photon emitted.
Photon emitted!
No photon emitted.
Sent data: 0000000034e082c3, last: 0
No photon emitted.
No photon emitted.
No photon emitted.
Photon emitted!
No photon emitted.
Sent data: 00000000353086ea, last: 0
No photon emitted.
No photon emitted.
No photon emitted.
No photon emitted.
No photon emitted.
No photon emitted.
No photon emitted.
No photon emitted.
No photon emitted.
No photon emitted.
No photon emitted.
No photon emitted.
No photon emitted.
No photon emitted.
No photon emitted.
No photon emitted.
No photon emitted.
No photon emitted.
No photon emitted.
No photon emitted.
No photon emitted.
No photon emitted.
No photon emitted.
No photon emitted.
No photon emitted.
No photon emitted.
No photon emitted.
No photon emitted.
No photon emitted.
No photon emitted.
Photon emitted!
No photon emitted.
Sent data: 0000000037302754, last: 0
No photon emitted.
No photon emitted.
No photon emitted.
Photon emitted!
No photon emitted.
Sent data: 0000000037807b64, last: 0
No photon emitted.
No photon emitted.
No photon emitted.
No photon emitted.
No photon emitted.
No photon emitted.
No photon emitted.
No photon emitted.
No photon emitted.
No photon emitted.
No photon emitted.
No photon emitted.
No photon emitted.
No photon emitted.
No photon emitted.
No photon emitted.
No photon emitted.
No photon emitted.
No photon emitted.
No photon emitted.
No photon emitted.
Photon emitted!
No photon emitted.
Sent data: 0000000038f0f0f4, last: 0
No photon emitted.
No photon emitted.
No photon emitted.
No photon emitted.
No photon emitted.
No photon emitted.
No photon emitted.
No photon emitted.
No photon emitted.
No photon emitted.
No photon emitted.
No photon emitted.
No photon emitted.
No photon emitted.
No photon emitted.
No photon emitted.
No photon emitted.
No photon emitted.
No photon emitted.
No photon emitted.
Photon emitted!
No photon emitted.
Sent data: 000000003a5065d5, last: 0
No photon emitted.
No photon emitted.
No photon emitted.
No photon emitted.
No photon emitted.
No photon emitted.
No photon emitted.
No photon emitted.
No photon emitted.
No photon emitted.
No photon emitted.
Photon emitted!
No photon emitted.
Sent data: 000000003b20ea9f, last: 0
No photon emitted.
No photon emitted.
No photon emitted.
No photon emitted.
No photon emitted.
No photon emitted.
No photon emitted.
No photon emitted.
No photon emitted.
No photon emitted.
No photon emitted.
No photon emitted.
No photon emitted.
No photon emitted.
No photon emitted.
No photon emitted.
No photon emitted.
No photon emitted.
No photon emitted.
No photon emitted.
Photon emitted!
No photon emitted.
Sent data: 000000003c80b0db, last: 0
No photon emitted.
Photon emitted!
No photon emitted.
Sent data: 000000003cb0f4a4, last: 0
No photon emitted.
No photon emitted.
No photon emitted.
No photon emitted.
No photon emitted.
Photon emitted!
No photon emitted.
Sent data: 000000003d20eeff, last: 0
No photon emitted.
No photon emitted.
Photon emitted!
No photon emitted.
Sent data: 000000003d602d83, last: 0
No photon emitted.
No photon emitted.
No photon emitted.
No photon emitted.
No photon emitted.
No photon emitted.
No photon emitted.
No photon emitted.
No photon emitted.
Photon emitted!
No photon emitted.
Sent data: 000000003e10410a, last: 0
No photon emitted.
No photon emitted.
No photon emitted.
No photon emitted.
No photon emitted.
No photon emitted.
Photon emitted!
No photon emitted.
Sent data: 000000003e904baa, last: 0
No photon emitted.
No photon emitted.
No photon emitted.
No photon emitted.
Photon emitted!
No photon emitted.
Sent data: 000000003ef02f1c, last: 0
No photon emitted.
No photon emitted.
No photon emitted.
No photon emitted.
No photon emitted.
No photon emitted.
No photon emitted.
No photon emitted.
No photon emitted.
No photon emitted.
No photon emitted.
No photon emitted.
No photon emitted.
Photon emitted!
No photon emitted.
Sent data: 000000003fe005ae, last: 0
No photon emitted.
No photon emitted.
Photon emitted!
No photon emitted.
Sent data: 00000000002015ac, last: 0
No photon emitted.
No photon emitted.
No photon emitted.
No photon emitted.
No photon emitted.
No photon emitted.
No photon emitted.
No photon emitted.
No photon emitted.
No photon emitted.
No photon emitted.
No photon emitted.
No photon emitted.
No photon emitted.
No photon emitted.
No photon emitted.
No photon emitted.
No photon emitted.
No photon emitted.
No photon emitted.
No photon emitted.
Photon emitted!
No photon emitted.
Sent data: 000000000190ee65, last: 0
No photon emitted.
No photon emitted.
Photon emitted!
No photon emitted.
Sent data: 0000000001d0f2b2, last: 0
No photon emitted.
No photon emitted.
Photon emitted!
No photon emitted.
Sent data: 0000000002105390, last: 0
No photon emitted.
No photon emitted.
No photon emitted.
No photon emitted.
No photon emitted.
No photon emitted.
No photon emitted.
No photon emitted.
No photon emitted.
Photon emitted!
Photon emitted!
Sent data: 0000000002c05980, last: 0
No photon emitted.
Sent data: 0000000002d09a82, last: 0
No photon emitted.
No photon emitted.
No photon emitted.
No photon emitted.
No photon emitted.
No photon emitted.
No photon emitted.
No photon emitted.
No photon emitted.
No photon emitted.
No photon emitted.
No photon emitted.
No photon emitted.
No photon emitted.
No photon emitted.
No photon emitted.
No photon emitted.
No photon emitted.
No photon emitted.
No photon emitted.
Photon emitted!
No photon emitted.
Sent data: 0000000004304538, last: 0
No photon emitted.
No photon emitted.
No photon emitted.
No photon emitted.
No photon emitted.
No photon emitted.
No photon emitted.
No photon emitted.
No photon emitted.
No photon emitted.
No photon emitted.
No photon emitted.
No photon emitted.
No photon emitted.
No photon emitted.
No photon emitted.
No photon emitted.
No photon emitted.
No photon emitted.
No photon emitted.
No photon emitted.
No photon emitted.
No photon emitted.
No photon emitted.
No photon emitted.
No photon emitted.
No photon emitted.
No photon emitted.
Photon emitted!
No photon emitted.
Sent data: 0000000006102f32, last: 0
No photon emitted.
Photon emitted!
No photon emitted.
Sent data: 000000000640fa94, last: 0
No photon emitted.
No photon emitted.
No photon emitted.
No photon emitted.
No photon emitted.
No photon emitted.
No photon emitted.
No photon emitted.
No photon emitted.
No photon emitted.
No photon emitted.
No photon emitted.
No photon emitted.
No photon emitted.
No photon emitted.
No photon emitted.
No photon emitted.
No photon emitted.
No photon emitted.
No photon emitted.
No photon emitted.
No photon emitted.
No photon emitted.
No photon emitted.
No photon emitted.
No photon emitted.
No photon emitted.
No photon emitted.
No photon emitted.
No photon emitted.
No photon emitted.
No photon emitted.
No photon emitted.
No photon emitted.
No photon emitted.
No photon emitted.
No photon emitted.
Photon emitted!
No photon emitted.
Sent data: 0000000008b04d68, last: 0
Photon emitted!
No photon emitted.
Sent data: 0000000008d0713e, last: 0
No photon emitted.
No photon emitted.
No photon emitted.
No photon emitted.
Photon emitted!
No photon emitted.
Sent data: 00000000093077e8, last: 0
Photon emitted!
No photon emitted.
Sent data: 0000000009502568, last: 0
No photon emitted.
No photon emitted.
No photon emitted.
No photon emitted.
No photon emitted.
No photon emitted.
Photon emitted!
No photon emitted.
Sent data: 0000000009d0c2ac, last: 0
No photon emitted.
No photon emitted.
No photon emitted.
No photon emitted.
No photon emitted.
No photon emitted.
No photon emitted.
No photon emitted.
No photon emitted.
No photon emitted.
No photon emitted.
Photon emitted!
No photon emitted.
Sent data: 000000000aa005ad, last: 0
No photon emitted.
No photon emitted.
No photon emitted.
No photon emitted.
No photon emitted.
No photon emitted.
No photon emitted.
No photon emitted.
No photon emitted.
No photon emitted.
Photon emitted!
Photon emitted!
Sent data: 000000000b60c632, last: 0
No photon emitted.
No photon emitted.
Sent data: 000000000b70c4d8, last: 0
No photon emitted.
No photon emitted.
No photon emitted.
Photon emitted!
No photon emitted.
Sent data: 000000000bd0f49c, last: 0
No photon emitted.
No photon emitted.
No photon emitted.
No photon emitted.
Photon emitted!
No photon emitted.
Sent data: 000000000c304bc8, last: 0
No photon emitted.
No photon emitted.
No photon emitted.
No photon emitted.
No photon emitted.
No photon emitted.
No photon emitted.
No photon emitted.
No photon emitted.
No photon emitted.
No photon emitted.
No photon emitted.
No photon emitted.
No photon emitted.
Photon emitted!
No photon emitted.
Sent data: 000000000d30fa66, last: 0
No photon emitted.
No photon emitted.
No photon emitted.
No photon emitted.
No photon emitted.
No photon emitted.
No photon emitted.
No photon emitted.
No photon emitted.
No photon emitted.
No photon emitted.
No photon emitted.
No photon emitted.
No photon emitted.
No photon emitted.
No photon emitted.
No photon emitted.
No photon emitted.
No photon emitted.
Photon emitted!
No photon emitted.
Sent data: 000000000e80840b, last: 0
No photon emitted.
No photon emitted.
No photon emitted.
No photon emitted.
No photon emitted.
No photon emitted.
No photon emitted.
No photon emitted.
No photon emitted.
No photon emitted.
No photon emitted.
No photon emitted.
No photon emitted.
No photon emitted.
No photon emitted.
Photon emitted!
No photon emitted.
Sent data: 000000000f90a043, last: 0
No photon emitted.
No photon emitted.
No photon emitted.
No photon emitted.
No photon emitted.
No photon emitted.
No photon emitted.
No photon emitted.
No photon emitted.
No photon emitted.
No photon emitted.
No photon emitted.
Photon emitted!
No photon emitted.
Sent data: 000000001070cee8, last: 0
No photon emitted.
No photon emitted.
No photon emitted.
No photon emitted.
No photon emitted.
No photon emitted.
No photon emitted.
No photon emitted.
No photon emitted.
Photon emitted!
Photon emitted!
Sent data: 000000001120ac70, last: 0
No photon emitted.
No photon emitted.
Sent data: 0000000011305157, last: 0
No photon emitted.
No photon emitted.
No photon emitted.
No photon emitted.
No photon emitted.
Photon emitted!
No photon emitted.
Sent data: 0000000011b043f3, last: 0
No photon emitted.
No photon emitted.
No photon emitted.
No photon emitted.
No photon emitted.
Photon emitted!
No photon emitted.
Sent data: 000000001220deb0, last: 0
No photon emitted.
No photon emitted.
No photon emitted.
No photon emitted.
No photon emitted.
No photon emitted.
No photon emitted.
No photon emitted.
No photon emitted.
No photon emitted.
No photon emitted.
No photon emitted.
No photon emitted.
No photon emitted.
No photon emitted.
No photon emitted.
No photon emitted.
No photon emitted.
No photon emitted.
No photon emitted.
No photon emitted.
No photon emitted.
No photon emitted.
No photon emitted.
No photon emitted.
No photon emitted.
Photon emitted!
No photon emitted.
Sent data: 0000000013e0bc5f, last: 0
No photon emitted.
No photon emitted.
No photon emitted.
Photon emitted!
Photon emitted!
Sent data: 000000001430d65c, last: 0
No photon emitted.
No photon emitted.
Sent data: 00000000144094b8, last: 0
Photon emitted!
No photon emitted.
Sent data: 00000000147005b6, last: 0
No photon emitted.
No photon emitted.
No photon emitted.
No photon emitted.
No photon emitted.
No photon emitted.
Photon emitted!
Photon emitted!
Sent data: 0000000014f0c2e6, last: 0
No photon emitted.
No photon emitted.
Sent data: 0000000015000141, last: 0
No photon emitted.
No photon emitted.
No photon emitted.
No photon emitted.
No photon emitted.
No photon emitted.
No photon emitted.
No photon emitted.
No photon emitted.
No photon emitted.
No photon emitted.
No photon emitted.
No photon emitted.
No photon emitted.
No photon emitted.
No photon emitted.
No photon emitted.
No photon emitted.
Photon emitted!
No photon emitted.
Sent data: 00000000165096bd, last: 0
No photon emitted.
No photon emitted.
No photon emitted.
No photon emitted.
No photon emitted.
No photon emitted.
No photon emitted.
No photon emitted.
No photon emitted.
No photon emitted.
No photon emitted.
No photon emitted.
No photon emitted.
No photon emitted.
No photon emitted.
No photon emitted.
No photon emitted.
No photon emitted.
Photon emitted!
No photon emitted.
Sent data: 0000000017908e3c, last: 0
No photon emitted.
Photon emitted!
No photon emitted.
Sent data: 0000000017c09e99, last: 0
No photon emitted.
No photon emitted.
No photon emitted.
No photon emitted.
No photon emitted.
No photon emitted.
No photon emitted.
No photon emitted.
No photon emitted.
No photon emitted.
No photon emitted.
No photon emitted.
Photon emitted!
No photon emitted.
Sent data: 0000000018a0fa5d, last: 0
Photon emitted!
No photon emitted.
Sent data: 0000000018c08015, last: 0
No photon emitted.
No photon emitted.
No photon emitted.
No photon emitted.
No photon emitted.
No photon emitted.
No photon emitted.
No photon emitted.
Photon emitted!
No photon emitted.
Sent data: 0000000019608423, last: 0
No photon emitted.
Photon emitted!
No photon emitted.
Sent data: 000000001990e823, last: 0
No photon emitted.
No photon emitted.
No photon emitted.
No photon emitted.
No photon emitted.
No photon emitted.
No photon emitted.
No photon emitted.
Photon emitted!
No photon emitted.
Sent data: 000000001a30332a, last: 0
No photon emitted.
No photon emitted.
No photon emitted.
No photon emitted.
No photon emitted.
No photon emitted.
No photon emitted.
No photon emitted.
No photon emitted.
No photon emitted.
No photon emitted.
No photon emitted.
No photon emitted.
No photon emitted.
No photon emitted.
No photon emitted.
No photon emitted.
No photon emitted.
No photon emitted.
No photon emitted.
No photon emitted.
No photon emitted.
No photon emitted.
No photon emitted.
Photon emitted!
Photon emitted!
Sent data: 000000001bd0d2da, last: 0
No photon emitted.
Sent data: 000000001be0b89c, last: 0
No photon emitted.
No photon emitted.
No photon emitted.
No photon emitted.
Photon emitted!
No photon emitted.
Sent data: 000000001c407f12, last: 0
No photon emitted.
Photon emitted!
No photon emitted.
Sent data: 000000001c70d2df, last: 0
No photon emitted.
No photon emitted.
Photon emitted!
No photon emitted.
Sent data: 000000001cb04526, last: 0
No photon emitted.
Photon emitted!
No photon emitted.
Sent data: 000000001ce031b5, last: 0
No photon emitted.
No photon emitted.
No photon emitted.
No photon emitted.
No photon emitted.
No photon emitted.
No photon emitted.
No photon emitted.
No photon emitted.
No photon emitted.
No photon emitted.
No photon emitted.
No photon emitted.
No photon emitted.
No photon emitted.
No photon emitted.
No photon emitted.
No photon emitted.
Photon emitted!
No photon emitted.
Sent data: 000000001e20fc91, last: 0
No photon emitted.
No photon emitted.
No photon emitted.
No photon emitted.
No photon emitted.
No photon emitted.
No photon emitted.
No photon emitted.
No photon emitted.
No photon emitted.
No photon emitted.
No photon emitted.
No photon emitted.
No photon emitted.
No photon emitted.
No photon emitted.
Photon emitted!
No photon emitted.
Sent data: 000000001f40c87b, last: 0
No photon emitted.
No photon emitted.
No photon emitted.
No photon emitted.
Photon emitted!
No photon emitted.
Sent data: 000000001fa0d4d3, last: 0
No photon emitted.
No photon emitted.
No photon emitted.
No photon emitted.
No photon emitted.
No photon emitted.
No photon emitted.
No photon emitted.
No photon emitted.
No photon emitted.
No photon emitted.
No photon emitted.
No photon emitted.
No photon emitted.
No photon emitted.
No photon emitted.
No photon emitted.
No photon emitted.
No photon emitted.
No photon emitted.
No photon emitted.
No photon emitted.
No photon emitted.
No photon emitted.
No photon emitted.
No photon emitted.
No photon emitted.
No photon emitted.
Photon emitted!
No photon emitted.
Sent data: 0000000021803d5f, last: 0
No photon emitted.
No photon emitted.
No photon emitted.
No photon emitted.
No photon emitted.
No photon emitted.
Photon emitted!
No photon emitted.
Sent data: 000000002200bcb2, last: 0
No photon emitted.
No photon emitted.
No photon emitted.
No photon emitted.
No photon emitted.
No photon emitted.
No photon emitted.
No photon emitted.
No photon emitted.
No photon emitted.
No photon emitted.
No photon emitted.
Photon emitted!
No photon emitted.
Sent data: 0000000022e03fa8, last: 0
No photon emitted.
No photon emitted.
No photon emitted.
Photon emitted!
No photon emitted.
Sent data: 000000002330be80, last: 0
No photon emitted.
No photon emitted.
Photon emitted!
No photon emitted.
Sent data: 0000000023706902, last: 0
No photon emitted.
No photon emitted.
No photon emitted.
No photon emitted.
No photon emitted.
No photon emitted.
No photon emitted.
No photon emitted.
No photon emitted.
No photon emitted.
No photon emitted.
No photon emitted.
No photon emitted.
No photon emitted.
No photon emitted.
No photon emitted.
No photon emitted.
No photon emitted.
No photon emitted.
No photon emitted.
No photon emitted.
No photon emitted.
No photon emitted.
No photon emitted.
No photon emitted.
No photon emitted.
No photon emitted.
No photon emitted.
No photon emitted.
No photon emitted.
No photon emitted.
No photon emitted.
No photon emitted.
No photon emitted.
Photon emitted!
No photon emitted.
Sent data: 0000000025b0de8c, last: 0
No photon emitted.
No photon emitted.
No photon emitted.
No photon emitted.
No photon emitted.
No photon emitted.
No photon emitted.
No photon emitted.
No photon emitted.
No photon emitted.
No photon emitted.
No photon emitted.
No photon emitted.
No photon emitted.
No photon emitted.
No photon emitted.
No photon emitted.
No photon emitted.
No photon emitted.
No photon emitted.
No photon emitted.
No photon emitted.
No photon emitted.
No photon emitted.
No photon emitted.
No photon emitted.
No photon emitted.
No photon emitted.
No photon emitted.
No photon emitted.
No photon emitted.
No photon emitted.
No photon emitted.
No photon emitted.
No photon emitted.
No photon emitted.
No photon emitted.
Photon emitted!
No photon emitted.
Sent data: 0000000028202146, last: 0
No photon emitted.
No photon emitted.
No photon emitted.
No photon emitted.
No photon emitted.
No photon emitted.
No photon emitted.
No photon emitted.
No photon emitted.
No photon emitted.
No photon emitted.
No photon emitted.
No photon emitted.
No photon emitted.
Photon emitted!
No photon emitted.
Sent data: 000000002920fed3, last: 0
No photon emitted.
No photon emitted.
No photon emitted.
No photon emitted.
Photon emitted!
No photon emitted.
Sent data: 000000002980fe34, last: 0
No photon emitted.
No photon emitted.
No photon emitted.
Photon emitted!
No photon emitted.
Sent data: 0000000029d0bcdb, last: 0
No photon emitted.
No photon emitted.
No photon emitted.
No photon emitted.
No photon emitted.
No photon emitted.
No photon emitted.
No photon emitted.
No photon emitted.
No photon emitted.
No photon emitted.
No photon emitted.
Photon emitted!
No photon emitted.
Sent data: 000000002ab01df4, last: 0
No photon emitted.
No photon emitted.
No photon emitted.
Photon emitted!
No photon emitted.
Sent data: 000000002b00d069, last: 0
No photon emitted.
No photon emitted.
No photon emitted.
No photon emitted.
Photon emitted!
No photon emitted.
Sent data: 000000002b608ab0, last: 0
No photon emitted.
No photon emitted.
No photon emitted.
No photon emitted.
No photon emitted.
No photon emitted.
No photon emitted.
No photon emitted.
No photon emitted.
No photon emitted.
No photon emitted.
No photon emitted.
No photon emitted.
No photon emitted.
Photon emitted!
No photon emitted.
Sent data: 000000002c60f065, last: 0
No photon emitted.
No photon emitted.
No photon emitted.
No photon emitted.
No photon emitted.
Photon emitted!
No photon emitted.
Sent data: 000000002cd09c79, last: 0
No photon emitted.
No photon emitted.
No photon emitted.
No photon emitted.
No photon emitted.
No photon emitted.
No photon emitted.
Photon emitted!
No photon emitted.
Sent data: 000000002d60ae7a, last: 0
No photon emitted.
No photon emitted.
No photon emitted.
No photon emitted.
Photon emitted!
No photon emitted.
Sent data: 000000002dc0591e, last: 0
No photon emitted.
No photon emitted.
No photon emitted.
No photon emitted.
No photon emitted.
No photon emitted.
No photon emitted.
Photon emitted!
Photon emitted!
Sent data: 000000002e50d8d5, last: 0
No photon emitted.
Sent data: 000000002e604f58, last: 0
No photon emitted.
No photon emitted.
No photon emitted.
No photon emitted.
No photon emitted.
No photon emitted.
No photon emitted.
No photon emitted.
No photon emitted.
No photon emitted.
No photon emitted.
No photon emitted.
No photon emitted.
No photon emitted.
Photon emitted!
Photon emitted!
Sent data: 000000002f60599b, last: 0
Photon emitted!
Photon emitted!
Sent data: 000000002f7077cf, last: 0
No photon emitted.
Sent data: 000000002f809242, last: 0
No photon emitted.
No photon emitted.
Sent data: 000000002f909a72, last: 0
No photon emitted.
No photon emitted.
No photon emitted.
No photon emitted.
No photon emitted.
No photon emitted.
No photon emitted.
No photon emitted.
No photon emitted.
No photon emitted.
Photon emitted!
No photon emitted.
Sent data: 000000003070479a, last: 0
No photon emitted.
No photon emitted.
No photon emitted.
No photon emitted.
No photon emitted.
No photon emitted.
No photon emitted.
No photon emitted.
Photon emitted!
No photon emitted.
Sent data: 0000000031102ff8, last: 0
No photon emitted.
No photon emitted.
No photon emitted.
No photon emitted.
No photon emitted.
No photon emitted.
No photon emitted.
No photon emitted.
No photon emitted.
No photon emitted.
No photon emitted.
No photon emitted.
No photon emitted.
Photon emitted!
No photon emitted.
Sent data: 0000000032007722, last: 0
No photon emitted.
Photon emitted!
No photon emitted.
Sent data: 0000000032303307, last: 0
No photon emitted.
No photon emitted.
No photon emitted.
No photon emitted.
No photon emitted.
No photon emitted.
No photon emitted.
No photon emitted.
No photon emitted.
No photon emitted.
No photon emitted.
Photon emitted!
No photon emitted.
Sent data: 000000003300b8f0, last: 0
No photon emitted.
No photon emitted.
No photon emitted.
No photon emitted.
Photon emitted!
No photon emitted.
Sent data: 0000000033600f92, last: 0
No photon emitted.
No photon emitted.
No photon emitted.
No photon emitted.
No photon emitted.
No photon emitted.
No photon emitted.
No photon emitted.
No photon emitted.
No photon emitted.
No photon emitted.
No photon emitted.
No photon emitted.
No photon emitted.
No photon emitted.
No photon emitted.
No photon emitted.
No photon emitted.
No photon emitted.
No photon emitted.
No photon emitted.
No photon emitted.
No photon emitted.
No photon emitted.
No photon emitted.
No photon emitted.
No photon emitted.
No photon emitted.
No photon emitted.
No photon emitted.
No photon emitted.
No photon emitted.
No photon emitted.
No photon emitted.
No photon emitted.
No photon emitted.
No photon emitted.
Photon emitted!
No photon emitted.
Sent data: 0000000035d023da, last: 0
No photon emitted.
No photon emitted.
No photon emitted.
No photon emitted.
No photon emitted.
No photon emitted.
No photon emitted.
No photon emitted.
No photon emitted.
No photon emitted.
No photon emitted.
No photon emitted.
No photon emitted.
No photon emitted.
No photon emitted.
No photon emitted.
Photon emitted!
Photon emitted!
Sent data: 0000000036f07df2, last: 0
No photon emitted.
No photon emitted.
Sent data: 00000000370027c5, last: 0
No photon emitted.
No photon emitted.
Photon emitted!
No photon emitted.
Sent data: 0000000037506165, last: 0
No photon emitted.
No photon emitted.
No photon emitted.
No photon emitted.
No photon emitted.
No photon emitted.
No photon emitted.
No photon emitted.
No photon emitted.
No photon emitted.
No photon emitted.
No photon emitted.
No photon emitted.
No photon emitted.
No photon emitted.
No photon emitted.
No photon emitted.
No photon emitted.
No photon emitted.
Photon emitted!
No photon emitted.
Sent data: 0000000038a0f0a8, last: 0
No photon emitted.
No photon emitted.
No photon emitted.
No photon emitted.
No photon emitted.
No photon emitted.
No photon emitted.
No photon emitted.
Photon emitted!
No photon emitted.
Sent data: 0000000039402973, last: 0
No photon emitted.
No photon emitted.
No photon emitted.
No photon emitted.
No photon emitted.
No photon emitted.
No photon emitted.
No photon emitted.
No photon emitted.
No photon emitted.
No photon emitted.
Photon emitted!
No photon emitted.
Sent data: 000000003a104fe6, last: 0
No photon emitted.
No photon emitted.
No photon emitted.
No photon emitted.
No photon emitted.
No photon emitted.
Photon emitted!
No photon emitted.
Sent data: 000000003a90b06c, last: 0
No photon emitted.
No photon emitted.
No photon emitted.
No photon emitted.
No photon emitted.
Photon emitted!
No photon emitted.
Sent data: 000000003b008016, last: 0
No photon emitted.
No photon emitted.
Photon emitted!
No photon emitted.
Sent data: 000000003b40236c, last: 0
Photon emitted!
No photon emitted.
Sent data: 000000003b60accd, last: 0
Photon emitted!
No photon emitted.
Sent data: 000000003b804d16, last: 0
No photon emitted.
No photon emitted.
No photon emitted.
No photon emitted.
No photon emitted.
No photon emitted.
No photon emitted.
No photon emitted.
No photon emitted.
No photon emitted.
No photon emitted.
No photon emitted.
No photon emitted.
No photon emitted.
No photon emitted.
No photon emitted.
No photon emitted.
No photon emitted.
No photon emitted.
No photon emitted.
No photon emitted.
No photon emitted.
No photon emitted.
No photon emitted.
No photon emitted.
No photon emitted.
No photon emitted.
No photon emitted.
No photon emitted.
No photon emitted.
No photon emitted.
No photon emitted.
No photon emitted.
No photon emitted.
No photon emitted.
No photon emitted.
No photon emitted.
No photon emitted.
No photon emitted.
No photon emitted.
No photon emitted.
No photon emitted.
Photon emitted!
No photon emitted.
Sent data: 000000003e402dc1, last: 0
No photon emitted.
No photon emitted.
No photon emitted.
No photon emitted.
No photon emitted.
No photon emitted.
No photon emitted.
No photon emitted.
No photon emitted.
No photon emitted.
No photon emitted.
No photon emitted.
No photon emitted.
No photon emitted.
No photon emitted.
No photon emitted.
No photon emitted.
No photon emitted.
No photon emitted.
No photon emitted.
No photon emitted.
Photon emitted!
No photon emitted.
Sent data: 000000003fb09250, last: 0
No photon emitted.
No photon emitted.
No photon emitted.
No photon emitted.
No photon emitted.
Photon emitted!
No photon emitted.
Sent data: 000000000020fa07, last: 0
No photon emitted.
No photon emitted.
No photon emitted.
No photon emitted.
No photon emitted.
No photon emitted.
No photon emitted.
Photon emitted!
No photon emitted.
Sent data: 0000000000b0be8a, last: 0
No photon emitted.
No photon emitted.
No photon emitted.
No photon emitted.
No photon emitted.
No photon emitted.
No photon emitted.
No photon emitted.
No photon emitted.
No photon emitted.
No photon emitted.
Photon emitted!
No photon emitted.
Sent data: 0000000001808e90, last: 0
No photon emitted.
No photon emitted.
No photon emitted.
No photon emitted.
No photon emitted.
No photon emitted.
No photon emitted.
No photon emitted.
No photon emitted.
No photon emitted.
No photon emitted.
Photon emitted!
No photon emitted.
Sent data: 000000000250e8bd, last: 0
No photon emitted.
No photon emitted.
No photon emitted.
No photon emitted.
No photon emitted.
No photon emitted.
No photon emitted.
No photon emitted.
No photon emitted.
No photon emitted.
Photon emitted!
No photon emitted.
Sent data: 000000000310b816, last: 0
No photon emitted.
Photon emitted!
No photon emitted.
Sent data: 000000000340557b, last: 0
No photon emitted.
No photon emitted.
No photon emitted.
Photon emitted!
No photon emitted.
Sent data: 000000000390052e, last: 0
No photon emitted.
No photon emitted.
No photon emitted.
Photon emitted!
No photon emitted.
Sent data: 0000000003e0d0f8, last: 0
No photon emitted.
No photon emitted.
No photon emitted.
No photon emitted.
No photon emitted.
No photon emitted.
No photon emitted.
No photon emitted.
No photon emitted.
No photon emitted.
No photon emitted.
Photon emitted!
No photon emitted.
Sent data: 0000000004b01f2e, last: 0
No photon emitted.
No photon emitted.
No photon emitted.
No photon emitted.
No photon emitted.
No photon emitted.
No photon emitted.
No photon emitted.
No photon emitted.
No photon emitted.
No photon emitted.
No photon emitted.
No photon emitted.
No photon emitted.
Photon emitted!
No photon emitted.
Sent data: 0000000005b019af, last: 0
No photon emitted.
No photon emitted.
No photon emitted.
No photon emitted.
No photon emitted.
No photon emitted.
No photon emitted.
No photon emitted.
No photon emitted.
No photon emitted.
No photon emitted.
No photon emitted.
No photon emitted.
No photon emitted.
No photon emitted.
No photon emitted.
No photon emitted.
No photon emitted.
No photon emitted.
No photon emitted.
No photon emitted.
No photon emitted.
No photon emitted.
No photon emitted.
No photon emitted.
No photon emitted.
No photon emitted.
No photon emitted.
No photon emitted.
No photon emitted.
No photon emitted.
No photon emitted.
No photon emitted.
No photon emitted.
No photon emitted.
No photon emitted.
No photon emitted.
No photon emitted.
No photon emitted.
No photon emitted.
No photon emitted.
No photon emitted.
No photon emitted.
No photon emitted.
No photon emitted.
No photon emitted.
No photon emitted.
No photon emitted.
No photon emitted.
No photon emitted.
No photon emitted.
No photon emitted.
No photon emitted.
Photon emitted!
No photon emitted.
Sent data: 000000000920acef, last: 0
No photon emitted.
No photon emitted.
No photon emitted.
No photon emitted.
No photon emitted.
No photon emitted.
No photon emitted.
No photon emitted.
No photon emitted.
No photon emitted.
No photon emitted.
No photon emitted.
No photon emitted.
No photon emitted.
No photon emitted.
No photon emitted.
No photon emitted.
No photon emitted.
No photon emitted.
No photon emitted.
No photon emitted.
No photon emitted.
No photon emitted.
No photon emitted.
Photon emitted!
No photon emitted.
Sent data: 000000000ac0353d, last: 0
Photon emitted!
No photon emitted.
Sent data: 000000000ae0acce, last: 0
No photon emitted.
No photon emitted.
No photon emitted.
No photon emitted.
No photon emitted.
No photon emitted.
No photon emitted.
No photon emitted.
No photon emitted.
No photon emitted.
No photon emitted.
No photon emitted.
No photon emitted.
No photon emitted.
No photon emitted.
No photon emitted.
Photon emitted!
Photon emitted!
Sent data: 000000000c00d6c9, last: 0
No photon emitted.
Sent data: 000000000c10dee0, last: 0
No photon emitted.
No photon emitted.
No photon emitted.
No photon emitted.
No photon emitted.
No photon emitted.
No photon emitted.
No photon emitted.
No photon emitted.
No photon emitted.
No photon emitted.
No photon emitted.
No photon emitted.
Photon emitted!
No photon emitted.
Sent data: 000000000d00412d, last: 0
No photon emitted.
No photon emitted.
Photon emitted!
No photon emitted.
Sent data: 000000000d409ab2, last: 0
No photon emitted.
Photon emitted!
No photon emitted.
Sent data: 000000000d709c6f, last: 0
No photon emitted.
No photon emitted.
No photon emitted.
Photon emitted!
Photon emitted!
Sent data: 000000000dc0b82d, last: 0
No photon emitted.
Sent data: 000000000dd0e033, last: 0
No photon emitted.
No photon emitted.
Photon emitted!
No photon emitted.
Sent data: 000000000e106706, last: 0
No photon emitted.
No photon emitted.
No photon emitted.
No photon emitted.
No photon emitted.
No photon emitted.
No photon emitted.
No photon emitted.
No photon emitted.
No photon emitted.
Photon emitted!
No photon emitted.
Sent data: 000000000ed03567, last: 0
No photon emitted.
No photon emitted.
Photon emitted!
No photon emitted.
Sent data: 000000000f1094ac, last: 0
No photon emitted.
No photon emitted.
No photon emitted.
No photon emitted.
No photon emitted.
No photon emitted.
No photon emitted.
No photon emitted.
No photon emitted.
No photon emitted.
No photon emitted.
No photon emitted.
No photon emitted.
No photon emitted.
No photon emitted.
Photon emitted!
No photon emitted.
Sent data: 000000001020c23e, last: 0
No photon emitted.
No photon emitted.
No photon emitted.
No photon emitted.
No photon emitted.
No photon emitted.
Photon emitted!
No photon emitted.
Sent data: 0000000010a04d69, last: 0
No photon emitted.
No photon emitted.
No photon emitted.
No photon emitted.
Photon emitted!
No photon emitted.
Sent data: 000000001100aac6, last: 0
No photon emitted.
No photon emitted.
Photon emitted!
No photon emitted.
Sent data: 00000000114013ad, last: 0
No photon emitted.
No photon emitted.
No photon emitted.
No photon emitted.
No photon emitted.
No photon emitted.
No photon emitted.
No photon emitted.
No photon emitted.
No photon emitted.
No photon emitted.
No photon emitted.
Photon emitted!
No photon emitted.
Sent data: 00000000122053a5, last: 0
No photon emitted.
No photon emitted.
No photon emitted.
No photon emitted.
No photon emitted.
No photon emitted.
Photon emitted!
No photon emitted.
Sent data: 0000000012a049a4, last: 0
No photon emitted.
No photon emitted.
No photon emitted.
Photon emitted!
No photon emitted.
Sent data: 0000000012f04dba, last: 0
No photon emitted.
No photon emitted.
No photon emitted.
No photon emitted.
Photon emitted!
Photon emitted!
Sent data: 0000000013508cd6, last: 0
No photon emitted.
Sent data: 000000001360b888, last: 0
No photon emitted.
No photon emitted.
Photon emitted!
No photon emitted.
Sent data: 0000000013a09693, last: 0
No photon emitted.
No photon emitted.
No photon emitted.
No photon emitted.
No photon emitted.
No photon emitted.
No photon emitted.
No photon emitted.
No photon emitted.
No photon emitted.
No photon emitted.
No photon emitted.
No photon emitted.
Photon emitted!
No photon emitted.
Sent data: 000000001490a41b, last: 0
No photon emitted.
No photon emitted.
Photon emitted!
No photon emitted.
Sent data: 0000000014d09c40, last: 0
No photon emitted.
No photon emitted.
No photon emitted.
No photon emitted.
No photon emitted.
Photon emitted!
Photon emitted!
Sent data: 000000001540678f, last: 0
No photon emitted.
Sent data: 0000000015503140, last: 0
No photon emitted.
No photon emitted.
No photon emitted.
No photon emitted.
No photon emitted.
Photon emitted!
No photon emitted.
Sent data: 0000000015c0014d, last: 0
No photon emitted.
No photon emitted.
No photon emitted.
No photon emitted.
No photon emitted.
No photon emitted.
No photon emitted.
Photon emitted!
No photon emitted.
Sent data: 000000001650a085, last: 0
No photon emitted.
No photon emitted.
No photon emitted.
No photon emitted.
No photon emitted.
Photon emitted!
No photon emitted.
Sent data: 0000000016c00358, last: 0
No photon emitted.
No photon emitted.
No photon emitted.
No photon emitted.
No photon emitted.
No photon emitted.
No photon emitted.
No photon emitted.
No photon emitted.
No photon emitted.
No photon emitted.
No photon emitted.
No photon emitted.
No photon emitted.
No photon emitted.
No photon emitted.
No photon emitted.
No photon emitted.
No photon emitted.
No photon emitted.
No photon emitted.
No photon emitted.
No photon emitted.
No photon emitted.
No photon emitted.
No photon emitted.
No photon emitted.
No photon emitted.
No photon emitted.
No photon emitted.
No photon emitted.
No photon emitted.
No photon emitted.
No photon emitted.
No photon emitted.
No photon emitted.
No photon emitted.
No photon emitted.
No photon emitted.
No photon emitted.
No photon emitted.
No photon emitted.
No photon emitted.
No photon emitted.
No photon emitted.
No photon emitted.
No photon emitted.
No photon emitted.
No photon emitted.
No photon emitted.
No photon emitted.
No photon emitted.
No photon emitted.
No photon emitted.
No photon emitted.
No photon emitted.
Photon emitted!
No photon emitted.
Sent data: 000000001a60579c, last: 0
No photon emitted.
No photon emitted.
No photon emitted.
No photon emitted.
No photon emitted.
No photon emitted.
No photon emitted.
No photon emitted.
No photon emitted.
No photon emitted.
No photon emitted.
No photon emitted.
No photon emitted.
No photon emitted.
No photon emitted.
No photon emitted.
No photon emitted.
No photon emitted.
No photon emitted.
No photon emitted.
No photon emitted.
No photon emitted.
No photon emitted.
No photon emitted.
No photon emitted.
No photon emitted.
No photon emitted.
No photon emitted.
No photon emitted.
No photon emitted.
No photon emitted.
No photon emitted.
No photon emitted.
No photon emitted.
No photon emitted.
No photon emitted.
No photon emitted.
No photon emitted.
No photon emitted.
No photon emitted.
Photon emitted!
No photon emitted.
Sent data: 000000001d00e892, last: 0
No photon emitted.
No photon emitted.
No photon emitted.
No photon emitted.
No photon emitted.
No photon emitted.
No photon emitted.
Photon emitted!
No photon emitted.
Sent data: 000000001d903504, last: 0
No photon emitted.
No photon emitted.
Photon emitted!
No photon emitted.
Sent data: 000000001dd07d72, last: 0
No photon emitted.
No photon emitted.
Photon emitted!
No photon emitted.
Sent data: 000000001e1001d7, last: 0
No photon emitted.
No photon emitted.
No photon emitted.
No photon emitted.
No photon emitted.
No photon emitted.
No photon emitted.
No photon emitted.
Photon emitted!
No photon emitted.
Sent data: 000000001eb02f5f, last: 0
No photon emitted.
No photon emitted.
No photon emitted.
No photon emitted.
No photon emitted.
Photon emitted!
No photon emitted.
Sent data: 000000001f20b60c, last: 1
No photon emitted.
No photon emitted.
No photon emitted.
Photon emitted!
No photon emitted.
Sent data: 000000001f707f33, last: 0
No photon emitted.
No photon emitted.
No photon emitted.
No photon emitted.
No photon emitted.
No photon emitted.
No photon emitted.
No photon emitted.
No photon emitted.
No photon emitted.
Photon emitted!
Photon emitted!
Sent data: 000000002030ecc7, last: 0
No photon emitted.
No photon emitted.
Sent data: 00000000204059cf, last: 0
No photon emitted.
No photon emitted.
No photon emitted.
No photon emitted.
No photon emitted.
No photon emitted.
No photon emitted.
No photon emitted.
No photon emitted.
No photon emitted.
No photon emitted.
No photon emitted.
No photon emitted.
No photon emitted.
No photon emitted.
No photon emitted.
No photon emitted.
No photon emitted.
No photon emitted.
No photon emitted.
No photon emitted.
No photon emitted.
No photon emitted.
No photon emitted.
Photon emitted!
No photon emitted.
Sent data: 0000000021f0bc20, last: 0
No photon emitted.
No photon emitted.
No photon emitted.
No photon emitted.
No photon emitted.
No photon emitted.
No photon emitted.
No photon emitted.
No photon emitted.
No photon emitted.
No photon emitted.
No photon emitted.
No photon emitted.
No photon emitted.
No photon emitted.
No photon emitted.
No photon emitted.
No photon emitted.
No photon emitted.
No photon emitted.
No photon emitted.
No photon emitted.
No photon emitted.
No photon emitted.
No photon emitted.
No photon emitted.
Photon emitted!
Photon emitted!
Sent data: 0000000023b0f64c, last: 0
No photon emitted.
Photon emitted!
Sent data: 0000000023c01963, last: 0
No photon emitted.
Sent data: 0000000023e0b6cd, last: 0
No photon emitted.
No photon emitted.
No photon emitted.
No photon emitted.
No photon emitted.
No photon emitted.
No photon emitted.
No photon emitted.
No photon emitted.
No photon emitted.
No photon emitted.
No photon emitted.
No photon emitted.
No photon emitted.
No photon emitted.
No photon emitted.
No photon emitted.
No photon emitted.
No photon emitted.
No photon emitted.
No photon emitted.
No photon emitted.
No photon emitted.
No photon emitted.
No photon emitted.
No photon emitted.
No photon emitted.
No photon emitted.
No photon emitted.
Photon emitted!
No photon emitted.
Sent data: 0000000025d0291c, last: 0
No photon emitted.
No photon emitted.
No photon emitted.
No photon emitted.
No photon emitted.
No photon emitted.
No photon emitted.
No photon emitted.
Photon emitted!
No photon emitted.
Sent data: 0000000026708e72, last: 0
No photon emitted.
No photon emitted.
No photon emitted.
No photon emitted.
No photon emitted.
No photon emitted.
Photon emitted!
No photon emitted.
Sent data: 0000000026f0bcb4, last: 0
No photon emitted.
No photon emitted.
No photon emitted.
No photon emitted.
No photon emitted.
No photon emitted.
No photon emitted.
Photon emitted!
No photon emitted.
Sent data: 000000002780550a, last: 0
No photon emitted.
No photon emitted.
No photon emitted.
No photon emitted.
No photon emitted.
Photon emitted!
No photon emitted.
Sent data: 0000000027f01564, last: 0
No photon emitted.
No photon emitted.
No photon emitted.
No photon emitted.
No photon emitted.
No photon emitted.
Photon emitted!
Photon emitted!
Sent data: 000000002870b2e6, last: 0
No photon emitted.
No photon emitted.
Sent data: 0000000028805553, last: 0
No photon emitted.
No photon emitted.
No photon emitted.
No photon emitted.
No photon emitted.
No photon emitted.
No photon emitted.
No photon emitted.
Photon emitted!
No photon emitted.
Sent data: 0000000029307d5c, last: 0
No photon emitted.
No photon emitted.
No photon emitted.
No photon emitted.
No photon emitted.
Photon emitted!
No photon emitted.
Sent data: 0000000029a0dcd6, last: 0
No photon emitted.
No photon emitted.
No photon emitted.
No photon emitted.
No photon emitted.
No photon emitted.
No photon emitted.
Photon emitted!
Photon emitted!
Sent data: 000000002a30904a, last: 0
No photon emitted.
No photon emitted.
Sent data: 000000002a40a0c7, last: 0
No photon emitted.
Photon emitted!
No photon emitted.
Sent data: 000000002a80ba91, last: 0
No photon emitted.
No photon emitted.
No photon emitted.
No photon emitted.
No photon emitted.
No photon emitted.
No photon emitted.
No photon emitted.
No photon emitted.
No photon emitted.
No photon emitted.
No photon emitted.
No photon emitted.
No photon emitted.
No photon emitted.
No photon emitted.
No photon emitted.
No photon emitted.
No photon emitted.
No photon emitted.
No photon emitted.
No photon emitted.
No photon emitted.
No photon emitted.
No photon emitted.
No photon emitted.
No photon emitted.
No photon emitted.
No photon emitted.
No photon emitted.
No photon emitted.
No photon emitted.
No photon emitted.
No photon emitted.
No photon emitted.
No photon emitted.
No photon emitted.
No photon emitted.
No photon emitted.
No photon emitted.
No photon emitted.
No photon emitted.
No photon emitted.
No photon emitted.
No photon emitted.
No photon emitted.
No photon emitted.
No photon emitted.
No photon emitted.
No photon emitted.
No photon emitted.
No photon emitted.
No photon emitted.
No photon emitted.
No photon emitted.
No photon emitted.
No photon emitted.
No photon emitted.
No photon emitted.
No photon emitted.
No photon emitted.
No photon emitted.
No photon emitted.
No photon emitted.
No photon emitted.
No photon emitted.
No photon emitted.
No photon emitted.
No photon emitted.
No photon emitted.
No photon emitted.
No photon emitted.
No photon emitted.
No photon emitted.
No photon emitted.
No photon emitted.
No photon emitted.
No photon emitted.
No photon emitted.
Photon emitted!
No photon emitted.
Sent data: 000000002f909ac9, last: 0
No photon emitted.
No photon emitted.
Photon emitted!
No photon emitted.
Sent data: 000000002fd09289, last: 0
No photon emitted.
No photon emitted.
No photon emitted.
No photon emitted.
No photon emitted.
No photon emitted.
No photon emitted.
No photon emitted.
No photon emitted.
No photon emitted.
No photon emitted.
No photon emitted.
No photon emitted.
No photon emitted.
No photon emitted.
No photon emitted.
No photon emitted.
No photon emitted.
No photon emitted.
No photon emitted.
No photon emitted.
Photon emitted!
No photon emitted.
Sent data: 0000000031409ae1, last: 0
No photon emitted.
No photon emitted.
No photon emitted.
No photon emitted.
No photon emitted.
No photon emitted.
No photon emitted.
No photon emitted.
No photon emitted.
No photon emitted.
No photon emitted.
No photon emitted.
No photon emitted.
No photon emitted.
No photon emitted.
No photon emitted.
No photon emitted.
No photon emitted.
No photon emitted.
No photon emitted.
No photon emitted.
No photon emitted.
No photon emitted.
No photon emitted.
No photon emitted.
No photon emitted.
No photon emitted.
No photon emitted.
No photon emitted.
No photon emitted.
No photon emitted.
No photon emitted.
Photon emitted!
No photon emitted.
Sent data: 000000003360da65, last: 0
No photon emitted.
Photon emitted!
No photon emitted.
Sent data: 0000000033902db5, last: 0
No photon emitted.
No photon emitted.
No photon emitted.
No photon emitted.
Photon emitted!
No photon emitted.
Sent data: 0000000033f0e42f, last: 0
No photon emitted.
No photon emitted.
No photon emitted.
No photon emitted.
Photon emitted!
No photon emitted.
Sent data: 000000003450fc6d, last: 0
Photon emitted!
Photon emitted!
Sent data: 000000003470ea9b, last: 0
No photon emitted.
No photon emitted.
Sent data: 000000003480aed1, last: 0
No photon emitted.
Photon emitted!
No photon emitted.
Sent data: 0000000034c0f412, last: 0
No photon emitted.
No photon emitted.
No photon emitted.
No photon emitted.
No photon emitted.
No photon emitted.
No photon emitted.
No photon emitted.
No photon emitted.
No photon emitted.
Photon emitted!
No photon emitted.
Sent data: 000000003580c649, last: 0
No photon emitted.
No photon emitted.
No photon emitted.
No photon emitted.
No photon emitted.
No photon emitted.
No photon emitted.
No photon emitted.
No photon emitted.
No photon emitted.
No photon emitted.
Photon emitted!
No photon emitted.
Sent data: 000000003650b4e1, last: 0
Photon emitted!
No photon emitted.
Sent data: 0000000036707d5d, last: 0
No photon emitted.
No photon emitted.
No photon emitted.
No photon emitted.
No photon emitted.
No photon emitted.
No photon emitted.
No photon emitted.
No photon emitted.
Photon emitted!
No photon emitted.
Sent data: 0000000037206d94, last: 0
No photon emitted.
No photon emitted.
No photon emitted.
No photon emitted.
No photon emitted.
No photon emitted.
No photon emitted.
No photon emitted.
No photon emitted.
Photon emitted!
No photon emitted.
Sent data: 0000000037d03146, last: 0
Photon emitted!
Photon emitted!
Sent data: 0000000037f0478c, last: 0
No photon emitted.
No photon emitted.
Sent data: 000000003800b2c2, last: 0
No photon emitted.
No photon emitted.
No photon emitted.
No photon emitted.
No photon emitted.
No photon emitted.
No photon emitted.
No photon emitted.
No photon emitted.
No photon emitted.
No photon emitted.
Photon emitted!
No photon emitted.
Sent data: 0000000038e03b64, last: 0
No photon emitted.
No photon emitted.
Photon emitted!
No photon emitted.
Sent data: 000000003920b8e0, last: 0
No photon emitted.
No photon emitted.
No photon emitted.
No photon emitted.
No photon emitted.
No photon emitted.
No photon emitted.
No photon emitted.
No photon emitted.
No photon emitted.
No photon emitted.
No photon emitted.
No photon emitted.
No photon emitted.
No photon emitted.
No photon emitted.
No photon emitted.
No photon emitted.
No photon emitted.
No photon emitted.
No photon emitted.
No photon emitted.
No photon emitted.
No photon emitted.
No photon emitted.
No photon emitted.
No photon emitted.
No photon emitted.
No photon emitted.
No photon emitted.
No photon emitted.
No photon emitted.
No photon emitted.
No photon emitted.
Photon emitted!
No photon emitted.
Sent data: 000000003b60ead2, last: 0
No photon emitted.
No photon emitted.
No photon emitted.
No photon emitted.
No photon emitted.
No photon emitted.
No photon emitted.
No photon emitted.
No photon emitted.
No photon emitted.
No photon emitted.
No photon emitted.
No photon emitted.
No photon emitted.
No photon emitted.
No photon emitted.
No photon emitted.
Photon emitted!
No photon emitted.
Sent data: 000000003c90ac50, last: 0
No photon emitted.
No photon emitted.
No photon emitted.
No photon emitted.
No photon emitted.
No photon emitted.
No photon emitted.
No photon emitted.
No photon emitted.
No photon emitted.
Photon emitted!
No photon emitted.
Sent data: 000000003d50880f, last: 0
No photon emitted.
No photon emitted.
No photon emitted.
No photon emitted.
No photon emitted.
No photon emitted.
No photon emitted.
No photon emitted.
No photon emitted.
No photon emitted.
Photon emitted!
No photon emitted.
Sent data: 000000003e109a2b, last: 0
No photon emitted.
No photon emitted.
No photon emitted.
No photon emitted.
No photon emitted.
No photon emitted.
No photon emitted.
No photon emitted.
No photon emitted.
No photon emitted.
No photon emitted.
No photon emitted.
No photon emitted.
No photon emitted.
Photon emitted!
No photon emitted.
Sent data: 000000003f102d88, last: 0
No photon emitted.
No photon emitted.
No photon emitted.
No photon emitted.
No photon emitted.
No photon emitted.
No photon emitted.
No photon emitted.
No photon emitted.
No photon emitted.
No photon emitted.
No photon emitted.
No photon emitted.
No photon emitted.
No photon emitted.
No photon emitted.
No photon emitted.
No photon emitted.
No photon emitted.
No photon emitted.
No photon emitted.
No photon emitted.
No photon emitted.
No photon emitted.
Photon emitted!
No photon emitted.
Sent data: 0000000000b086c9, last: 0
No photon emitted.
No photon emitted.
No photon emitted.
No photon emitted.
No photon emitted.
No photon emitted.
No photon emitted.
No photon emitted.
No photon emitted.
No photon emitted.
No photon emitted.
No photon emitted.
No photon emitted.
No photon emitted.
No photon emitted.
No photon emitted.
No photon emitted.
No photon emitted.
No photon emitted.
No photon emitted.
No photon emitted.
No photon emitted.
No photon emitted.
No photon emitted.
No photon emitted.
No photon emitted.
No photon emitted.
No photon emitted.
No photon emitted.
No photon emitted.
No photon emitted.
No photon emitted.
No photon emitted.
No photon emitted.
No photon emitted.
No photon emitted.
No photon emitted.
No photon emitted.
No photon emitted.
No photon emitted.
No photon emitted.
No photon emitted.
No photon emitted.
No photon emitted.
No photon emitted.
No photon emitted.
No photon emitted.
No photon emitted.
Photon emitted!
No photon emitted.
Sent data: 0000000003d0433b, last: 0
No photon emitted.
Photon emitted!
No photon emitted.
Sent data: 000000000400d20b, last: 0
No photon emitted.
No photon emitted.
No photon emitted.
No photon emitted.
No photon emitted.
No photon emitted.
No photon emitted.
No photon emitted.
No photon emitted.
No photon emitted.
No photon emitted.
No photon emitted.
No photon emitted.
No photon emitted.
No photon emitted.
No photon emitted.
No photon emitted.
No photon emitted.
No photon emitted.
No photon emitted.
No photon emitted.
No photon emitted.
No photon emitted.
No photon emitted.
No photon emitted.
No photon emitted.
No photon emitted.
No photon emitted.
No photon emitted.
No photon emitted.
No photon emitted.
No photon emitted.
No photon emitted.
Photon emitted!
No photon emitted.
Sent data: 000000000630da0e, last: 0
No photon emitted.
Photon emitted!
No photon emitted.
Sent data: 0000000006601b75, last: 0
No photon emitted.
No photon emitted.
No photon emitted.
No photon emitted.
No photon emitted.
No photon emitted.
No photon emitted.
No photon emitted.
No photon emitted.
Photon emitted!
No photon emitted.
Sent data: 00000000071017df, last: 0
No photon emitted.
No photon emitted.
No photon emitted.
No photon emitted.
No photon emitted.
No photon emitted.
No photon emitted.
Photon emitted!
No photon emitted.
Sent data: 0000000007a01d14, last: 0
No photon emitted.
Photon emitted!
No photon emitted.
Sent data: 0000000007d07f72, last: 0
No photon emitted.
No photon emitted.
Photon emitted!
No photon emitted.
Sent data: 00000000081009f6, last: 0
Photon emitted!
No photon emitted.
Sent data: 0000000008306f5e, last: 0
No photon emitted.
No photon emitted.
No photon emitted.
No photon emitted.
No photon emitted.
No photon emitted.
No photon emitted.
No photon emitted.
No photon emitted.
No photon emitted.
No photon emitted.
No photon emitted.
No photon emitted.
No photon emitted.
No photon emitted.
No photon emitted.
No photon emitted.
No photon emitted.
No photon emitted.
No photon emitted.
No photon emitted.
No photon emitted.
Photon emitted!
No photon emitted.
Sent data: 0000000009b07319, last: 0
No photon emitted.
Photon emitted!
No photon emitted.
Sent data: 0000000009e0e66d, last: 0
No photon emitted.
Photon emitted!
No photon emitted.
Sent data: 000000000a10298f, last: 0
No photon emitted.
No photon emitted.
No photon emitted.
No photon emitted.
No photon emitted.
No photon emitted.
No photon emitted.
No photon emitted.
No photon emitted.
No photon emitted.
No photon emitted.
No photon emitted.
No photon emitted.
No photon emitted.
No photon emitted.
No photon emitted.
No photon emitted.
No photon emitted.
No photon emitted.
Photon emitted!
Photon emitted!
Sent data: 000000000b60f6ca, last: 0
No photon emitted.
No photon emitted.
Sent data: 000000000b7015e0, last: 0
No photon emitted.
No photon emitted.
Photon emitted!
No photon emitted.
Sent data: 000000000bc01d48, last: 0
No photon emitted.
No photon emitted.
No photon emitted.
No photon emitted.
No photon emitted.
No photon emitted.
No photon emitted.
No photon emitted.
Photon emitted!
No photon emitted.
Sent data: 000000000c60981f, last: 0
No photon emitted.
Photon emitted!
Photon emitted!
Sent data: 000000000c901d35, last: 0
No photon emitted.
Sent data: 000000000ca07bf3, last: 0
No photon emitted.
No photon emitted.
No photon emitted.
No photon emitted.
No photon emitted.
No photon emitted.
No photon emitted.
No photon emitted.
No photon emitted.
No photon emitted.
Photon emitted!
No photon emitted.
Sent data: 000000000d606d4f, last: 0
No photon emitted.
No photon emitted.
No photon emitted.
No photon emitted.
No photon emitted.
No photon emitted.
No photon emitted.
No photon emitted.
No photon emitted.
No photon emitted.
No photon emitted.
No photon emitted.
No photon emitted.
No photon emitted.
No photon emitted.
Photon emitted!
No photon emitted.
Sent data: 000000000e70b484, last: 0
No photon emitted.
No photon emitted.
No photon emitted.
No photon emitted.
No photon emitted.
No photon emitted.
No photon emitted.
Photon emitted!
No photon emitted.
Sent data: 000000000f000b64, last: 0
Photon emitted!
Photon emitted!
Sent data: 000000000f2063fc, last: 0
No photon emitted.
No photon emitted.
Sent data: 000000000f3065da, last: 0
No photon emitted.
No photon emitted.
No photon emitted.
No photon emitted.
No photon emitted.
No photon emitted.
No photon emitted.
No photon emitted.
No photon emitted.
No photon emitted.
No photon emitted.
No photon emitted.
No photon emitted.
No photon emitted.
No photon emitted.
No photon emitted.
No photon emitted.
No photon emitted.
No photon emitted.
No photon emitted.
Photon emitted!
Photon emitted!
Sent data: 0000000010a0199a, last: 0
No photon emitted.
No photon emitted.
Sent data: 0000000010b0aeb9, last: 0
No photon emitted.
No photon emitted.
No photon emitted.
No photon emitted.
No photon emitted.
Photon emitted!
No photon emitted.
Sent data: 000000001130c8b9, last: 0
Photon emitted!
No photon emitted.
Sent data: 000000001150ce8d, last: 0
Photon emitted!
No photon emitted.
Sent data: 000000001170a094, last: 0
No photon emitted.
No photon emitted.
No photon emitted.
No photon emitted.
No photon emitted.
No photon emitted.
No photon emitted.
No photon emitted.
No photon emitted.
No photon emitted.
No photon emitted.
No photon emitted.
No photon emitted.
No photon emitted.
No photon emitted.
No photon emitted.
No photon emitted.
No photon emitted.
No photon emitted.
No photon emitted.
No photon emitted.
No photon emitted.
No photon emitted.
No photon emitted.
No photon emitted.
No photon emitted.
No photon emitted.
Photon emitted!
No photon emitted.
Sent data: 000000001340b2b0, last: 0
No photon emitted.
Photon emitted!
No photon emitted.
Sent data: 000000001370e8e9, last: 0
No photon emitted.
No photon emitted.
Photon emitted!
Photon emitted!
Sent data: 0000000013b037e9, last: 0
No photon emitted.
Photon emitted!
Sent data: 0000000013c0e8e0, last: 0
No photon emitted.
Sent data: 0000000013e003c8, last: 0
Photon emitted!
No photon emitted.
Sent data: 000000001400be39, last: 0
No photon emitted.
No photon emitted.
No photon emitted.
No photon emitted.
No photon emitted.
No photon emitted.
Photon emitted!
Photon emitted!
Sent data: 000000001480eabe, last: 0
No photon emitted.
Sent data: 0000000014904b5f, last: 0
No photon emitted.
No photon emitted.
Photon emitted!
No photon emitted.
Sent data: 0000000014d0cc25, last: 0
No photon emitted.
Photon emitted!
No photon emitted.
Sent data: 00000000150007a4, last: 0
No photon emitted.
No photon emitted.
No photon emitted.
No photon emitted.
No photon emitted.
No photon emitted.
No photon emitted.
No photon emitted.
No photon emitted.
No photon emitted.
No photon emitted.
No photon emitted.
No photon emitted.
No photon emitted.
No photon emitted.
No photon emitted.
No photon emitted.
No photon emitted.
No photon emitted.
No photon emitted.
No photon emitted.
No photon emitted.
No photon emitted.
Photon emitted!
No photon emitted.
Sent data: 000000001690f49f, last: 0
No photon emitted.
No photon emitted.
No photon emitted.
No photon emitted.
No photon emitted.
Photon emitted!
No photon emitted.
Sent data: 000000001700e60a, last: 0
No photon emitted.
No photon emitted.
No photon emitted.
No photon emitted.
No photon emitted.
No photon emitted.
No photon emitted.
No photon emitted.
Photon emitted!
No photon emitted.
Sent data: 0000000017a07bd8, last: 0
No photon emitted.
No photon emitted.
No photon emitted.
Photon emitted!
No photon emitted.
Sent data: 0000000017f03d41, last: 0
No photon emitted.
No photon emitted.
No photon emitted.
No photon emitted.
No photon emitted.
No photon emitted.
No photon emitted.
No photon emitted.
No photon emitted.
No photon emitted.
No photon emitted.
No photon emitted.
Photon emitted!
No photon emitted.
Sent data: 0000000018d0a2e6, last: 0
No photon emitted.
No photon emitted.
No photon emitted.
No photon emitted.
Photon emitted!
No photon emitted.
Sent data: 00000000193094de, last: 0
No photon emitted.
No photon emitted.
No photon emitted.
No photon emitted.
Photon emitted!
No photon emitted.
Sent data: 000000001990ba0d, last: 0
No photon emitted.
No photon emitted.
Photon emitted!
No photon emitted.
Sent data: 0000000019d09aed, last: 0
No photon emitted.
No photon emitted.
No photon emitted.
No photon emitted.
No photon emitted.
No photon emitted.
No photon emitted.
No photon emitted.
No photon emitted.
No photon emitted.
No photon emitted.
No photon emitted.
No photon emitted.
No photon emitted.
Photon emitted!
No photon emitted.
Sent data: 000000001ad07f6d, last: 0
No photon emitted.
No photon emitted.
No photon emitted.
No photon emitted.
No photon emitted.
No photon emitted.
No photon emitted.
No photon emitted.
No photon emitted.
Photon emitted!
No photon emitted.
Sent data: 000000001b80f230, last: 0
No photon emitted.
No photon emitted.
No photon emitted.
No photon emitted.
No photon emitted.
No photon emitted.
No photon emitted.
No photon emitted.
No photon emitted.
No photon emitted.
No photon emitted.
No photon emitted.
No photon emitted.
No photon emitted.
No photon emitted.
No photon emitted.
No photon emitted.
No photon emitted.
No photon emitted.
Photon emitted!
Photon emitted!
Sent data: 000000001cd0f40b, last: 0
No photon emitted.
Sent data: 000000001ce09edb, last: 0
No photon emitted.
No photon emitted.
No photon emitted.
No photon emitted.
No photon emitted.
No photon emitted.
No photon emitted.
No photon emitted.
No photon emitted.
No photon emitted.
No photon emitted.
No photon emitted.
Photon emitted!
No photon emitted.
Sent data: 000000001dc05581, last: 0
No photon emitted.
No photon emitted.
No photon emitted.
No photon emitted.
Photon emitted!
No photon emitted.
Sent data: 000000001e20dc2a, last: 0
No photon emitted.
No photon emitted.
No photon emitted.
No photon emitted.
No photon emitted.
Photon emitted!
No photon emitted.
Sent data: 000000001e90da4d, last: 0
No photon emitted.
No photon emitted.
No photon emitted.
No photon emitted.
No photon emitted.
No photon emitted.
No photon emitted.
No photon emitted.
No photon emitted.
No photon emitted.
No photon emitted.
No photon emitted.
No photon emitted.
No photon emitted.
No photon emitted.
No photon emitted.
Photon emitted!
No photon emitted.
Sent data: 000000001fb0866e, last: 0
No photon emitted.
No photon emitted.
No photon emitted.
No photon emitted.
No photon emitted.
No photon emitted.
No photon emitted.
No photon emitted.
No photon emitted.
No photon emitted.
No photon emitted.
No photon emitted.
No photon emitted.
No photon emitted.
No photon emitted.
No photon emitted.
No photon emitted.
No photon emitted.
No photon emitted.
No photon emitted.
No photon emitted.
No photon emitted.
No photon emitted.
Photon emitted!
No photon emitted.
Sent data: 0000000021403143, last: 0
No photon emitted.
No photon emitted.
No photon emitted.
No photon emitted.
No photon emitted.
No photon emitted.
No photon emitted.
No photon emitted.
Photon emitted!
No photon emitted.
Sent data: 0000000021e0eea8, last: 0
No photon emitted.
No photon emitted.
No photon emitted.
No photon emitted.
No photon emitted.
No photon emitted.
Photon emitted!
No photon emitted.
Sent data: 00000000226053a0, last: 0
No photon emitted.
No photon emitted.
No photon emitted.
Photon emitted!
No photon emitted.
Sent data: 0000000022b04b63, last: 0
Photon emitted!
No photon emitted.
Sent data: 0000000022d0e0eb, last: 0
No photon emitted.
No photon emitted.
No photon emitted.
Photon emitted!
No photon emitted.
Sent data: 000000002320842e, last: 0
No photon emitted.
No photon emitted.
No photon emitted.
No photon emitted.
No photon emitted.
Photon emitted!
No photon emitted.
Sent data: 0000000023900d85, last: 0
No photon emitted.
No photon emitted.
No photon emitted.
No photon emitted.
No photon emitted.
No photon emitted.
No photon emitted.
No photon emitted.
No photon emitted.
No photon emitted.
No photon emitted.
No photon emitted.
No photon emitted.
No photon emitted.
No photon emitted.
No photon emitted.
No photon emitted.
No photon emitted.
No photon emitted.
No photon emitted.
No photon emitted.
No photon emitted.
No photon emitted.
No photon emitted.
No photon emitted.
No photon emitted.
No photon emitted.
No photon emitted.
No photon emitted.
No photon emitted.
No photon emitted.
No photon emitted.
No photon emitted.
No photon emitted.
No photon emitted.
No photon emitted.
No photon emitted.
No photon emitted.
No photon emitted.
No photon emitted.
No photon emitted.
No photon emitted.
No photon emitted.
No photon emitted.
No photon emitted.
Photon emitted!
No photon emitted.
Sent data: 000000002680a8c1, last: 0
No photon emitted.
No photon emitted.
No photon emitted.
No photon emitted.
No photon emitted.
No photon emitted.
No photon emitted.
No photon emitted.
No photon emitted.
No photon emitted.
No photon emitted.
No photon emitted.
No photon emitted.
No photon emitted.
No photon emitted.
No photon emitted.
No photon emitted.
No photon emitted.
No photon emitted.
No photon emitted.
Photon emitted!
No photon emitted.
Sent data: 0000000027e0712d, last: 0
No photon emitted.
No photon emitted.
No photon emitted.
No photon emitted.
No photon emitted.
No photon emitted.
No photon emitted.
No photon emitted.
No photon emitted.
No photon emitted.
No photon emitted.
No photon emitted.
No photon emitted.
No photon emitted.
No photon emitted.
No photon emitted.
No photon emitted.
No photon emitted.
Photon emitted!
No photon emitted.
Sent data: 000000002920ba28, last: 0
No photon emitted.
No photon emitted.
No photon emitted.
No photon emitted.
No photon emitted.
No photon emitted.
Photon emitted!
Photon emitted!
Sent data: 0000000029a0f2c9, last: 0
Photon emitted!
No photon emitted.
Sent data: 0000000029b09c7c, last: 0
No photon emitted.
Sent data: 0000000029c02b2e, last: 0
No photon emitted.
No photon emitted.
No photon emitted.
No photon emitted.
Photon emitted!
No photon emitted.
Sent data: 000000002a30ea38, last: 0
No photon emitted.
No photon emitted.
Photon emitted!
No photon emitted.
Sent data: 000000002a70b293, last: 0
No photon emitted.
No photon emitted.
No photon emitted.
No photon emitted.
No photon emitted.
No photon emitted.
No photon emitted.
No photon emitted.
Photon emitted!
Photon emitted!
Sent data: 000000002b10e058, last: 0
No photon emitted.
Sent data: 000000002b209a4d, last: 0
No photon emitted.
No photon emitted.
No photon emitted.
No photon emitted.
No photon emitted.
No photon emitted.
No photon emitted.
No photon emitted.
No photon emitted.
No photon emitted.
No photon emitted.
No photon emitted.
No photon emitted.
No photon emitted.
No photon emitted.
No photon emitted.
No photon emitted.
No photon emitted.
No photon emitted.
No photon emitted.
No photon emitted.
No photon emitted.
No photon emitted.
No photon emitted.
No photon emitted.
No photon emitted.
No photon emitted.
No photon emitted.
No photon emitted.
No photon emitted.
Photon emitted!
No photon emitted.
Sent data: 000000002d2035bf, last: 0
No photon emitted.
No photon emitted.
No photon emitted.
No photon emitted.
No photon emitted.
No photon emitted.
No photon emitted.
No photon emitted.
No photon emitted.
No photon emitted.
No photon emitted.
No photon emitted.
No photon emitted.
No photon emitted.
No photon emitted.
No photon emitted.
No photon emitted.
No photon emitted.
No photon emitted.
No photon emitted.
No photon emitted.
No photon emitted.
No photon emitted.
No photon emitted.
No photon emitted.
No photon emitted.
No photon emitted.
Photon emitted!
No photon emitted.
Sent data: 000000002ef037d9, last: 0
No photon emitted.
No photon emitted.
No photon emitted.
No photon emitted.
No photon emitted.
No photon emitted.
No photon emitted.
No photon emitted.
No photon emitted.
No photon emitted.
No photon emitted.
No photon emitted.
No photon emitted.
No photon emitted.
No photon emitted.
No photon emitted.
No photon emitted.
No photon emitted.
No photon emitted.
No photon emitted.
No photon emitted.
No photon emitted.
No photon emitted.
No photon emitted.
No photon emitted.
No photon emitted.
No photon emitted.
Photon emitted!
No photon emitted.
Sent data: 0000000030c075e9, last: 0
No photon emitted.
No photon emitted.
No photon emitted.
No photon emitted.
No photon emitted.
No photon emitted.
No photon emitted.
No photon emitted.
No photon emitted.
No photon emitted.
No photon emitted.
No photon emitted.
No photon emitted.
No photon emitted.
No photon emitted.
Photon emitted!
No photon emitted.
Sent data: 0000000031d00d2b, last: 0
Photon emitted!
No photon emitted.
Sent data: 0000000031f0f063, last: 0
No photon emitted.
No photon emitted.
No photon emitted.
No photon emitted.
Photon emitted!
Photon emitted!
Sent data: 000000003250ac76, last: 0
No photon emitted.
Sent data: 0000000032601343, last: 0
No photon emitted.
No photon emitted.
No photon emitted.
No photon emitted.
No photon emitted.
No photon emitted.
No photon emitted.
No photon emitted.
No photon emitted.
No photon emitted.
No photon emitted.
No photon emitted.
No photon emitted.
No photon emitted.
No photon emitted.
No photon emitted.
No photon emitted.
No photon emitted.
No photon emitted.
No photon emitted.
No photon emitted.
No photon emitted.
No photon emitted.
No photon emitted.
No photon emitted.
No photon emitted.
No photon emitted.
No photon emitted.
No photon emitted.
No photon emitted.
No photon emitted.
No photon emitted.
No photon emitted.
No photon emitted.
No photon emitted.
No photon emitted.
No photon emitted.
No photon emitted.
Photon emitted!
No photon emitted.
Sent data: 0000000034e00f36, last: 0
No photon emitted.
No photon emitted.
No photon emitted.
No photon emitted.
No photon emitted.
No photon emitted.
No photon emitted.
No photon emitted.
No photon emitted.
No photon emitted.
No photon emitted.
No photon emitted.
No photon emitted.
No photon emitted.
No photon emitted.
No photon emitted.
Photon emitted!
No photon emitted.
Sent data: 0000000036003dbb, last: 0
No photon emitted.
No photon emitted.
No photon emitted.
No photon emitted.
No photon emitted.
No photon emitted.
No photon emitted.
No photon emitted.
No photon emitted.
No photon emitted.
No photon emitted.
No photon emitted.
No photon emitted.
Photon emitted!
No photon emitted.
Sent data: 0000000036f0fedc, last: 0
No photon emitted.
No photon emitted.
No photon emitted.
No photon emitted.
No photon emitted.
No photon emitted.
No photon emitted.
No photon emitted.
No photon emitted.
No photon emitted.
No photon emitted.
No photon emitted.
No photon emitted.
No photon emitted.
No photon emitted.
No photon emitted.
No photon emitted.
No photon emitted.
No photon emitted.
No photon emitted.
Photon emitted!
No photon emitted.
Sent data: 0000000038503541, last: 0
No photon emitted.
No photon emitted.
No photon emitted.
Photon emitted!
No photon emitted.
Sent data: 0000000038a06b27, last: 0
No photon emitted.
No photon emitted.
Photon emitted!
No photon emitted.
Sent data: 0000000038e075ec, last: 0
No photon emitted.
No photon emitted.
No photon emitted.
No photon emitted.
No photon emitted.
No photon emitted.
No photon emitted.
No photon emitted.
No photon emitted.
No photon emitted.
No photon emitted.
No photon emitted.
No photon emitted.
No photon emitted.
No photon emitted.
No photon emitted.
No photon emitted.
No photon emitted.
No photon emitted.
No photon emitted.
No photon emitted.
No photon emitted.
No photon emitted.
No photon emitted.
No photon emitted.
No photon emitted.
No photon emitted.
Photon emitted!
No photon emitted.
Sent data: 000000003ab0d894, last: 0
No photon emitted.
No photon emitted.
No photon emitted.
No photon emitted.
No photon emitted.
No photon emitted.
No photon emitted.
Photon emitted!
No photon emitted.
Sent data: 000000003b4019da, last: 0
No photon emitted.
Photon emitted!
No photon emitted.
Sent data: 000000003b70aea9, last: 0
Photon emitted!
No photon emitted.
Sent data: 000000003b90b462, last: 0
No photon emitted.
No photon emitted.
No photon emitted.
No photon emitted.
No photon emitted.
No photon emitted.
No photon emitted.
No photon emitted.
Photon emitted!
No photon emitted.
Sent data: 000000003c302789, last: 0
No photon emitted.
No photon emitted.
No photon emitted.
No photon emitted.
No photon emitted.
No photon emitted.
No photon emitted.
No photon emitted.
No photon emitted.
No photon emitted.
No photon emitted.
No photon emitted.
No photon emitted.
No photon emitted.
No photon emitted.
No photon emitted.
Photon emitted!
No photon emitted.
Sent data: 000000003d50ba8b, last: 0
No photon emitted.
Photon emitted!
Photon emitted!
Sent data: 000000003d80a4b3, last: 0
No photon emitted.
Sent data: 000000003d90595d, last: 0
No photon emitted.
No photon emitted.
No photon emitted.
No photon emitted.
No photon emitted.
No photon emitted.
No photon emitted.
No photon emitted.
No photon emitted.
No photon emitted.
No photon emitted.
No photon emitted.
No photon emitted.
No photon emitted.
No photon emitted.
No photon emitted.
No photon emitted.
No photon emitted.
No photon emitted.
No photon emitted.
No photon emitted.
No photon emitted.
No photon emitted.
No photon emitted.
No photon emitted.
Photon emitted!
No photon emitted.
Sent data: 000000003f401758, last: 0
No photon emitted.
No photon emitted.
No photon emitted.
Photon emitted!
No photon emitted.
Sent data: 000000003f90d63f, last: 0
No photon emitted.
Photon emitted!
Sent data: 000000003fc05bad, last: 0
No photon emitted.
No photon emitted.
No photon emitted.
No photon emitted.
Photon emitted!
No photon emitted.
Sent data: 000000000010fc94, last: 0
No photon emitted.
No photon emitted.
No photon emitted.
No photon emitted.
No photon emitted.
No photon emitted.
No photon emitted.
No photon emitted.
No photon emitted.
No photon emitted.
No photon emitted.
No photon emitted.
No photon emitted.
No photon emitted.
No photon emitted.
No photon emitted.
No photon emitted.
No photon emitted.
No photon emitted.
No photon emitted.
No photon emitted.
No photon emitted.
No photon emitted.
No photon emitted.
No photon emitted.
No photon emitted.
No photon emitted.
No photon emitted.
No photon emitted.
No photon emitted.
No photon emitted.
No photon emitted.
No photon emitted.
No photon emitted.
No photon emitted.
No photon emitted.
No photon emitted.
No photon emitted.
No photon emitted.
Photon emitted!
No photon emitted.
Sent data: 0000000002a01592, last: 0
No photon emitted.
No photon emitted.
No photon emitted.
No photon emitted.
No photon emitted.
No photon emitted.
No photon emitted.
Photon emitted!
No photon emitted.
Sent data: 00000000033069b2, last: 0
No photon emitted.
No photon emitted.
No photon emitted.
No photon emitted.
No photon emitted.
Photon emitted!
No photon emitted.
Sent data: 0000000003a019fb, last: 0
No photon emitted.
No photon emitted.
Photon emitted!
No photon emitted.
Sent data: 0000000003e0fa9b, last: 0
No photon emitted.
No photon emitted.
Photon emitted!
No photon emitted.
Sent data: 0000000004204939, last: 0
No photon emitted.
No photon emitted.
No photon emitted.
No photon emitted.
No photon emitted.
No photon emitted.
No photon emitted.
No photon emitted.
No photon emitted.
No photon emitted.
No photon emitted.
No photon emitted.
No photon emitted.
No photon emitted.
No photon emitted.
No photon emitted.
No photon emitted.
No photon emitted.
No photon emitted.
No photon emitted.
No photon emitted.
No photon emitted.
No photon emitted.
No photon emitted.
No photon emitted.
No photon emitted.
No photon emitted.
No photon emitted.
Photon emitted!
No photon emitted.
Sent data: 000000000600acc9, last: 0
No photon emitted.
Photon emitted!
Photon emitted!
Sent data: 0000000006306f0a, last: 0
Photon emitted!
No photon emitted.
Sent data: 000000000640f249, last: 0
No photon emitted.
Sent data: 000000000650235b, last: 0
Photon emitted!
No photon emitted.
Sent data: 0000000006809cd9, last: 0
No photon emitted.
No photon emitted.
No photon emitted.
No photon emitted.
No photon emitted.
No photon emitted.
No photon emitted.
Photon emitted!
No photon emitted.
Sent data: 000000000710a86d, last: 0
No photon emitted.
No photon emitted.
No photon emitted.
No photon emitted.
No photon emitted.
No photon emitted.
No photon emitted.
No photon emitted.
Photon emitted!
No photon emitted.
Sent data: 0000000007b0bcd9, last: 0
No photon emitted.
No photon emitted.
No photon emitted.
No photon emitted.
No photon emitted.
No photon emitted.
No photon emitted.
No photon emitted.
No photon emitted.
No photon emitted.
No photon emitted.
No photon emitted.
No photon emitted.
Photon emitted!
No photon emitted.
Sent data: 0000000008a0ce1b, last: 0
No photon emitted.
No photon emitted.
No photon emitted.
Photon emitted!
No photon emitted.
Sent data: 0000000008f0794a, last: 0
No photon emitted.
No photon emitted.
No photon emitted.
No photon emitted.
No photon emitted.
No photon emitted.
No photon emitted.
No photon emitted.
Photon emitted!
No photon emitted.
Sent data: 000000000990d029, last: 0
Photon emitted!
No photon emitted.
Sent data: 0000000009b0f6f3, last: 0
No photon emitted.
No photon emitted.
No photon emitted.
No photon emitted.
No photon emitted.
No photon emitted.
No photon emitted.
No photon emitted.
No photon emitted.
No photon emitted.
No photon emitted.
No photon emitted.
No photon emitted.
No photon emitted.
No photon emitted.
No photon emitted.
No photon emitted.
No photon emitted.
No photon emitted.
No photon emitted.
Photon emitted!
No photon emitted.
Sent data: 000000000b103709, last: 0
No photon emitted.
No photon emitted.
No photon emitted.
No photon emitted.
No photon emitted.
No photon emitted.
No photon emitted.
No photon emitted.
No photon emitted.
No photon emitted.
No photon emitted.
No photon emitted.
No photon emitted.
No photon emitted.
Photon emitted!
No photon emitted.
Sent data: 000000000c10399a, last: 0
No photon emitted.
No photon emitted.
Photon emitted!
No photon emitted.
Sent data: 000000000c50b2c8, last: 0
No photon emitted.
No photon emitted.
No photon emitted.
No photon emitted.
No photon emitted.
No photon emitted.
No photon emitted.
No photon emitted.
No photon emitted.
No photon emitted.
No photon emitted.
No photon emitted.
No photon emitted.
No photon emitted.
No photon emitted.
No photon emitted.
No photon emitted.
No photon emitted.
No photon emitted.
No photon emitted.
No photon emitted.
No photon emitted.
No photon emitted.
No photon emitted.
No photon emitted.
No photon emitted.
No photon emitted.
No photon emitted.
No photon emitted.
No photon emitted.
No photon emitted.
No photon emitted.
No photon emitted.
Photon emitted!
No photon emitted.
Sent data: 000000000e80fc65, last: 0
No photon emitted.
No photon emitted.
No photon emitted.
No photon emitted.
No photon emitted.
No photon emitted.
No photon emitted.
No photon emitted.
No photon emitted.
No photon emitted.
No photon emitted.
No photon emitted.
No photon emitted.
No photon emitted.
No photon emitted.
No photon emitted.
No photon emitted.
No photon emitted.
No photon emitted.
No photon emitted.
No photon emitted.
No photon emitted.
No photon emitted.
No photon emitted.
No photon emitted.
No photon emitted.
No photon emitted.
No photon emitted.
Photon emitted!
No photon emitted.
Sent data: 0000000010600713, last: 0
Photon emitted!
No photon emitted.
Sent data: 0000000010801d35, last: 0
No photon emitted.
No photon emitted.
No photon emitted.
Photon emitted!
No photon emitted.
Sent data: 0000000010d05d48, last: 0
No photon emitted.
No photon emitted.
No photon emitted.
No photon emitted.
No photon emitted.
No photon emitted.
Photon emitted!
No photon emitted.
Sent data: 0000000011506bb7, last: 0
No photon emitted.
No photon emitted.
No photon emitted.
No photon emitted.
No photon emitted.
No photon emitted.
No photon emitted.
No photon emitted.
Photon emitted!
No photon emitted.
Sent data: 0000000011f02df9, last: 0
No photon emitted.
No photon emitted.
No photon emitted.
No photon emitted.
No photon emitted.
No photon emitted.
Photon emitted!
No photon emitted.
Sent data: 0000000012701d15, last: 0
No photon emitted.
No photon emitted.
No photon emitted.
No photon emitted.
No photon emitted.
No photon emitted.
No photon emitted.
No photon emitted.
No photon emitted.
No photon emitted.
No photon emitted.
No photon emitted.
No photon emitted.
Photon emitted!
No photon emitted.
Sent data: 0000000013609882, last: 0
No photon emitted.
No photon emitted.
Photon emitted!
No photon emitted.
Sent data: 0000000013a09c56, last: 0
Photon emitted!
No photon emitted.
Sent data: 0000000013c0d08a, last: 0
No photon emitted.
No photon emitted.
No photon emitted.
No photon emitted.
No photon emitted.
No photon emitted.
Photon emitted!
No photon emitted.
Sent data: 000000001440f6a6, last: 0
No photon emitted.
No photon emitted.
No photon emitted.
No photon emitted.
No photon emitted.
Photon emitted!
No photon emitted.
Sent data: 0000000014b07319, last: 0
No photon emitted.
No photon emitted.
No photon emitted.
No photon emitted.
No photon emitted.
No photon emitted.
No photon emitted.
No photon emitted.
No photon emitted.
No photon emitted.
No photon emitted.
No photon emitted.
No photon emitted.
No photon emitted.
No photon emitted.
No photon emitted.
Photon emitted!
No photon emitted.
Sent data: 0000000015d02f91, last: 0
No photon emitted.
No photon emitted.
Photon emitted!
No photon emitted.
Sent data: 000000001610e490, last: 0
No photon emitted.
No photon emitted.
No photon emitted.
No photon emitted.
No photon emitted.
Photon emitted!
No photon emitted.
Sent data: 000000001680a6ea, last: 0
No photon emitted.
No photon emitted.
No photon emitted.
No photon emitted.
No photon emitted.
No photon emitted.
No photon emitted.
No photon emitted.
No photon emitted.
No photon emitted.
No photon emitted.
Photon emitted!
No photon emitted.
Sent data: 000000001750b898, last: 0
No photon emitted.
No photon emitted.
No photon emitted.
No photon emitted.
No photon emitted.
No photon emitted.
No photon emitted.
No photon emitted.
No photon emitted.
No photon emitted.
No photon emitted.
No photon emitted.
No photon emitted.
No photon emitted.
No photon emitted.
No photon emitted.
No photon emitted.
Photon emitted!
No photon emitted.
Sent data: 000000001880fa1c, last: 0
No photon emitted.
No photon emitted.
No photon emitted.
No photon emitted.
No photon emitted.
No photon emitted.
No photon emitted.
No photon emitted.
No photon emitted.
No photon emitted.
No photon emitted.
No photon emitted.
No photon emitted.
No photon emitted.
No photon emitted.
No photon emitted.
Photon emitted!
No photon emitted.
Sent data: 0000000019a090be, last: 0
No photon emitted.
No photon emitted.
No photon emitted.
No photon emitted.
No photon emitted.
No photon emitted.
No photon emitted.
No photon emitted.
No photon emitted.
No photon emitted.
No photon emitted.
Photon emitted!
No photon emitted.
Sent data: 000000001a70e649, last: 0
No photon emitted.
No photon emitted.
No photon emitted.
Photon emitted!
No photon emitted.
Sent data: 000000001ac075bf, last: 0
No photon emitted.
No photon emitted.
Photon emitted!
No photon emitted.
Sent data: 000000001b002153, last: 0
Photon emitted!
No photon emitted.
Sent data: 000000001b20c070, last: 0
No photon emitted.
No photon emitted.
Photon emitted!
No photon emitted.
Sent data: 000000001b603713, last: 0
No photon emitted.
No photon emitted.
No photon emitted.
No photon emitted.
No photon emitted.
Photon emitted!
No photon emitted.
Sent data: 000000001bd075b6, last: 0
No photon emitted.
No photon emitted.
No photon emitted.
Photon emitted!
No photon emitted.
Sent data: 000000001c20f8f1, last: 0
No photon emitted.
No photon emitted.
No photon emitted.
No photon emitted.
No photon emitted.
No photon emitted.
No photon emitted.
Photon emitted!
No photon emitted.
Sent data: 000000001cb0a0a8, last: 0
No photon emitted.
No photon emitted.
No photon emitted.
No photon emitted.
No photon emitted.
Photon emitted!
Photon emitted!
Sent data: 000000001d20ce21, last: 0
No photon emitted.
No photon emitted.
Sent data: 000000001d304322, last: 0
No photon emitted.
Photon emitted!
No photon emitted.
Sent data: 000000001d70217f, last: 0
No photon emitted.
No photon emitted.
No photon emitted.
No photon emitted.
No photon emitted.
No photon emitted.
Photon emitted!
Photon emitted!
Sent data: 000000001df01f09, last: 0
No photon emitted.
No photon emitted.
Sent data: 000000001e00ae95, last: 0
No photon emitted.
Photon emitted!
No photon emitted.
Sent data: 000000001e402bc3, last: 0
Photon emitted!
No photon emitted.
Sent data: 000000001e607523, last: 0
No photon emitted.
No photon emitted.
No photon emitted.
No photon emitted.
No photon emitted.
No photon emitted.
No photon emitted.
No photon emitted.
No photon emitted.
No photon emitted.
No photon emitted.
No photon emitted.
No photon emitted.
No photon emitted.
No photon emitted.
No photon emitted.
No photon emitted.
No photon emitted.
No photon emitted.
No photon emitted.
No photon emitted.
No photon emitted.
No photon emitted.
No photon emitted.
No photon emitted.
No photon emitted.
No photon emitted.
No photon emitted.
No photon emitted.
No photon emitted.
No photon emitted.
Photon emitted!
No photon emitted.
Sent data: 000000002070653d, last: 0
No photon emitted.
No photon emitted.
No photon emitted.
No photon emitted.
No photon emitted.
No photon emitted.
No photon emitted.
No photon emitted.
No photon emitted.
No photon emitted.
Photon emitted!
No photon emitted.
Sent data: 0000000021300f2d, last: 0
No photon emitted.
No photon emitted.
No photon emitted.
No photon emitted.
No photon emitted.
No photon emitted.
Photon emitted!
No photon emitted.
Sent data: 0000000021b0bab2, last: 0
No photon emitted.
No photon emitted.
No photon emitted.
No photon emitted.
No photon emitted.
No photon emitted.
No photon emitted.
No photon emitted.
Photon emitted!
No photon emitted.
Sent data: 000000002250900d, last: 0
No photon emitted.
No photon emitted.
No photon emitted.
No photon emitted.
No photon emitted.
No photon emitted.
No photon emitted.
No photon emitted.
No photon emitted.
No photon emitted.
No photon emitted.
No photon emitted.
No photon emitted.
No photon emitted.
No photon emitted.
No photon emitted.
No photon emitted.
Photon emitted!
Photon emitted!
Sent data: 000000002380e08e, last: 0
No photon emitted.
Sent data: 0000000023906d1d, last: 0
No photon emitted.
No photon emitted.
No photon emitted.
No photon emitted.
No photon emitted.
No photon emitted.
No photon emitted.
No photon emitted.
No photon emitted.
No photon emitted.
No photon emitted.
No photon emitted.
No photon emitted.
No photon emitted.
No photon emitted.
No photon emitted.
No photon emitted.
No photon emitted.
No photon emitted.
No photon emitted.
No photon emitted.
No photon emitted.
No photon emitted.
Photon emitted!
No photon emitted.
Sent data: 000000002520bccd, last: 0
No photon emitted.
No photon emitted.
No photon emitted.
No photon emitted.
No photon emitted.
No photon emitted.
No photon emitted.
No photon emitted.
No photon emitted.
Photon emitted!
No photon emitted.
Sent data: 0000000025d05147, last: 0
No photon emitted.
No photon emitted.
No photon emitted.
No photon emitted.
No photon emitted.
No photon emitted.
No photon emitted.
No photon emitted.
No photon emitted.
No photon emitted.
No photon emitted.
No photon emitted.
No photon emitted.
Photon emitted!
No photon emitted.
Sent data: 0000000026c03d13, last: 0
No photon emitted.
Photon emitted!
No photon emitted.
Sent data: 0000000026f005f2, last: 0
No photon emitted.
Photon emitted!
No photon emitted.
Sent data: 000000002720bc7c, last: 0
No photon emitted.
No photon emitted.
No photon emitted.
No photon emitted.
No photon emitted.
No photon emitted.
Photon emitted!
No photon emitted.
Sent data: 0000000027a0d005, last: 0
No photon emitted.
No photon emitted.
No photon emitted.
No photon emitted.
No photon emitted.
No photon emitted.
No photon emitted.
No photon emitted.
No photon emitted.
No photon emitted.
No photon emitted.
No photon emitted.
No photon emitted.
Photon emitted!
No photon emitted.
Sent data: 0000000028906547, last: 0
No photon emitted.
No photon emitted.
No photon emitted.
No photon emitted.
Photon emitted!
No photon emitted.
Sent data: 0000000028f05371, last: 0
No photon emitted.
No photon emitted.
No photon emitted.
No photon emitted.
No photon emitted.
No photon emitted.
Photon emitted!
No photon emitted.
Sent data: 0000000029700950, last: 0
No photon emitted.
No photon emitted.
No photon emitted.
No photon emitted.
No photon emitted.
No photon emitted.
No photon emitted.
No photon emitted.
No photon emitted.
No photon emitted.
Photon emitted!
No photon emitted.
Sent data: 000000002a306b49, last: 0
No photon emitted.
No photon emitted.
No photon emitted.
No photon emitted.
No photon emitted.
Photon emitted!
No photon emitted.
Sent data: 000000002aa08660, last: 0
No photon emitted.
No photon emitted.
No photon emitted.
No photon emitted.
No photon emitted.
No photon emitted.
No photon emitted.
No photon emitted.
No photon emitted.
No photon emitted.
No photon emitted.
No photon emitted.
No photon emitted.
No photon emitted.
No photon emitted.
No photon emitted.
No photon emitted.
Photon emitted!
No photon emitted.
Sent data: 000000002bd013e2, last: 0
No photon emitted.
No photon emitted.
No photon emitted.
No photon emitted.
No photon emitted.
No photon emitted.
No photon emitted.
Photon emitted!
No photon emitted.
Sent data: 000000002c602ba8, last: 0
No photon emitted.
No photon emitted.
No photon emitted.
No photon emitted.
No photon emitted.
No photon emitted.
No photon emitted.
No photon emitted.
No photon emitted.
No photon emitted.
No photon emitted.
No photon emitted.
No photon emitted.
No photon emitted.
No photon emitted.
No photon emitted.
No photon emitted.
No photon emitted.
No photon emitted.
No photon emitted.
No photon emitted.
No photon emitted.
No photon emitted.
No photon emitted.
No photon emitted.
No photon emitted.
No photon emitted.
No photon emitted.
No photon emitted.
No photon emitted.
No photon emitted.
No photon emitted.
No photon emitted.
No photon emitted.
No photon emitted.
No photon emitted.
No photon emitted.
No photon emitted.
Photon emitted!
No photon emitted.
Sent data: 000000002ee0befe, last: 0
No photon emitted.
No photon emitted.
No photon emitted.
No photon emitted.
No photon emitted.
No photon emitted.
No photon emitted.
No photon emitted.
No photon emitted.
No photon emitted.
No photon emitted.
No photon emitted.
No photon emitted.
No photon emitted.
No photon emitted.
No photon emitted.
No photon emitted.
No photon emitted.
No photon emitted.
No photon emitted.
No photon emitted.
No photon emitted.
No photon emitted.
No photon emitted.
No photon emitted.
No photon emitted.
No photon emitted.
Photon emitted!
No photon emitted.
Sent data: 0000000030b00d43, last: 0
Photon emitted!
No photon emitted.
Sent data: 0000000030d0bece, last: 0
No photon emitted.
No photon emitted.
No photon emitted.
No photon emitted.
No photon emitted.
Photon emitted!
No photon emitted.
Sent data: 0000000031406fe7, last: 0
No photon emitted.
No photon emitted.
No photon emitted.
Photon emitted!
No photon emitted.
Sent data: 0000000031902555, last: 0
No photon emitted.
No photon emitted.
No photon emitted.
No photon emitted.
Photon emitted!
No photon emitted.
Sent data: 0000000031f02362, last: 0
No photon emitted.
Photon emitted!
No photon emitted.
Sent data: 000000003220179f, last: 0
No photon emitted.
No photon emitted.
No photon emitted.
No photon emitted.
No photon emitted.
No photon emitted.
Photon emitted!
No photon emitted.
Sent data: 0000000032a0e255, last: 0
No photon emitted.
No photon emitted.
No photon emitted.
No photon emitted.
No photon emitted.
Photon emitted!
No photon emitted.
Sent data: 000000003310ba82, last: 0
Photon emitted!
No photon emitted.
Sent data: 000000003330b66d, last: 0
No photon emitted.
No photon emitted.
No photon emitted.
Photon emitted!
No photon emitted.
Sent data: 0000000033801319, last: 0
No photon emitted.
No photon emitted.
No photon emitted.
No photon emitted.
No photon emitted.
No photon emitted.
No photon emitted.
No photon emitted.
No photon emitted.
No photon emitted.
No photon emitted.
No photon emitted.
No photon emitted.
No photon emitted.
No photon emitted.
No photon emitted.
Photon emitted!
No photon emitted.
Sent data: 0000000034a0d251, last: 0
No photon emitted.
No photon emitted.
No photon emitted.
No photon emitted.
No photon emitted.
No photon emitted.
No photon emitted.
Photon emitted!
No photon emitted.
Sent data: 000000003530dcae, last: 0
Photon emitted!
No photon emitted.
Sent data: 000000003550731e, last: 0
No photon emitted.
No photon emitted.
No photon emitted.
No photon emitted.
No photon emitted.
No photon emitted.
No photon emitted.
No photon emitted.
Photon emitted!
No photon emitted.
Sent data: 0000000035f0f027, last: 0
No photon emitted.
No photon emitted.
No photon emitted.
No photon emitted.
No photon emitted.
No photon emitted.
No photon emitted.
No photon emitted.
No photon emitted.
No photon emitted.
No photon emitted.
No photon emitted.
No photon emitted.
Photon emitted!
No photon emitted.
Sent data: 0000000036e0c6d1, last: 0
No photon emitted.
Photon emitted!
No photon emitted.
Sent data: 0000000037102745, last: 0
No photon emitted.
No photon emitted.
No photon emitted.
No photon emitted.
No photon emitted.
No photon emitted.
No photon emitted.
No photon emitted.
No photon emitted.
No photon emitted.
No photon emitted.
No photon emitted.
No photon emitted.
No photon emitted.
No photon emitted.
No photon emitted.
No photon emitted.
Photon emitted!
No photon emitted.
Sent data: 000000003840c4ff, last: 0
No photon emitted.
No photon emitted.
No photon emitted.
No photon emitted.
No photon emitted.
No photon emitted.
No photon emitted.
No photon emitted.
No photon emitted.
No photon emitted.
No photon emitted.
No photon emitted.
No photon emitted.
No photon emitted.
No photon emitted.
No photon emitted.
No photon emitted.
No photon emitted.
No photon emitted.
No photon emitted.
No photon emitted.
No photon emitted.
No photon emitted.
No photon emitted.
No photon emitted.
No photon emitted.
No photon emitted.
No photon emitted.
No photon emitted.
No photon emitted.
No photon emitted.
No photon emitted.
No photon emitted.
No photon emitted.
No photon emitted.
No photon emitted.
No photon emitted.
Photon emitted!
No photon emitted.
Sent data: 000000003ab02ff7, last: 0
No photon emitted.
No photon emitted.
No photon emitted.
No photon emitted.
No photon emitted.
No photon emitted.
No photon emitted.
No photon emitted.
No photon emitted.
No photon emitted.
No photon emitted.
No photon emitted.
No photon emitted.
No photon emitted.
No photon emitted.
No photon emitted.
No photon emitted.
Photon emitted!
Photon emitted!
Sent data: 000000003be00fe2, last: 0
No photon emitted.
Photon emitted!
Sent data: 000000003bf0f457, last: 0
No photon emitted.
Sent data: 000000003c10d685, last: 0
No photon emitted.
No photon emitted.
No photon emitted.
No photon emitted.
No photon emitted.
No photon emitted.
Photon emitted!
No photon emitted.
Sent data: 000000003c9084d7, last: 0
No photon emitted.
No photon emitted.
No photon emitted.
No photon emitted.
No photon emitted.
No photon emitted.
Photon emitted!
No photon emitted.
Sent data: 000000003d10b634, last: 0
No photon emitted.
No photon emitted.
No photon emitted.
No photon emitted.
No photon emitted.
No photon emitted.
No photon emitted.
No photon emitted.
No photon emitted.
No photon emitted.
No photon emitted.
No photon emitted.
No photon emitted.
No photon emitted.
No photon emitted.
Photon emitted!
No photon emitted.
Sent data: 000000003e20e24c, last: 0
No photon emitted.
No photon emitted.
No photon emitted.
No photon emitted.
No photon emitted.
No photon emitted.
Photon emitted!
Photon emitted!
Sent data: 000000003ea09453, last: 0
No photon emitted.
No photon emitted.
Sent data: 000000003eb0eec9, last: 0
No photon emitted.
No photon emitted.
No photon emitted.
No photon emitted.
No photon emitted.
No photon emitted.
No photon emitted.
No photon emitted.
No photon emitted.
No photon emitted.
No photon emitted.
No photon emitted.
No photon emitted.
No photon emitted.
No photon emitted.
No photon emitted.
No photon emitted.
Photon emitted!
No photon emitted.
Sent data: 000000003ff00748, last: 0
No photon emitted.
No photon emitted.
No photon emitted.
No photon emitted.
No photon emitted.
No photon emitted.
No photon emitted.
No photon emitted.
No photon emitted.
Photon emitted!
No photon emitted.
Sent data: 0000000000a04ba3, last: 0
No photon emitted.
Photon emitted!
No photon emitted.
Sent data: 0000000000d02df8, last: 0
No photon emitted.
No photon emitted.
No photon emitted.
No photon emitted.
Photon emitted!
Photon emitted!
Sent data: 000000000130ac54, last: 0
No photon emitted.
No photon emitted.
Sent data: 000000000140905e, last: 0
No photon emitted.
No photon emitted.
No photon emitted.
No photon emitted.
No photon emitted.
No photon emitted.
No photon emitted.
No photon emitted.
No photon emitted.
No photon emitted.
No photon emitted.
No photon emitted.
No photon emitted.
No photon emitted.
No photon emitted.
No photon emitted.
No photon emitted.
No photon emitted.
No photon emitted.
No photon emitted.
Photon emitted!
No photon emitted.
Sent data: 0000000002b04de8, last: 0
No photon emitted.
No photon emitted.
No photon emitted.
Photon emitted!
No photon emitted.
Sent data: 0000000003008816, last: 0
No photon emitted.
No photon emitted.
No photon emitted.
No photon emitted.
No photon emitted.
No photon emitted.
No photon emitted.
No photon emitted.
No photon emitted.
No photon emitted.
No photon emitted.
No photon emitted.
No photon emitted.
No photon emitted.
No photon emitted.
No photon emitted.
No photon emitted.
No photon emitted.
No photon emitted.
No photon emitted.
No photon emitted.
Photon emitted!
No photon emitted.
Sent data: 000000000470397b, last: 0
No photon emitted.
No photon emitted.
No photon emitted.
No photon emitted.
No photon emitted.
No photon emitted.
No photon emitted.
No photon emitted.
Photon emitted!
No photon emitted.
Sent data: 0000000005101bba, last: 0
No photon emitted.
No photon emitted.
No photon emitted.
No photon emitted.
No photon emitted.
No photon emitted.
No photon emitted.
No photon emitted.
Photon emitted!
No photon emitted.
Sent data: 0000000005b0c0a8, last: 0
Photon emitted!
No photon emitted.
Sent data: 0000000005d05527, last: 0
No photon emitted.
No photon emitted.
No photon emitted.
No photon emitted.
No photon emitted.
No photon emitted.
No photon emitted.
Photon emitted!
No photon emitted.
Sent data: 000000000660cc54, last: 0
No photon emitted.
No photon emitted.
No photon emitted.
No photon emitted.
No photon emitted.
No photon emitted.
No photon emitted.
No photon emitted.
No photon emitted.
No photon emitted.
No photon emitted.
No photon emitted.
No photon emitted.
No photon emitted.
No photon emitted.
No photon emitted.
No photon emitted.
No photon emitted.
No photon emitted.
No photon emitted.
No photon emitted.
No photon emitted.
No photon emitted.
No photon emitted.
No photon emitted.
No photon emitted.
No photon emitted.
No photon emitted.
No photon emitted.
No photon emitted.
No photon emitted.
No photon emitted.
No photon emitted.
No photon emitted.
No photon emitted.
Photon emitted!
No photon emitted.
Sent data: 0000000008b03551, last: 0
No photon emitted.
No photon emitted.
No photon emitted.
No photon emitted.
No photon emitted.
No photon emitted.
No photon emitted.
No photon emitted.
No photon emitted.
No photon emitted.
No photon emitted.
No photon emitted.
No photon emitted.
No photon emitted.
No photon emitted.
No photon emitted.
No photon emitted.
No photon emitted.
No photon emitted.
No photon emitted.
No photon emitted.
No photon emitted.
No photon emitted.
No photon emitted.
No photon emitted.
No photon emitted.
No photon emitted.
Photon emitted!
No photon emitted.
Sent data: 000000000a80c493, last: 0
No photon emitted.
No photon emitted.
No photon emitted.
No photon emitted.
No photon emitted.
No photon emitted.
No photon emitted.
No photon emitted.
No photon emitted.
No photon emitted.
No photon emitted.
No photon emitted.
No photon emitted.
No photon emitted.
No photon emitted.
No photon emitted.
No photon emitted.
No photon emitted.
No photon emitted.
No photon emitted.
No photon emitted.
No photon emitted.
No photon emitted.
No photon emitted.
No photon emitted.
No photon emitted.
Photon emitted!
Photon emitted!
Sent data: 000000000c407fde, last: 0
Photon emitted!
Sent data: 000000000c50e843, last: 0
No photon emitted.
No photon emitted.
Sent data: 000000000c602982, last: 0
No photon emitted.
No photon emitted.
No photon emitted.
No photon emitted.
No photon emitted.
Photon emitted!
No photon emitted.
Sent data: 000000000ce0b487, last: 1
No photon emitted.
No photon emitted.
No photon emitted.
No photon emitted.
No photon emitted.
No photon emitted.
No photon emitted.
No photon emitted.
No photon emitted.
No photon emitted.
No photon emitted.
No photon emitted.
No photon emitted.
No photon emitted.
No photon emitted.
No photon emitted.
No photon emitted.
No photon emitted.
No photon emitted.
No photon emitted.
No photon emitted.
No photon emitted.
No photon emitted.
No photon emitted.
Photon emitted!
No photon emitted.
Sent data: 000000000e803359, last: 0
No photon emitted.
No photon emitted.
No photon emitted.
No photon emitted.
No photon emitted.
No photon emitted.
No photon emitted.
No photon emitted.
No photon emitted.
No photon emitted.
No photon emitted.
No photon emitted.
No photon emitted.
Photon emitted!
No photon emitted.
Sent data: 000000000f70c440, last: 0
No photon emitted.
No photon emitted.
No photon emitted.
Photon emitted!
No photon emitted.
Sent data: 000000000fc005e9, last: 0
Photon emitted!
No photon emitted.
Sent data: 000000000fe02db5, last: 0
No photon emitted.
Photon emitted!
No photon emitted.
Sent data: 000000001010591a, last: 0
No photon emitted.
No photon emitted.
No photon emitted.
No photon emitted.
No photon emitted.
No photon emitted.
Photon emitted!
No photon emitted.
Sent data: 000000001090de31, last: 0
Photon emitted!
No photon emitted.
Sent data: 0000000010b013e7, last: 0
Photon emitted!
No photon emitted.
Sent data: 0000000010d009a2, last: 0
No photon emitted.
No photon emitted.
No photon emitted.
Photon emitted!
No photon emitted.
Sent data: 000000001120a00a, last: 0
No photon emitted.
No photon emitted.
No photon emitted.
No photon emitted.
No photon emitted.
No photon emitted.
No photon emitted.
No photon emitted.
No photon emitted.
No photon emitted.
No photon emitted.
No photon emitted.
No photon emitted.
No photon emitted.
Photon emitted!
No photon emitted.
Sent data: 000000001220f2bf, last: 0
No photon emitted.
No photon emitted.
No photon emitted.
No photon emitted.
No photon emitted.
No photon emitted.
No photon emitted.
No photon emitted.
No photon emitted.
No photon emitted.
No photon emitted.
No photon emitted.
No photon emitted.
No photon emitted.
No photon emitted.
No photon emitted.
No photon emitted.
No photon emitted.
No photon emitted.
No photon emitted.
No photon emitted.
No photon emitted.
No photon emitted.
No photon emitted.
No photon emitted.
No photon emitted.
No photon emitted.
Photon emitted!
No photon emitted.
Sent data: 0000000013f05ffb, last: 0
No photon emitted.
No photon emitted.
No photon emitted.
No photon emitted.
No photon emitted.
No photon emitted.
No photon emitted.
No photon emitted.
No photon emitted.
No photon emitted.
No photon emitted.
No photon emitted.
No photon emitted.
No photon emitted.
No photon emitted.
No photon emitted.
No photon emitted.
No photon emitted.
No photon emitted.
No photon emitted.
No photon emitted.
No photon emitted.
No photon emitted.
No photon emitted.
No photon emitted.
No photon emitted.
No photon emitted.
No photon emitted.
Photon emitted!
No photon emitted.
Sent data: 0000000015d0e23c, last: 0
No photon emitted.
No photon emitted.
No photon emitted.
No photon emitted.
No photon emitted.
No photon emitted.
No photon emitted.
No photon emitted.
No photon emitted.
No photon emitted.
No photon emitted.
No photon emitted.
No photon emitted.
No photon emitted.
Photon emitted!
No photon emitted.
Sent data: 0000000016d07567, last: 0
Photon emitted!
No photon emitted.
Sent data: 0000000016f0fcab, last: 0
No photon emitted.
No photon emitted.
No photon emitted.
No photon emitted.
No photon emitted.
Photon emitted!
No photon emitted.
Sent data: 000000001760b67b, last: 0
No photon emitted.
No photon emitted.
No photon emitted.
No photon emitted.
No photon emitted.
No photon emitted.
No photon emitted.
No photon emitted.
No photon emitted.
No photon emitted.
No photon emitted.
No photon emitted.
No photon emitted.
No photon emitted.
No photon emitted.
Photon emitted!
No photon emitted.
Sent data: 0000000018701ba8, last: 0
No photon emitted.
No photon emitted.
No photon emitted.
No photon emitted.
No photon emitted.
No photon emitted.
No photon emitted.
No photon emitted.
No photon emitted.
No photon emitted.
No photon emitted.
No photon emitted.
No photon emitted.
No photon emitted.
No photon emitted.
No photon emitted.
No photon emitted.
No photon emitted.
No photon emitted.
No photon emitted.
No photon emitted.
No photon emitted.
No photon emitted.
No photon emitted.
No photon emitted.
No photon emitted.
No photon emitted.
Photon emitted!
No photon emitted.
Sent data: 000000001a4003f4, last: 0
No photon emitted.
No photon emitted.
No photon emitted.
No photon emitted.
No photon emitted.
No photon emitted.
No photon emitted.
No photon emitted.
No photon emitted.
No photon emitted.
No photon emitted.
No photon emitted.
No photon emitted.
No photon emitted.
No photon emitted.
No photon emitted.
No photon emitted.
No photon emitted.
No photon emitted.
Photon emitted!
No photon emitted.
Sent data: 000000001b90b81a, last: 0
No photon emitted.
No photon emitted.
No photon emitted.
Photon emitted!
No photon emitted.
Sent data: 000000001be025cf, last: 0
No photon emitted.
No photon emitted.
No photon emitted.
No photon emitted.
No photon emitted.
No photon emitted.
No photon emitted.
No photon emitted.
No photon emitted.
No photon emitted.
No photon emitted.
No photon emitted.
No photon emitted.
No photon emitted.
No photon emitted.
No photon emitted.
No photon emitted.
No photon emitted.
No photon emitted.
No photon emitted.
No photon emitted.
No photon emitted.
No photon emitted.
No photon emitted.
No photon emitted.
No photon emitted.
No photon emitted.
No photon emitted.
No photon emitted.
No photon emitted.
No photon emitted.
Photon emitted!
No photon emitted.
Sent data: 000000001df04921, last: 0
No photon emitted.
No photon emitted.
Photon emitted!
No photon emitted.
Sent data: 000000001e303542, last: 0
Photon emitted!
Photon emitted!
Sent data: 000000001e5021c3, last: 0
Photon emitted!
Sent data: 000000001e6077c1, last: 0
No photon emitted.
No photon emitted.
Sent data: 000000001e704d82, last: 0
No photon emitted.
No photon emitted.
No photon emitted.
No photon emitted.
No photon emitted.
Photon emitted!
Photon emitted!
Sent data: 000000001ef0b86c, last: 0
No photon emitted.
No photon emitted.
Sent data: 000000001f007588, last: 0
No photon emitted.
No photon emitted.
Photon emitted!
No photon emitted.
Sent data: 000000001f50b6f8, last: 0
No photon emitted.
No photon emitted.
No photon emitted.
No photon emitted.
No photon emitted.
No photon emitted.
No photon emitted.
No photon emitted.
No photon emitted.
No photon emitted.
No photon emitted.
No photon emitted.
No photon emitted.
No photon emitted.
No photon emitted.
No photon emitted.
No photon emitted.
No photon emitted.
No photon emitted.
No photon emitted.
No photon emitted.
Photon emitted!
No photon emitted.
Sent data: 0000000020c03fc4, last: 0
No photon emitted.
Photon emitted!
No photon emitted.
Sent data: 0000000020f0771a, last: 0
No photon emitted.
No photon emitted.
No photon emitted.
No photon emitted.
No photon emitted.
No photon emitted.
No photon emitted.
No photon emitted.
No photon emitted.
No photon emitted.
No photon emitted.
No photon emitted.
No photon emitted.
No photon emitted.
No photon emitted.
Photon emitted!
Photon emitted!
Sent data: 0000000022002d6a, last: 0
No photon emitted.
Sent data: 000000002210313c, last: 0
No photon emitted.
No photon emitted.
No photon emitted.
No photon emitted.
Photon emitted!
No photon emitted.
Sent data: 0000000022707d25, last: 0
No photon emitted.
No photon emitted.
No photon emitted.
No photon emitted.
Photon emitted!
No photon emitted.
Sent data: 0000000022d02128, last: 0
No photon emitted.
Photon emitted!
Photon emitted!
Sent data: 000000002300074f, last: 0
No photon emitted.
Sent data: 000000002310f293, last: 0
No photon emitted.
No photon emitted.
No photon emitted.
No photon emitted.
No photon emitted.
No photon emitted.
No photon emitted.
No photon emitted.
No photon emitted.
No photon emitted.
No photon emitted.
No photon emitted.
No photon emitted.
No photon emitted.
No photon emitted.
No photon emitted.
No photon emitted.
No photon emitted.
No photon emitted.
No photon emitted.
No photon emitted.
No photon emitted.
No photon emitted.
No photon emitted.
No photon emitted.
No photon emitted.
No photon emitted.
No photon emitted.
No photon emitted.
No photon emitted.
No photon emitted.
No photon emitted.
Photon emitted!
No photon emitted.
Sent data: 000000002530a22b, last: 0
No photon emitted.
No photon emitted.
No photon emitted.
No photon emitted.
No photon emitted.
No photon emitted.
Photon emitted!
No photon emitted.
Sent data: 0000000025b09cc5, last: 0
No photon emitted.
No photon emitted.
No photon emitted.
No photon emitted.
Photon emitted!
No photon emitted.
Sent data: 0000000026107f8e, last: 0
No photon emitted.
Photon emitted!
No photon emitted.
Sent data: 000000002640c6da, last: 0
No photon emitted.
No photon emitted.
No photon emitted.
Photon emitted!
No photon emitted.
Sent data: 0000000026900d40, last: 0
No photon emitted.
No photon emitted.
Photon emitted!
No photon emitted.
Sent data: 0000000026d09a63, last: 0
No photon emitted.
No photon emitted.
No photon emitted.
No photon emitted.
No photon emitted.
No photon emitted.
No photon emitted.
No photon emitted.
No photon emitted.
No photon emitted.
No photon emitted.
No photon emitted.
No photon emitted.
No photon emitted.
Photon emitted!
No photon emitted.
Sent data: 0000000027d051ce, last: 0
No photon emitted.
No photon emitted.
No photon emitted.
No photon emitted.
Photon emitted!
No photon emitted.
Sent data: 000000002830b8e2, last: 0
No photon emitted.
No photon emitted.
No photon emitted.
No photon emitted.
No photon emitted.
No photon emitted.
No photon emitted.
No photon emitted.
No photon emitted.
No photon emitted.
No photon emitted.
No photon emitted.
No photon emitted.
No photon emitted.
No photon emitted.
No photon emitted.
No photon emitted.
No photon emitted.
No photon emitted.
No photon emitted.
No photon emitted.
No photon emitted.
No photon emitted.
No photon emitted.
No photon emitted.
No photon emitted.
No photon emitted.
No photon emitted.
No photon emitted.
No photon emitted.
No photon emitted.
No photon emitted.
No photon emitted.
No photon emitted.
No photon emitted.
No photon emitted.
Photon emitted!
No photon emitted.
Sent data: 000000002a905521, last: 0
No photon emitted.
No photon emitted.
No photon emitted.
Photon emitted!
No photon emitted.
Sent data: 000000002ae00752, last: 0
Photon emitted!
Photon emitted!
Sent data: 000000002b00790b, last: 0
No photon emitted.
Sent data: 000000002b1017bc, last: 0
No photon emitted.
No photon emitted.
No photon emitted.
No photon emitted.
No photon emitted.
No photon emitted.
No photon emitted.
No photon emitted.
Photon emitted!
No photon emitted.
Sent data: 000000002bb0dacc, last: 0
No photon emitted.
No photon emitted.
No photon emitted.
No photon emitted.
No photon emitted.
No photon emitted.
No photon emitted.
No photon emitted.
No photon emitted.
No photon emitted.
No photon emitted.
No photon emitted.
No photon emitted.
Photon emitted!
No photon emitted.
Sent data: 000000002ca0095c, last: 0
No photon emitted.
No photon emitted.
No photon emitted.
No photon emitted.
No photon emitted.
No photon emitted.
No photon emitted.
Photon emitted!
No photon emitted.
Sent data: 000000002d303365, last: 0
No photon emitted.
No photon emitted.
No photon emitted.
No photon emitted.
No photon emitted.
No photon emitted.
No photon emitted.
No photon emitted.
Photon emitted!
No photon emitted.
Sent data: 000000002dd0ea40, last: 0
No photon emitted.
No photon emitted.
No photon emitted.
No photon emitted.
No photon emitted.
No photon emitted.
No photon emitted.
No photon emitted.
No photon emitted.
No photon emitted.
No photon emitted.
No photon emitted.
No photon emitted.
No photon emitted.
No photon emitted.
No photon emitted.
No photon emitted.
No photon emitted.
No photon emitted.
No photon emitted.
No photon emitted.
Photon emitted!
No photon emitted.
Sent data: 000000002f40b636, last: 0
No photon emitted.
No photon emitted.
No photon emitted.
No photon emitted.
No photon emitted.
No photon emitted.
No photon emitted.
No photon emitted.
No photon emitted.
No photon emitted.
No photon emitted.
No photon emitted.
No photon emitted.
Photon emitted!
Photon emitted!
Sent data: 000000003030113b, last: 0
No photon emitted.
No photon emitted.
Sent data: 0000000030407b85, last: 0
No photon emitted.
No photon emitted.
No photon emitted.
No photon emitted.
No photon emitted.
Photon emitted!
No photon emitted.
Sent data: 0000000030c08065, last: 0
No photon emitted.
No photon emitted.
No photon emitted.
No photon emitted.
No photon emitted.
No photon emitted.
No photon emitted.
No photon emitted.
No photon emitted.
Photon emitted!
No photon emitted.
Sent data: 000000003170c877, last: 0
No photon emitted.
No photon emitted.
No photon emitted.
No photon emitted.
Photon emitted!
Photon emitted!
Sent data: 0000000031d04b3e, last: 0
No photon emitted.
Sent data: 0000000031e00b39, last: 0
No photon emitted.
No photon emitted.
Photon emitted!
No photon emitted.
Sent data: 0000000032206788, last: 0
No photon emitted.
Photon emitted!
No photon emitted.
Sent data: 000000003250299e, last: 0
No photon emitted.
No photon emitted.
No photon emitted.
No photon emitted.
No photon emitted.
No photon emitted.
No photon emitted.
No photon emitted.
No photon emitted.
No photon emitted.
No photon emitted.
No photon emitted.
No photon emitted.
No photon emitted.
Photon emitted!
No photon emitted.
Sent data: 000000003350a0fb, last: 0
No photon emitted.
No photon emitted.
No photon emitted.
Photon emitted!
No photon emitted.
Sent data: 0000000033a0e21d, last: 0
No photon emitted.
No photon emitted.
No photon emitted.
No photon emitted.
No photon emitted.
No photon emitted.
No photon emitted.
No photon emitted.
No photon emitted.
No photon emitted.
No photon emitted.
No photon emitted.
No photon emitted.
No photon emitted.
No photon emitted.
No photon emitted.
No photon emitted.
No photon emitted.
No photon emitted.
No photon emitted.
No photon emitted.
No photon emitted.
No photon emitted.
No photon emitted.
No photon emitted.
No photon emitted.
No photon emitted.
No photon emitted.
No photon emitted.
No photon emitted.
No photon emitted.
No photon emitted.
No photon emitted.
No photon emitted.
No photon emitted.
No photon emitted.
No photon emitted.
No photon emitted.
No photon emitted.
No photon emitted.
Photon emitted!
No photon emitted.
Sent data: 000000003640e840, last: 0
No photon emitted.
No photon emitted.
No photon emitted.
No photon emitted.
No photon emitted.
No photon emitted.
No photon emitted.
Photon emitted!
No photon emitted.
Sent data: 0000000036d035f9, last: 0
No photon emitted.
No photon emitted.
No photon emitted.
No photon emitted.
No photon emitted.
No photon emitted.
Photon emitted!
No photon emitted.
Sent data: 000000003750be60, last: 0
No photon emitted.
No photon emitted.
No photon emitted.
Photon emitted!
No photon emitted.
Sent data: 0000000037a0badf, last: 0
No photon emitted.
No photon emitted.
Photon emitted!
No photon emitted.
Sent data: 0000000037e00fc4, last: 0
No photon emitted.
No photon emitted.
No photon emitted.
No photon emitted.
No photon emitted.
No photon emitted.
No photon emitted.
No photon emitted.
No photon emitted.
No photon emitted.
No photon emitted.
No photon emitted.
No photon emitted.
No photon emitted.
No photon emitted.
No photon emitted.
No photon emitted.
No photon emitted.
No photon emitted.
No photon emitted.
No photon emitted.
No photon emitted.
No photon emitted.
No photon emitted.
No photon emitted.
No photon emitted.
No photon emitted.
No photon emitted.
No photon emitted.
No photon emitted.
No photon emitted.
No photon emitted.
Photon emitted!
No photon emitted.
Sent data: 000000003a0009ef, last: 0
No photon emitted.
No photon emitted.
No photon emitted.
No photon emitted.
No photon emitted.
No photon emitted.
No photon emitted.
No photon emitted.
Photon emitted!
No photon emitted.
Sent data: 000000003aa011fe, last: 0
No photon emitted.
No photon emitted.
No photon emitted.
No photon emitted.
No photon emitted.
No photon emitted.
No photon emitted.
No photon emitted.
No photon emitted.
No photon emitted.
No photon emitted.
Photon emitted!
No photon emitted.
Sent data: 000000003b70110c, last: 0
No photon emitted.
No photon emitted.
Photon emitted!
No photon emitted.
Sent data: 000000003bb0a890, last: 0
No photon emitted.
No photon emitted.
No photon emitted.
No photon emitted.
No photon emitted.
No photon emitted.
No photon emitted.
No photon emitted.
No photon emitted.
No photon emitted.
No photon emitted.
No photon emitted.
No photon emitted.
No photon emitted.
No photon emitted.
No photon emitted.
No photon emitted.
No photon emitted.
No photon emitted.
No photon emitted.
No photon emitted.
No photon emitted.
No photon emitted.
No photon emitted.
No photon emitted.
No photon emitted.
No photon emitted.
No photon emitted.
Photon emitted!
No photon emitted.
Sent data: 000000003d90013e, last: 0
No photon emitted.
No photon emitted.
Photon emitted!
No photon emitted.
Sent data: 000000003dd045e8, last: 0
No photon emitted.
No photon emitted.
Photon emitted!
No photon emitted.
Sent data: 000000003e10a0df, last: 0
No photon emitted.
No photon emitted.
No photon emitted.
Photon emitted!
No photon emitted.
Sent data: 000000003e604350, last: 0
No photon emitted.
Photon emitted!
No photon emitted.
Sent data: 000000003e9037c0, last: 0
No photon emitted.
No photon emitted.
No photon emitted.
No photon emitted.
No photon emitted.
No photon emitted.
No photon emitted.
No photon emitted.
No photon emitted.
No photon emitted.
No photon emitted.
No photon emitted.
No photon emitted.
No photon emitted.
No photon emitted.
No photon emitted.
No photon emitted.
No photon emitted.
No photon emitted.
No photon emitted.
No photon emitted.
No photon emitted.
No photon emitted.
No photon emitted.
No photon emitted.
No photon emitted.
No photon emitted.
No photon emitted.
Photon emitted!
No photon emitted.
Sent data: 00000000007047f5, last: 0
No photon emitted.
No photon emitted.
No photon emitted.
No photon emitted.
No photon emitted.
No photon emitted.
No photon emitted.
No photon emitted.
No photon emitted.
No photon emitted.
No photon emitted.
No photon emitted.
No photon emitted.
No photon emitted.
No photon emitted.
Photon emitted!
No photon emitted.
Sent data: 000000000180e613, last: 0
No photon emitted.
No photon emitted.
No photon emitted.
No photon emitted.
No photon emitted.
No photon emitted.
No photon emitted.
No photon emitted.
No photon emitted.
No photon emitted.
No photon emitted.
No photon emitted.
No photon emitted.
No photon emitted.
No photon emitted.
No photon emitted.
No photon emitted.
No photon emitted.
Photon emitted!
No photon emitted.
Sent data: 0000000002c0a4b8, last: 0
No photon emitted.
No photon emitted.
No photon emitted.
No photon emitted.
No photon emitted.
No photon emitted.
No photon emitted.
No photon emitted.
No photon emitted.
No photon emitted.
No photon emitted.
No photon emitted.
No photon emitted.
No photon emitted.
No photon emitted.
No photon emitted.
No photon emitted.
No photon emitted.
No photon emitted.
No photon emitted.
Photon emitted!
No photon emitted.
Sent data: 0000000004200b79, last: 0
No photon emitted.
No photon emitted.
No photon emitted.
No photon emitted.
No photon emitted.
No photon emitted.
No photon emitted.
No photon emitted.
No photon emitted.
No photon emitted.
No photon emitted.
No photon emitted.
No photon emitted.
No photon emitted.
Photon emitted!
Photon emitted!
Sent data: 0000000005203fce, last: 0
No photon emitted.
No photon emitted.
Sent data: 0000000005309c1d, last: 0
Photon emitted!
No photon emitted.
Sent data: 000000000560e052, last: 0
No photon emitted.
No photon emitted.
No photon emitted.
No photon emitted.
No photon emitted.
No photon emitted.
No photon emitted.
No photon emitted.
No photon emitted.
No photon emitted.
No photon emitted.
No photon emitted.
No photon emitted.
No photon emitted.
No photon emitted.
No photon emitted.
Photon emitted!
No photon emitted.
Sent data: 0000000006801529, last: 0
No photon emitted.
No photon emitted.
No photon emitted.
No photon emitted.
No photon emitted.
No photon emitted.
No photon emitted.
No photon emitted.
No photon emitted.
No photon emitted.
No photon emitted.
No photon emitted.
No photon emitted.
Photon emitted!
No photon emitted.
Sent data: 0000000007709e8a, last: 0
No photon emitted.
No photon emitted.
No photon emitted.
No photon emitted.
No photon emitted.
No photon emitted.
No photon emitted.
No photon emitted.
No photon emitted.
No photon emitted.
Photon emitted!
No photon emitted.
Sent data: 00000000083043db, last: 0
No photon emitted.
No photon emitted.
No photon emitted.
No photon emitted.
No photon emitted.
No photon emitted.
No photon emitted.
Photon emitted!
No photon emitted.
Sent data: 0000000008c03de8, last: 0
No photon emitted.
No photon emitted.
No photon emitted.
No photon emitted.
No photon emitted.
No photon emitted.
No photon emitted.
No photon emitted.
No photon emitted.
Photon emitted!
Photon emitted!
Sent data: 000000000970b40f, last: 0
No photon emitted.
No photon emitted.
Sent data: 0000000009800d42, last: 0
No photon emitted.
Photon emitted!
No photon emitted.
Sent data: 0000000009c09220, last: 0
No photon emitted.
No photon emitted.
No photon emitted.
No photon emitted.
No photon emitted.
No photon emitted.
No photon emitted.
No photon emitted.
No photon emitted.
No photon emitted.
No photon emitted.
No photon emitted.
Photon emitted!
No photon emitted.
Sent data: 000000000aa0c896, last: 0
No photon emitted.
No photon emitted.
No photon emitted.
No photon emitted.
No photon emitted.
No photon emitted.
No photon emitted.
No photon emitted.
No photon emitted.
No photon emitted.
No photon emitted.
No photon emitted.
No photon emitted.
No photon emitted.
No photon emitted.
No photon emitted.
No photon emitted.
No photon emitted.
No photon emitted.
No photon emitted.
Photon emitted!
No photon emitted.
Sent data: 000000000c000322, last: 0
No photon emitted.
No photon emitted.
No photon emitted.
No photon emitted.
No photon emitted.
No photon emitted.
Photon emitted!
No photon emitted.
Sent data: 000000000c807971, last: 0
No photon emitted.
No photon emitted.
No photon emitted.
Photon emitted!
No photon emitted.
Sent data: 000000000cd08623, last: 0
No photon emitted.
No photon emitted.
No photon emitted.
No photon emitted.
No photon emitted.
No photon emitted.
No photon emitted.
No photon emitted.
No photon emitted.
No photon emitted.
No photon emitted.
No photon emitted.
No photon emitted.
No photon emitted.
No photon emitted.
No photon emitted.
Photon emitted!
No photon emitted.
Sent data: 000000000df0ce25, last: 0
No photon emitted.
No photon emitted.
No photon emitted.
No photon emitted.
No photon emitted.
No photon emitted.
No photon emitted.
No photon emitted.
No photon emitted.
No photon emitted.
No photon emitted.
No photon emitted.
No photon emitted.
No photon emitted.
No photon emitted.
No photon emitted.
No photon emitted.
No photon emitted.
No photon emitted.
No photon emitted.
No photon emitted.
No photon emitted.
No photon emitted.
No photon emitted.
No photon emitted.
No photon emitted.
No photon emitted.
No photon emitted.
No photon emitted.
No photon emitted.
No photon emitted.
No photon emitted.
No photon emitted.
No photon emitted.
No photon emitted.
Photon emitted!
No photon emitted.
Sent data: 0000000010405d69, last: 0
No photon emitted.
No photon emitted.
No photon emitted.
No photon emitted.
No photon emitted.
Photon emitted!
No photon emitted.
Sent data: 0000000010b00d6b, last: 0
No photon emitted.
No photon emitted.
No photon emitted.
No photon emitted.
No photon emitted.
No photon emitted.
No photon emitted.
No photon emitted.
No photon emitted.
No photon emitted.
No photon emitted.
No photon emitted.
No photon emitted.
No photon emitted.
No photon emitted.
No photon emitted.
No photon emitted.
Photon emitted!
No photon emitted.
Sent data: 0000000011e0dc38, last: 0
No photon emitted.
No photon emitted.
No photon emitted.
No photon emitted.
No photon emitted.
No photon emitted.
No photon emitted.
No photon emitted.
No photon emitted.
No photon emitted.
No photon emitted.
No photon emitted.
No photon emitted.
No photon emitted.
No photon emitted.
No photon emitted.
No photon emitted.
No photon emitted.
No photon emitted.
No photon emitted.
Photon emitted!
Photon emitted!
Sent data: 000000001340dcc5, last: 0
No photon emitted.
Sent data: 000000001350dec0, last: 0
No photon emitted.
No photon emitted.
No photon emitted.
Photon emitted!
No photon emitted.
Sent data: 0000000013a0b6dc, last: 0
No photon emitted.
Photon emitted!
No photon emitted.
Sent data: 0000000013d090dd, last: 0
No photon emitted.
No photon emitted.
No photon emitted.
No photon emitted.
Photon emitted!
No photon emitted.
Sent data: 000000001430bcb7, last: 0
No photon emitted.
No photon emitted.
No photon emitted.
No photon emitted.
No photon emitted.
No photon emitted.
No photon emitted.
No photon emitted.
No photon emitted.
No photon emitted.
Photon emitted!
No photon emitted.
Sent data: 0000000014f065a2, last: 0
No photon emitted.
No photon emitted.
No photon emitted.
No photon emitted.
No photon emitted.
No photon emitted.
Photon emitted!
Photon emitted!
Sent data: 000000001570a08b, last: 0
No photon emitted.
No photon emitted.
Sent data: 0000000015805f87, last: 0
No photon emitted.
No photon emitted.
No photon emitted.
No photon emitted.
No photon emitted.
No photon emitted.
No photon emitted.
No photon emitted.
No photon emitted.
No photon emitted.
No photon emitted.
No photon emitted.
Photon emitted!
No photon emitted.
Sent data: 0000000016707b08, last: 0
No photon emitted.
No photon emitted.
No photon emitted.
Photon emitted!
No photon emitted.
Sent data: 0000000016c08856, last: 0
No photon emitted.
No photon emitted.
No photon emitted.
No photon emitted.
Photon emitted!
No photon emitted.
Sent data: 000000001720b64f, last: 0
No photon emitted.
No photon emitted.
No photon emitted.
Photon emitted!
No photon emitted.
Sent data: 000000001770c225, last: 0
No photon emitted.
No photon emitted.
No photon emitted.
Photon emitted!
No photon emitted.
Sent data: 0000000017c065f2, last: 0
No photon emitted.
No photon emitted.
No photon emitted.
No photon emitted.
No photon emitted.
No photon emitted.
No photon emitted.
No photon emitted.
No photon emitted.
Photon emitted!
Photon emitted!
Sent data: 0000000018702b15, last: 0
No photon emitted.
No photon emitted.
Sent data: 0000000018802783, last: 0
No photon emitted.
No photon emitted.
No photon emitted.
No photon emitted.
No photon emitted.
No photon emitted.
Photon emitted!
Photon emitted!
Sent data: 00000000191079e5, last: 0
No photon emitted.
Sent data: 00000000192084fb, last: 0
No photon emitted.
No photon emitted.
No photon emitted.
No photon emitted.
No photon emitted.
No photon emitted.
No photon emitted.
No photon emitted.
No photon emitted.
No photon emitted.
No photon emitted.
No photon emitted.
No photon emitted.
No photon emitted.
No photon emitted.
Photon emitted!
No photon emitted.
Sent data: 000000001a30e275, last: 0
No photon emitted.
No photon emitted.
No photon emitted.
No photon emitted.
No photon emitted.
No photon emitted.
No photon emitted.
No photon emitted.
No photon emitted.
No photon emitted.
No photon emitted.
No photon emitted.
No photon emitted.
No photon emitted.
No photon emitted.
No photon emitted.
No photon emitted.
No photon emitted.
Photon emitted!
No photon emitted.
Sent data: 000000001b705bd2, last: 0
No photon emitted.
No photon emitted.
No photon emitted.
No photon emitted.
No photon emitted.
No photon emitted.
Photon emitted!
No photon emitted.
Sent data: 000000001bf07d14, last: 0
No photon emitted.
No photon emitted.
Photon emitted!
No photon emitted.
Sent data: 000000001c30a864, last: 0
No photon emitted.
No photon emitted.
No photon emitted.
No photon emitted.
No photon emitted.
No photon emitted.
No photon emitted.
No photon emitted.
No photon emitted.
No photon emitted.
No photon emitted.
No photon emitted.
No photon emitted.
Photon emitted!
Photon emitted!
Sent data: 000000001d2090ce, last: 0
No photon emitted.
No photon emitted.
Sent data: 000000001d307fb6, last: 0
Photon emitted!
No photon emitted.
Sent data: 000000001d6009ab, last: 0
No photon emitted.
Photon emitted!
No photon emitted.
Sent data: 000000001d905b0d, last: 0
No photon emitted.
No photon emitted.
No photon emitted.
No photon emitted.
No photon emitted.
No photon emitted.
No photon emitted.
No photon emitted.
No photon emitted.
No photon emitted.
No photon emitted.
No photon emitted.
No photon emitted.
No photon emitted.
No photon emitted.
No photon emitted.
No photon emitted.
No photon emitted.
No photon emitted.
Photon emitted!
No photon emitted.
Sent data: 000000001ee0ccc8, last: 0
No photon emitted.
No photon emitted.
No photon emitted.
No photon emitted.
No photon emitted.
No photon emitted.
No photon emitted.
No photon emitted.
No photon emitted.
No photon emitted.
No photon emitted.
No photon emitted.
Photon emitted!
No photon emitted.
Sent data: 000000001fc00183, last: 0
No photon emitted.
No photon emitted.
No photon emitted.
No photon emitted.
No photon emitted.
No photon emitted.
No photon emitted.
No photon emitted.
No photon emitted.
No photon emitted.
No photon emitted.
Photon emitted!
No photon emitted.
Sent data: 0000000020901b78, last: 0
No photon emitted.
No photon emitted.
Photon emitted!
No photon emitted.
Sent data: 0000000020d0675b, last: 0
No photon emitted.
No photon emitted.
No photon emitted.
No photon emitted.
No photon emitted.
No photon emitted.
No photon emitted.
No photon emitted.
No photon emitted.
No photon emitted.
No photon emitted.
Photon emitted!
No photon emitted.
Sent data: 0000000021a0f4d7, last: 0
No photon emitted.
No photon emitted.
No photon emitted.
No photon emitted.
No photon emitted.
No photon emitted.
No photon emitted.
No photon emitted.
No photon emitted.
No photon emitted.
No photon emitted.
No photon emitted.
No photon emitted.
No photon emitted.
No photon emitted.
No photon emitted.
No photon emitted.
No photon emitted.
No photon emitted.
No photon emitted.
No photon emitted.
No photon emitted.
No photon emitted.
No photon emitted.
No photon emitted.
No photon emitted.
No photon emitted.
No photon emitted.
No photon emitted.
No photon emitted.
No photon emitted.
No photon emitted.
No photon emitted.
No photon emitted.
No photon emitted.
No photon emitted.
No photon emitted.
No photon emitted.
No photon emitted.
No photon emitted.
No photon emitted.
No photon emitted.
No photon emitted.
Photon emitted!
No photon emitted.
Sent data: 0000000024700b4c, last: 0
No photon emitted.
No photon emitted.
No photon emitted.
No photon emitted.
No photon emitted.
No photon emitted.
No photon emitted.
No photon emitted.
No photon emitted.
No photon emitted.
No photon emitted.
No photon emitted.
No photon emitted.
No photon emitted.
Photon emitted!
No photon emitted.
Sent data: 000000002570f056, last: 0
No photon emitted.
No photon emitted.
No photon emitted.
No photon emitted.
No photon emitted.
No photon emitted.
No photon emitted.
No photon emitted.
No photon emitted.
No photon emitted.
No photon emitted.
No photon emitted.
No photon emitted.
No photon emitted.
No photon emitted.
No photon emitted.
No photon emitted.
No photon emitted.
No photon emitted.
No photon emitted.
No photon emitted.
No photon emitted.
No photon emitted.
No photon emitted.
Photon emitted!
Photon emitted!
Sent data: 0000000027105b39, last: 0
No photon emitted.
Sent data: 000000002720a4d4, last: 0
No photon emitted.
No photon emitted.
No photon emitted.
No photon emitted.
No photon emitted.
Photon emitted!
No photon emitted.
Sent data: 0000000027900b8c, last: 0
No photon emitted.
No photon emitted.
No photon emitted.
Photon emitted!
No photon emitted.
Sent data: 0000000027e08270, last: 0
No photon emitted.
No photon emitted.
No photon emitted.
No photon emitted.
No photon emitted.
Photon emitted!
No photon emitted.
Sent data: 00000000285080d5, last: 0
No photon emitted.
No photon emitted.
No photon emitted.
No photon emitted.
No photon emitted.
No photon emitted.
No photon emitted.
Photon emitted!
No photon emitted.
Sent data: 0000000028e0b86a, last: 0
No photon emitted.
No photon emitted.
Photon emitted!
No photon emitted.
Sent data: 0000000029202bd5, last: 0
No photon emitted.
No photon emitted.
No photon emitted.
No photon emitted.
No photon emitted.
No photon emitted.
No photon emitted.
No photon emitted.
No photon emitted.
No photon emitted.
No photon emitted.
No photon emitted.
No photon emitted.
No photon emitted.
Photon emitted!
No photon emitted.
Sent data: 000000002a208e10, last: 0
No photon emitted.
No photon emitted.
No photon emitted.
No photon emitted.
No photon emitted.
No photon emitted.
No photon emitted.
No photon emitted.
No photon emitted.
No photon emitted.
No photon emitted.
No photon emitted.
No photon emitted.
No photon emitted.
No photon emitted.
No photon emitted.
No photon emitted.
No photon emitted.
No photon emitted.
No photon emitted.
No photon emitted.
No photon emitted.
No photon emitted.
No photon emitted.
No photon emitted.
No photon emitted.
No photon emitted.
No photon emitted.
No photon emitted.
No photon emitted.
Photon emitted!
No photon emitted.
Sent data: 000000002c206521, last: 0
No photon emitted.
No photon emitted.
No photon emitted.
No photon emitted.
No photon emitted.
No photon emitted.
No photon emitted.
No photon emitted.
No photon emitted.
No photon emitted.
No photon emitted.
No photon emitted.
No photon emitted.
No photon emitted.
No photon emitted.
No photon emitted.
No photon emitted.
Photon emitted!
No photon emitted.
Sent data: 000000002d50ca99, last: 0
No photon emitted.
No photon emitted.
No photon emitted.
No photon emitted.
No photon emitted.
No photon emitted.
No photon emitted.
No photon emitted.
No photon emitted.
No photon emitted.
No photon emitted.
Photon emitted!
Photon emitted!
Sent data: 000000002e20d672, last: 0
No photon emitted.
No photon emitted.
Sent data: 000000002e3011dc, last: 0
No photon emitted.
No photon emitted.
No photon emitted.
No photon emitted.
Photon emitted!
No photon emitted.
Sent data: 000000002ea0d4c6, last: 0
No photon emitted.
No photon emitted.
No photon emitted.
No photon emitted.
No photon emitted.
No photon emitted.
Photon emitted!
No photon emitted.
Sent data: 000000002f203bfb, last: 0
No photon emitted.
No photon emitted.
No photon emitted.
No photon emitted.
No photon emitted.
No photon emitted.
No photon emitted.
No photon emitted.
No photon emitted.
No photon emitted.
No photon emitted.
No photon emitted.
No photon emitted.
No photon emitted.
No photon emitted.
No photon emitted.
No photon emitted.
No photon emitted.
No photon emitted.
No photon emitted.
No photon emitted.
No photon emitted.
No photon emitted.
No photon emitted.
Photon emitted!
Photon emitted!
Sent data: 0000000030c03d48, last: 0
No photon emitted.
Sent data: 0000000030d0c216, last: 0
No photon emitted.
No photon emitted.
No photon emitted.
No photon emitted.
No photon emitted.
No photon emitted.
No photon emitted.
Photon emitted!
No photon emitted.
Sent data: 0000000031605b89, last: 0
No photon emitted.
No photon emitted.
No photon emitted.
No photon emitted.
No photon emitted.
No photon emitted.
No photon emitted.
No photon emitted.
No photon emitted.
No photon emitted.
No photon emitted.
No photon emitted.
No photon emitted.
No photon emitted.
No photon emitted.
No photon emitted.
Photon emitted!
No photon emitted.
Sent data: 000000003280210d, last: 0
No photon emitted.
No photon emitted.
No photon emitted.
Photon emitted!
No photon emitted.
Sent data: 0000000032d047cc, last: 0
No photon emitted.
No photon emitted.
No photon emitted.
No photon emitted.
No photon emitted.
No photon emitted.
No photon emitted.
No photon emitted.
No photon emitted.
No photon emitted.
No photon emitted.
No photon emitted.
No photon emitted.
No photon emitted.
No photon emitted.
No photon emitted.
No photon emitted.
No photon emitted.
No photon emitted.
No photon emitted.
Photon emitted!
No photon emitted.
Sent data: 000000003430a4b9, last: 0
No photon emitted.
Photon emitted!
No photon emitted.
Sent data: 00000000346045cb, last: 0
No photon emitted.
No photon emitted.
No photon emitted.
No photon emitted.
No photon emitted.
Photon emitted!
No photon emitted.
Sent data: 0000000034d05d2c, last: 0
No photon emitted.
No photon emitted.
No photon emitted.
No photon emitted.
No photon emitted.
No photon emitted.
No photon emitted.
No photon emitted.
No photon emitted.
No photon emitted.
No photon emitted.
No photon emitted.
No photon emitted.
No photon emitted.
No photon emitted.
No photon emitted.
No photon emitted.
No photon emitted.
No photon emitted.
No photon emitted.
No photon emitted.
No photon emitted.
No photon emitted.
Photon emitted!
No photon emitted.
Sent data: 000000003660216f, last: 0
Photon emitted!
No photon emitted.
Sent data: 000000003680ee02, last: 0
No photon emitted.
No photon emitted.
No photon emitted.
Photon emitted!
No photon emitted.
Sent data: 0000000036d01b34, last: 0
No photon emitted.
No photon emitted.
No photon emitted.
No photon emitted.
No photon emitted.
No photon emitted.
No photon emitted.
No photon emitted.
No photon emitted.
No photon emitted.
No photon emitted.
No photon emitted.
No photon emitted.
No photon emitted.
No photon emitted.
No photon emitted.
No photon emitted.
No photon emitted.
No photon emitted.
No photon emitted.
No photon emitted.
No photon emitted.
No photon emitted.
No photon emitted.
No photon emitted.
No photon emitted.
No photon emitted.
No photon emitted.
No photon emitted.
No photon emitted.
No photon emitted.
No photon emitted.
No photon emitted.
No photon emitted.
No photon emitted.
No photon emitted.
No photon emitted.
No photon emitted.
No photon emitted.
No photon emitted.
No photon emitted.
No photon emitted.
No photon emitted.
No photon emitted.
Photon emitted!
No photon emitted.
Sent data: 0000000039b08682, last: 0
No photon emitted.
No photon emitted.
No photon emitted.
No photon emitted.
No photon emitted.
No photon emitted.
No photon emitted.
No photon emitted.
Photon emitted!
No photon emitted.
Sent data: 000000003a503952, last: 0
No photon emitted.
No photon emitted.
No photon emitted.
No photon emitted.
No photon emitted.
No photon emitted.
No photon emitted.
No photon emitted.
No photon emitted.
No photon emitted.
No photon emitted.
No photon emitted.
No photon emitted.
Photon emitted!
No photon emitted.
Sent data: 000000003b40a055, last: 0
No photon emitted.
No photon emitted.
No photon emitted.
No photon emitted.
No photon emitted.
No photon emitted.
No photon emitted.
Photon emitted!
No photon emitted.
Sent data: 000000003bd02f2a, last: 0
No photon emitted.
No photon emitted.
Photon emitted!
No photon emitted.
Sent data: 000000003c10fc9a, last: 0
No photon emitted.
No photon emitted.
No photon emitted.
No photon emitted.
Photon emitted!
No photon emitted.
Sent data: 000000003c7039a0, last: 0
No photon emitted.
No photon emitted.
No photon emitted.
No photon emitted.
No photon emitted.
No photon emitted.
No photon emitted.
No photon emitted.
No photon emitted.
No photon emitted.
No photon emitted.
No photon emitted.
No photon emitted.
No photon emitted.
No photon emitted.
No photon emitted.
No photon emitted.
Photon emitted!
Photon emitted!
Sent data: 000000003da073ee, last: 0
No photon emitted.
No photon emitted.
Sent data: 000000003db0071b, last: 0
No photon emitted.
No photon emitted.
No photon emitted.
No photon emitted.
No photon emitted.
No photon emitted.
No photon emitted.
No photon emitted.
No photon emitted.
No photon emitted.
No photon emitted.
No photon emitted.
No photon emitted.
No photon emitted.
No photon emitted.
No photon emitted.
No photon emitted.
No photon emitted.
No photon emitted.
No photon emitted.
No photon emitted.
No photon emitted.
No photon emitted.
No photon emitted.
No photon emitted.
No photon emitted.
No photon emitted.
No photon emitted.
No photon emitted.
No photon emitted.
No photon emitted.
No photon emitted.
Photon emitted!
No photon emitted.
Sent data: 000000003fe0dadb, last: 0
No photon emitted.
No photon emitted.
No photon emitted.
No photon emitted.
Photon emitted!
No photon emitted.
Sent data: 0000000000408e55, last: 0
No photon emitted.
No photon emitted.
No photon emitted.
No photon emitted.
No photon emitted.
Photon emitted!
No photon emitted.
Sent data: 0000000000b0e268, last: 0
No photon emitted.
No photon emitted.
No photon emitted.
No photon emitted.
No photon emitted.
No photon emitted.
No photon emitted.
No photon emitted.
No photon emitted.
Photon emitted!
No photon emitted.
Sent data: 000000000160f247, last: 0
No photon emitted.
No photon emitted.
No photon emitted.
No photon emitted.
No photon emitted.
No photon emitted.
Photon emitted!
No photon emitted.
Sent data: 0000000001e07b8b, last: 0
No photon emitted.
No photon emitted.
No photon emitted.
No photon emitted.
No photon emitted.
No photon emitted.
No photon emitted.
No photon emitted.
No photon emitted.
No photon emitted.
No photon emitted.
No photon emitted.
No photon emitted.
No photon emitted.
No photon emitted.
No photon emitted.
No photon emitted.
No photon emitted.
No photon emitted.
Photon emitted!
Photon emitted!
Sent data: 000000000330e4e7, last: 0
No photon emitted.
No photon emitted.
Sent data: 0000000003402d7d, last: 0
No photon emitted.
No photon emitted.
No photon emitted.
No photon emitted.
No photon emitted.
No photon emitted.
No photon emitted.
No photon emitted.
No photon emitted.
No photon emitted.
No photon emitted.
No photon emitted.
No photon emitted.
No photon emitted.
No photon emitted.
No photon emitted.
No photon emitted.
No photon emitted.
No photon emitted.
No photon emitted.
No photon emitted.
No photon emitted.
Photon emitted!
No photon emitted.
Sent data: 0000000004d0fe0d, last: 0
No photon emitted.
No photon emitted.
No photon emitted.
No photon emitted.
No photon emitted.
No photon emitted.
No photon emitted.
No photon emitted.
No photon emitted.
No photon emitted.
No photon emitted.
No photon emitted.
No photon emitted.
No photon emitted.
No photon emitted.
No photon emitted.
No photon emitted.
No photon emitted.
Photon emitted!
No photon emitted.
Sent data: 0000000006107db4, last: 0
No photon emitted.
No photon emitted.
No photon emitted.
Photon emitted!
No photon emitted.
Sent data: 000000000660278b, last: 0
No photon emitted.
No photon emitted.
No photon emitted.
No photon emitted.
No photon emitted.
No photon emitted.
No photon emitted.
No photon emitted.
Photon emitted!
No photon emitted.
Sent data: 000000000700cc0a, last: 0
No photon emitted.
No photon emitted.
No photon emitted.
Photon emitted!
No photon emitted.
Sent data: 0000000007507568, last: 0
Photon emitted!
No photon emitted.
Sent data: 0000000007703b7f, last: 0
No photon emitted.
No photon emitted.
No photon emitted.
Photon emitted!
No photon emitted.
Sent data: 0000000007c08286, last: 0
No photon emitted.
No photon emitted.
No photon emitted.
Photon emitted!
Photon emitted!
Sent data: 0000000008107fc2, last: 0
No photon emitted.
Sent data: 00000000082061a4, last: 0
No photon emitted.
No photon emitted.
No photon emitted.
No photon emitted.
No photon emitted.
No photon emitted.
No photon emitted.
No photon emitted.
No photon emitted.
No photon emitted.
No photon emitted.
No photon emitted.
No photon emitted.
Photon emitted!
No photon emitted.
Sent data: 000000000910ce5d, last: 0
No photon emitted.
No photon emitted.
No photon emitted.
Photon emitted!
No photon emitted.
Sent data: 000000000960634b, last: 0
No photon emitted.
No photon emitted.
Photon emitted!
No photon emitted.
Sent data: 0000000009a03d8b, last: 0
No photon emitted.
No photon emitted.
No photon emitted.
No photon emitted.
No photon emitted.
No photon emitted.
No photon emitted.
No photon emitted.
No photon emitted.
No photon emitted.
No photon emitted.
No photon emitted.
No photon emitted.
No photon emitted.
No photon emitted.
No photon emitted.
No photon emitted.
No photon emitted.
No photon emitted.
No photon emitted.
No photon emitted.
No photon emitted.
No photon emitted.
No photon emitted.
Photon emitted!
No photon emitted.
Sent data: 000000000b400fe6, last: 0
No photon emitted.
No photon emitted.
No photon emitted.
Photon emitted!
Photon emitted!
Sent data: 000000000b90179c, last: 0
No photon emitted.
Sent data: 000000000ba0f4d9, last: 0
No photon emitted.
No photon emitted.
No photon emitted.
No photon emitted.
No photon emitted.
No photon emitted.
No photon emitted.
Photon emitted!
No photon emitted.
Sent data: 000000000c30c605, last: 0
No photon emitted.
No photon emitted.
No photon emitted.
No photon emitted.
No photon emitted.
No photon emitted.
No photon emitted.
No photon emitted.
Photon emitted!
No photon emitted.
Sent data: 000000000cd08ca6, last: 0
No photon emitted.
No photon emitted.
No photon emitted.
No photon emitted.
No photon emitted.
No photon emitted.
No photon emitted.
No photon emitted.
No photon emitted.
No photon emitted.
No photon emitted.
No photon emitted.
No photon emitted.
No photon emitted.
No photon emitted.
No photon emitted.
No photon emitted.
No photon emitted.
No photon emitted.
No photon emitted.
No photon emitted.
No photon emitted.
No photon emitted.
No photon emitted.
No photon emitted.
No photon emitted.
Photon emitted!
No photon emitted.
Sent data: 000000000e9031b8, last: 0
No photon emitted.
No photon emitted.
No photon emitted.
No photon emitted.
No photon emitted.
No photon emitted.
No photon emitted.
Photon emitted!
No photon emitted.
Sent data: 000000000f20a017, last: 0
No photon emitted.
Photon emitted!
No photon emitted.
Sent data: 000000000f501527, last: 0
No photon emitted.
No photon emitted.
No photon emitted.
No photon emitted.
No photon emitted.
No photon emitted.
No photon emitted.
No photon emitted.
No photon emitted.
No photon emitted.
No photon emitted.
No photon emitted.
No photon emitted.
No photon emitted.
Photon emitted!
Photon emitted!
Sent data: 00000000105025b1, last: 0
No photon emitted.
Sent data: 000000001060f402, last: 0
No photon emitted.
No photon emitted.
No photon emitted.
No photon emitted.
Photon emitted!
No photon emitted.
Sent data: 0000000010c09898, last: 0
No photon emitted.
No photon emitted.
No photon emitted.
No photon emitted.
Photon emitted!
No photon emitted.
Sent data: 000000001120676f, last: 0
No photon emitted.
No photon emitted.
No photon emitted.
No photon emitted.
No photon emitted.
No photon emitted.
No photon emitted.
No photon emitted.
No photon emitted.
No photon emitted.
No photon emitted.
Photon emitted!
No photon emitted.
Sent data: 0000000011f0e4be, last: 0
No photon emitted.
Photon emitted!
No photon emitted.
Sent data: 00000000122001fb, last: 0
No photon emitted.
No photon emitted.
No photon emitted.
No photon emitted.
No photon emitted.
No photon emitted.
Photon emitted!
No photon emitted.
Sent data: 0000000012a04395, last: 0
No photon emitted.
Photon emitted!
No photon emitted.
Sent data: 0000000012d0b4a2, last: 0
No photon emitted.
No photon emitted.
No photon emitted.
No photon emitted.
No photon emitted.
Photon emitted!
No photon emitted.
Sent data: 0000000013409643, last: 0
No photon emitted.
No photon emitted.
Photon emitted!
No photon emitted.
Sent data: 000000001380aef5, last: 0
No photon emitted.
No photon emitted.
No photon emitted.
No photon emitted.
No photon emitted.
No photon emitted.
No photon emitted.
No photon emitted.
No photon emitted.
No photon emitted.
No photon emitted.
No photon emitted.
Photon emitted!
No photon emitted.
Sent data: 000000001460ce7a, last: 0
No photon emitted.
No photon emitted.
No photon emitted.
No photon emitted.
No photon emitted.
No photon emitted.
No photon emitted.
No photon emitted.
No photon emitted.
No photon emitted.
No photon emitted.
No photon emitted.
No photon emitted.
No photon emitted.
No photon emitted.
No photon emitted.
No photon emitted.
No photon emitted.
No photon emitted.
No photon emitted.
No photon emitted.
No photon emitted.
No photon emitted.
Photon emitted!
No photon emitted.
Sent data: 0000000015f03d8b, last: 0
No photon emitted.
No photon emitted.
No photon emitted.
No photon emitted.
No photon emitted.
No photon emitted.
No photon emitted.
No photon emitted.
Photon emitted!
No photon emitted.
Sent data: 0000000016904793, last: 0
No photon emitted.
No photon emitted.
No photon emitted.
No photon emitted.
No photon emitted.
No photon emitted.
No photon emitted.
No photon emitted.
No photon emitted.
Photon emitted!
Photon emitted!
Sent data: 0000000017409e4d, last: 0
No photon emitted.
Sent data: 00000000175029df, last: 0
No photon emitted.
No photon emitted.
No photon emitted.
No photon emitted.
No photon emitted.
No photon emitted.
No photon emitted.
No photon emitted.
No photon emitted.
No photon emitted.
No photon emitted.
No photon emitted.
No photon emitted.
No photon emitted.
No photon emitted.
No photon emitted.
No photon emitted.
No photon emitted.
No photon emitted.
No photon emitted.
No photon emitted.
No photon emitted.
No photon emitted.
No photon emitted.
No photon emitted.
No photon emitted.
No photon emitted.
No photon emitted.
Photon emitted!
No photon emitted.
Sent data: 0000000019307bba, last: 0
No photon emitted.
No photon emitted.
No photon emitted.
No photon emitted.
No photon emitted.
No photon emitted.
No photon emitted.
No photon emitted.
No photon emitted.
No photon emitted.
No photon emitted.
No photon emitted.
No photon emitted.
No photon emitted.
Photon emitted!
No photon emitted.
Sent data: 000000001a30c2e3, last: 0
No photon emitted.
Photon emitted!
No photon emitted.
Sent data: 000000001a602bed, last: 0
No photon emitted.
No photon emitted.
No photon emitted.
No photon emitted.
No photon emitted.
No photon emitted.
No photon emitted.
No photon emitted.
No photon emitted.
No photon emitted.
No photon emitted.
No photon emitted.
No photon emitted.
No photon emitted.
No photon emitted.
No photon emitted.
No photon emitted.
No photon emitted.
No photon emitted.
No photon emitted.
No photon emitted.
No photon emitted.
No photon emitted.
No photon emitted.
No photon emitted.
No photon emitted.
No photon emitted.
No photon emitted.
No photon emitted.
No photon emitted.
No photon emitted.
No photon emitted.
Photon emitted!
No photon emitted.
Sent data: 000000001c80793b, last: 0
No photon emitted.
No photon emitted.
No photon emitted.
No photon emitted.
No photon emitted.
Photon emitted!
Photon emitted!
Sent data: 000000001cf029b1, last: 0
No photon emitted.
No photon emitted.
Sent data: 000000001d001549, last: 0
No photon emitted.
No photon emitted.
No photon emitted.
No photon emitted.
No photon emitted.
No photon emitted.
No photon emitted.
No photon emitted.
Photon emitted!
No photon emitted.
Sent data: 000000001db0ec46, last: 0
No photon emitted.
No photon emitted.
No photon emitted.
Photon emitted!
No photon emitted.
Sent data: 000000001e002f39, last: 0
No photon emitted.
No photon emitted.
No photon emitted.
No photon emitted.
No photon emitted.
No photon emitted.
No photon emitted.
No photon emitted.
No photon emitted.
No photon emitted.
No photon emitted.
No photon emitted.
No photon emitted.
No photon emitted.
No photon emitted.
No photon emitted.
No photon emitted.
No photon emitted.
No photon emitted.
No photon emitted.
No photon emitted.
No photon emitted.
No photon emitted.
No photon emitted.
Photon emitted!
No photon emitted.
Sent data: 000000001fa04782, last: 0
No photon emitted.
No photon emitted.
No photon emitted.
No photon emitted.
No photon emitted.
Photon emitted!
No photon emitted.
Sent data: 0000000020108a56, last: 0
Photon emitted!
No photon emitted.
Sent data: 000000002030c288, last: 0
No photon emitted.
No photon emitted.
No photon emitted.
No photon emitted.
No photon emitted.
Photon emitted!
Photon emitted!
Sent data: 0000000020a077fa, last: 0
No photon emitted.
No photon emitted.
Sent data: 0000000020b00d4b, last: 0
No photon emitted.
Photon emitted!
No photon emitted.
Sent data: 0000000020f0ae59, last: 0
No photon emitted.
No photon emitted.
No photon emitted.
No photon emitted.
No photon emitted.
No photon emitted.
No photon emitted.
No photon emitted.
No photon emitted.
No photon emitted.
Photon emitted!
No photon emitted.
Sent data: 0000000021b04b4b, last: 0
No photon emitted.
No photon emitted.
No photon emitted.
No photon emitted.
No photon emitted.
No photon emitted.
No photon emitted.
No photon emitted.
No photon emitted.
No photon emitted.
No photon emitted.
No photon emitted.
No photon emitted.
No photon emitted.
No photon emitted.
No photon emitted.
No photon emitted.
No photon emitted.
Photon emitted!
No photon emitted.
Sent data: 0000000022f0ba21, last: 0
No photon emitted.
No photon emitted.
No photon emitted.
No photon emitted.
No photon emitted.
No photon emitted.
No photon emitted.
Photon emitted!
No photon emitted.
Sent data: 000000002380fa95, last: 0
No photon emitted.
No photon emitted.
No photon emitted.
Photon emitted!
No photon emitted.
Sent data: 0000000023d04de8, last: 0
No photon emitted.
No photon emitted.
No photon emitted.
No photon emitted.
No photon emitted.
No photon emitted.
No photon emitted.
No photon emitted.
No photon emitted.
No photon emitted.
No photon emitted.
No photon emitted.
No photon emitted.
No photon emitted.
No photon emitted.
No photon emitted.
No photon emitted.
No photon emitted.
No photon emitted.
No photon emitted.
No photon emitted.
No photon emitted.
No photon emitted.
No photon emitted.
No photon emitted.
No photon emitted.
No photon emitted.
No photon emitted.
No photon emitted.
No photon emitted.
No photon emitted.
No photon emitted.
No photon emitted.
No photon emitted.
Photon emitted!
No photon emitted.
Sent data: 0000000026105d57, last: 0
No photon emitted.
No photon emitted.
No photon emitted.
No photon emitted.
No photon emitted.
No photon emitted.
No photon emitted.
No photon emitted.
No photon emitted.
No photon emitted.
No photon emitted.
No photon emitted.
No photon emitted.
No photon emitted.
No photon emitted.
No photon emitted.
No photon emitted.
No photon emitted.
No photon emitted.
No photon emitted.
No photon emitted.
No photon emitted.
No photon emitted.
No photon emitted.
No photon emitted.
No photon emitted.
No photon emitted.
No photon emitted.
No photon emitted.
No photon emitted.
No photon emitted.
No photon emitted.
Photon emitted!
No photon emitted.
Sent data: 0000000028302700, last: 0
No photon emitted.
No photon emitted.
No photon emitted.
No photon emitted.
No photon emitted.
No photon emitted.
No photon emitted.
No photon emitted.
No photon emitted.
No photon emitted.
No photon emitted.
No photon emitted.
No photon emitted.
Photon emitted!
No photon emitted.
Sent data: 000000002920c8fd, last: 0
No photon emitted.
No photon emitted.
No photon emitted.
No photon emitted.
No photon emitted.
No photon emitted.
No photon emitted.
No photon emitted.
No photon emitted.
No photon emitted.
No photon emitted.
No photon emitted.
No photon emitted.
No photon emitted.
No photon emitted.
No photon emitted.
No photon emitted.
No photon emitted.
No photon emitted.
No photon emitted.
No photon emitted.
No photon emitted.
No photon emitted.
No photon emitted.
No photon emitted.
Photon emitted!
Photon emitted!
Sent data: 000000002ad0f2cb, last: 0
No photon emitted.
Sent data: 000000002ae017d4, last: 0
No photon emitted.
No photon emitted.
No photon emitted.
No photon emitted.
No photon emitted.
No photon emitted.
No photon emitted.
No photon emitted.
No photon emitted.
No photon emitted.
No photon emitted.
No photon emitted.
No photon emitted.
No photon emitted.
No photon emitted.
No photon emitted.
No photon emitted.
No photon emitted.
No photon emitted.
No photon emitted.
No photon emitted.
No photon emitted.
No photon emitted.
No photon emitted.
No photon emitted.
Photon emitted!
No photon emitted.
Sent data: 000000002c9027c2, last: 0
No photon emitted.
No photon emitted.
No photon emitted.
No photon emitted.
No photon emitted.
No photon emitted.
No photon emitted.
No photon emitted.
No photon emitted.
Photon emitted!
No photon emitted.
Sent data: 000000002d40f432, last: 0
No photon emitted.
No photon emitted.
No photon emitted.
No photon emitted.
No photon emitted.
Photon emitted!
No photon emitted.
Sent data: 000000002db06bd6, last: 0
No photon emitted.
Photon emitted!
No photon emitted.
Sent data: 000000002de0d28c, last: 0
No photon emitted.
Photon emitted!
No photon emitted.
Sent data: 000000002e10e8e1, last: 0
No photon emitted.
No photon emitted.
No photon emitted.
No photon emitted.
No photon emitted.
No photon emitted.
No photon emitted.
No photon emitted.
No photon emitted.
Photon emitted!
No photon emitted.
Sent data: 000000002ec0baad, last: 0
No photon emitted.
No photon emitted.
No photon emitted.
No photon emitted.
No photon emitted.
No photon emitted.
No photon emitted.
No photon emitted.
No photon emitted.
Photon emitted!
No photon emitted.
Sent data: 000000002f70c0d5, last: 0
No photon emitted.
No photon emitted.
No photon emitted.
Photon emitted!
No photon emitted.
Sent data: 000000002fc0b081, last: 0
No photon emitted.
No photon emitted.
Photon emitted!
No photon emitted.
Sent data: 000000003000d8c9, last: 0
No photon emitted.
No photon emitted.
No photon emitted.
No photon emitted.
No photon emitted.
No photon emitted.
No photon emitted.
No photon emitted.
No photon emitted.
No photon emitted.
No photon emitted.
No photon emitted.
No photon emitted.
Photon emitted!
No photon emitted.
Sent data: 0000000030f0962e, last: 0
No photon emitted.
Photon emitted!
No photon emitted.
Sent data: 000000003120431a, last: 0
No photon emitted.
No photon emitted.
No photon emitted.
No photon emitted.
No photon emitted.
No photon emitted.
Photon emitted!
Photon emitted!
Sent data: 0000000031a08a89, last: 0
No photon emitted.
No photon emitted.
Sent data: 0000000031b01fff, last: 0
No photon emitted.
Photon emitted!
No photon emitted.
Sent data: 0000000031f0c466, last: 0
No photon emitted.
No photon emitted.
No photon emitted.
No photon emitted.
No photon emitted.
No photon emitted.
Photon emitted!
No photon emitted.
Sent data: 000000003270fad0, last: 0
Photon emitted!
No photon emitted.
Sent data: 0000000032907b24, last: 0
No photon emitted.
No photon emitted.
No photon emitted.
No photon emitted.
No photon emitted.
No photon emitted.
No photon emitted.
No photon emitted.
Photon emitted!
No photon emitted.
Sent data: 000000003330ac99, last: 0
No photon emitted.
No photon emitted.
No photon emitted.
No photon emitted.
No photon emitted.
No photon emitted.
No photon emitted.
No photon emitted.
No photon emitted.
No photon emitted.
No photon emitted.
No photon emitted.
Photon emitted!
No photon emitted.
Sent data: 0000000034103fce, last: 0
No photon emitted.
No photon emitted.
No photon emitted.
No photon emitted.
No photon emitted.
No photon emitted.
No photon emitted.
Photon emitted!
No photon emitted.
Sent data: 0000000034a0b696, last: 0
No photon emitted.
Photon emitted!
No photon emitted.
Sent data: 0000000034d0de52, last: 0
No photon emitted.
No photon emitted.
No photon emitted.
No photon emitted.
No photon emitted.
No photon emitted.
No photon emitted.
No photon emitted.
No photon emitted.
No photon emitted.
No photon emitted.
No photon emitted.
No photon emitted.
No photon emitted.
No photon emitted.
No photon emitted.
No photon emitted.
No photon emitted.
No photon emitted.
No photon emitted.
No photon emitted.
No photon emitted.
No photon emitted.
No photon emitted.
No photon emitted.
No photon emitted.
No photon emitted.
No photon emitted.
No photon emitted.
No photon emitted.
No photon emitted.
Photon emitted!
No photon emitted.
Sent data: 0000000036e0a870, last: 0
No photon emitted.
No photon emitted.
No photon emitted.
No photon emitted.
No photon emitted.
No photon emitted.
No photon emitted.
No photon emitted.
No photon emitted.
No photon emitted.
No photon emitted.
No photon emitted.
No photon emitted.
No photon emitted.
No photon emitted.
No photon emitted.
No photon emitted.
No photon emitted.
No photon emitted.
No photon emitted.
No photon emitted.
No photon emitted.
No photon emitted.
No photon emitted.
No photon emitted.
No photon emitted.
No photon emitted.
No photon emitted.
No photon emitted.
No photon emitted.
No photon emitted.
No photon emitted.
No photon emitted.
No photon emitted.
No photon emitted.
No photon emitted.
No photon emitted.
No photon emitted.
No photon emitted.
No photon emitted.
No photon emitted.
No photon emitted.
No photon emitted.
No photon emitted.
No photon emitted.
No photon emitted.
No photon emitted.
No photon emitted.
No photon emitted.
No photon emitted.
No photon emitted.
No photon emitted.
No photon emitted.
No photon emitted.
No photon emitted.
No photon emitted.
Photon emitted!
No photon emitted.
Sent data: 000000003a80c423, last: 0
No photon emitted.
No photon emitted.
No photon emitted.
No photon emitted.
No photon emitted.
No photon emitted.
No photon emitted.
No photon emitted.
Photon emitted!
No photon emitted.
Sent data: 000000003b20fe98, last: 0
No photon emitted.
No photon emitted.
No photon emitted.
No photon emitted.
Photon emitted!
No photon emitted.
Sent data: 000000003b805396, last: 0
No photon emitted.
No photon emitted.
Photon emitted!
No photon emitted.
Sent data: 000000003bc082d8, last: 0
No photon emitted.
No photon emitted.
No photon emitted.
No photon emitted.
No photon emitted.
No photon emitted.
Photon emitted!
No photon emitted.
Sent data: 000000003c404f7d, last: 0
No photon emitted.
No photon emitted.
Photon emitted!
No photon emitted.
Sent data: 000000003c80259f, last: 0
No photon emitted.
No photon emitted.
No photon emitted.
Photon emitted!
No photon emitted.
Sent data: 000000003cd035d9, last: 1
No photon emitted.
No photon emitted.
No photon emitted.
No photon emitted.
No photon emitted.
No photon emitted.
No photon emitted.
No photon emitted.
No photon emitted.
No photon emitted.
No photon emitted.
No photon emitted.
No photon emitted.
No photon emitted.
No photon emitted.
No photon emitted.
No photon emitted.
No photon emitted.
No photon emitted.
No photon emitted.
No photon emitted.
No photon emitted.
No photon emitted.
No photon emitted.
No photon emitted.
No photon emitted.
No photon emitted.
No photon emitted.
No photon emitted.
No photon emitted.
No photon emitted.
No photon emitted.
No photon emitted.
No photon emitted.
No photon emitted.
No photon emitted.
No photon emitted.
No photon emitted.
No photon emitted.
No photon emitted.
No photon emitted.
No photon emitted.
No photon emitted.
No photon emitted.
No photon emitted.
No photon emitted.
Photon emitted!
No photon emitted.
Sent data: 000000003fd0e43b, last: 0
No photon emitted.
No photon emitted.
No photon emitted.
No photon emitted.
No photon emitted.
No photon emitted.
No photon emitted.
No photon emitted.
No photon emitted.
No photon emitted.
No photon emitted.
No photon emitted.
No photon emitted.
No photon emitted.
No photon emitted.
No photon emitted.
No photon emitted.
No photon emitted.
No photon emitted.
No photon emitted.
Photon emitted!
No photon emitted.
Sent data: 0000000001309a77, last: 0
No photon emitted.
No photon emitted.
No photon emitted.
No photon emitted.
No photon emitted.
No photon emitted.
No photon emitted.
Photon emitted!
No photon emitted.
Sent data: 0000000001c0ae47, last: 0
Photon emitted!
No photon emitted.
Sent data: 0000000001e09a7c, last: 0
No photon emitted.
No photon emitted.
Photon emitted!
No photon emitted.
Sent data: 0000000002203d6a, last: 0
No photon emitted.
Photon emitted!
No photon emitted.
Sent data: 0000000002502764, last: 0
No photon emitted.
No photon emitted.
Photon emitted!
No photon emitted.
Sent data: 0000000002906de7, last: 0
No photon emitted.
No photon emitted.
No photon emitted.
No photon emitted.
Photon emitted!
No photon emitted.
Sent data: 0000000002f0e62f, last: 0
No photon emitted.
No photon emitted.
Photon emitted!
No photon emitted.
Sent data: 000000000330b403, last: 0
No photon emitted.
No photon emitted.
Photon emitted!
No photon emitted.
Sent data: 000000000370aa0e, last: 0
No photon emitted.
No photon emitted.
No photon emitted.
No photon emitted.
No photon emitted.
No photon emitted.
No photon emitted.
No photon emitted.
No photon emitted.
No photon emitted.
No photon emitted.
No photon emitted.
No photon emitted.
No photon emitted.
Photon emitted!
No photon emitted.
Sent data: 000000000470ea4b, last: 0
No photon emitted.
No photon emitted.
No photon emitted.
No photon emitted.
No photon emitted.
No photon emitted.
No photon emitted.
No photon emitted.
No photon emitted.
No photon emitted.
No photon emitted.
Photon emitted!
No photon emitted.
Sent data: 00000000054033e6, last: 0
No photon emitted.
No photon emitted.
No photon emitted.
No photon emitted.
No photon emitted.
No photon emitted.
No photon emitted.
No photon emitted.
No photon emitted.
No photon emitted.
No photon emitted.
No photon emitted.
No photon emitted.
No photon emitted.
No photon emitted.
No photon emitted.
Photon emitted!
No photon emitted.
Sent data: 000000000660b8be, last: 0
No photon emitted.
No photon emitted.
Photon emitted!
No photon emitted.
Sent data: 0000000006a0a2e0, last: 0
No photon emitted.
No photon emitted.
No photon emitted.
No photon emitted.
No photon emitted.
No photon emitted.
No photon emitted.
Photon emitted!
Photon emitted!
Sent data: 000000000730f2cb, last: 0
No photon emitted.
No photon emitted.
Sent data: 0000000007405b8f, last: 0
Photon emitted!
No photon emitted.
Sent data: 000000000770f601, last: 0
No photon emitted.
No photon emitted.
No photon emitted.
No photon emitted.
No photon emitted.
No photon emitted.
No photon emitted.
No photon emitted.
No photon emitted.
No photon emitted.
No photon emitted.
No photon emitted.
No photon emitted.
No photon emitted.
Photon emitted!
No photon emitted.
Sent data: 000000000870ce19, last: 0
No photon emitted.
No photon emitted.
No photon emitted.
No photon emitted.
No photon emitted.
No photon emitted.
No photon emitted.
No photon emitted.
Photon emitted!
No photon emitted.
Sent data: 00000000091090e7, last: 0
Photon emitted!
No photon emitted.
Sent data: 00000000093079ca, last: 0
No photon emitted.
No photon emitted.
No photon emitted.
No photon emitted.
No photon emitted.
No photon emitted.
No photon emitted.
No photon emitted.
No photon emitted.
No photon emitted.
Photon emitted!
No photon emitted.
Sent data: 0000000009f0d884, last: 0
No photon emitted.
No photon emitted.
No photon emitted.
No photon emitted.
No photon emitted.
No photon emitted.
No photon emitted.
No photon emitted.
No photon emitted.
No photon emitted.
No photon emitted.
No photon emitted.
No photon emitted.
No photon emitted.
No photon emitted.
No photon emitted.
No photon emitted.
No photon emitted.
No photon emitted.
No photon emitted.
No photon emitted.
No photon emitted.
No photon emitted.
No photon emitted.
No photon emitted.
No photon emitted.
No photon emitted.
No photon emitted.
No photon emitted.
No photon emitted.
No photon emitted.
No photon emitted.
Photon emitted!
No photon emitted.
Sent data: 000000000c10a8d8, last: 0
Photon emitted!
No photon emitted.
Sent data: 000000000c3011f8, last: 0
No photon emitted.
No photon emitted.
No photon emitted.
No photon emitted.
No photon emitted.
No photon emitted.
No photon emitted.
No photon emitted.
No photon emitted.
No photon emitted.
No photon emitted.
No photon emitted.
No photon emitted.
No photon emitted.
Photon emitted!
Photon emitted!
Sent data: 000000000d306b53, last: 0
No photon emitted.
No photon emitted.
Sent data: 000000000d400b6e, last: 0
No photon emitted.
No photon emitted.
No photon emitted.
No photon emitted.
No photon emitted.
No photon emitted.
No photon emitted.
Photon emitted!
No photon emitted.
Sent data: 000000000de06b96, last: 0
No photon emitted.
No photon emitted.
No photon emitted.
No photon emitted.
No photon emitted.
No photon emitted.
Photon emitted!
No photon emitted.
Sent data: 000000000e60010a, last: 0
No photon emitted.
No photon emitted.
No photon emitted.
No photon emitted.
No photon emitted.
No photon emitted.
No photon emitted.
No photon emitted.
No photon emitted.
Photon emitted!
No photon emitted.
Sent data: 000000000f10cc67, last: 0
No photon emitted.
Photon emitted!
No photon emitted.
Sent data: 000000000f40fabd, last: 0
No photon emitted.
No photon emitted.
No photon emitted.
No photon emitted.
No photon emitted.
No photon emitted.
No photon emitted.
No photon emitted.
No photon emitted.
No photon emitted.
No photon emitted.
No photon emitted.
No photon emitted.
No photon emitted.
Photon emitted!
No photon emitted.
Sent data: 00000000104094f6, last: 0
No photon emitted.
No photon emitted.
Photon emitted!
No photon emitted.
Sent data: 0000000010802b7e, last: 0
No photon emitted.
No photon emitted.
No photon emitted.
No photon emitted.
No photon emitted.
No photon emitted.
No photon emitted.
No photon emitted.
No photon emitted.
No photon emitted.
No photon emitted.
No photon emitted.
Photon emitted!
No photon emitted.
Sent data: 0000000011607bc0, last: 0
No photon emitted.
No photon emitted.
No photon emitted.
No photon emitted.
No photon emitted.
No photon emitted.
No photon emitted.
Photon emitted!
No photon emitted.
Sent data: 0000000011f0d245, last: 0
No photon emitted.
No photon emitted.
Photon emitted!
No photon emitted.
Sent data: 0000000012305f71, last: 0
No photon emitted.
No photon emitted.
No photon emitted.
No photon emitted.
No photon emitted.
No photon emitted.
No photon emitted.
No photon emitted.
No photon emitted.
No photon emitted.
No photon emitted.
No photon emitted.
No photon emitted.
No photon emitted.
Photon emitted!
No photon emitted.
Sent data: 0000000013309c8b, last: 0
No photon emitted.
No photon emitted.
No photon emitted.
No photon emitted.
No photon emitted.
No photon emitted.
No photon emitted.
Photon emitted!
No photon emitted.
Sent data: 0000000013c09082, last: 0
No photon emitted.
Photon emitted!
No photon emitted.
Sent data: 0000000013f00134, last: 0
No photon emitted.
No photon emitted.
No photon emitted.
No photon emitted.
No photon emitted.
No photon emitted.
No photon emitted.
No photon emitted.
No photon emitted.
No photon emitted.
Photon emitted!
No photon emitted.
Sent data: 0000000014b047be, last: 0
No photon emitted.
No photon emitted.
Photon emitted!
No photon emitted.
Sent data: 0000000014f02134, last: 0
Photon emitted!
No photon emitted.
Sent data: 0000000015106bb3, last: 0
No photon emitted.
No photon emitted.
No photon emitted.
No photon emitted.
No photon emitted.
No photon emitted.
No photon emitted.
No photon emitted.
No photon emitted.
No photon emitted.
No photon emitted.
No photon emitted.
No photon emitted.
No photon emitted.
No photon emitted.
No photon emitted.
No photon emitted.
No photon emitted.
No photon emitted.
No photon emitted.
No photon emitted.
Photon emitted!
No photon emitted.
Sent data: 0000000016802f62, last: 0
No photon emitted.
Photon emitted!
Photon emitted!
Sent data: 0000000016b00991, last: 0
No photon emitted.
Photon emitted!
Sent data: 0000000016c043c6, last: 0
Photon emitted!
Sent data: 0000000016e02586, last: 0
Photon emitted!
No photon emitted.
Sent data: 0000000016f0494a, last: 0
No photon emitted.
Sent data: 0000000017002183, last: 0
No photon emitted.
No photon emitted.
No photon emitted.
No photon emitted.
No photon emitted.
No photon emitted.
No photon emitted.
No photon emitted.
No photon emitted.
No photon emitted.
Photon emitted!
No photon emitted.
Sent data: 0000000017d05187, last: 0
Photon emitted!
No photon emitted.
Sent data: 0000000017f09833, last: 0
No photon emitted.
No photon emitted.
No photon emitted.
No photon emitted.
No photon emitted.
No photon emitted.
No photon emitted.
No photon emitted.
Photon emitted!
No photon emitted.
Sent data: 0000000018907d08, last: 0
No photon emitted.
No photon emitted.
No photon emitted.
No photon emitted.
No photon emitted.
No photon emitted.
No photon emitted.
No photon emitted.
No photon emitted.
Photon emitted!
No photon emitted.
Sent data: 000000001940cabd, last: 0
No photon emitted.
No photon emitted.
No photon emitted.
No photon emitted.
No photon emitted.
No photon emitted.
Photon emitted!
No photon emitted.
Sent data: 0000000019c0d495, last: 0
Photon emitted!
No photon emitted.
Sent data: 0000000019e06782, last: 0
Photon emitted!
Photon emitted!
Sent data: 000000001a00b42c, last: 0
No photon emitted.
Sent data: 000000001a108040, last: 0
No photon emitted.
No photon emitted.
Photon emitted!
No photon emitted.
Sent data: 000000001a501da4, last: 0
No photon emitted.
No photon emitted.
No photon emitted.
No photon emitted.
No photon emitted.
No photon emitted.
No photon emitted.
No photon emitted.
No photon emitted.
No photon emitted.
No photon emitted.
No photon emitted.
No photon emitted.
No photon emitted.
No photon emitted.
No photon emitted.
No photon emitted.
Photon emitted!
Photon emitted!
Sent data: 000000001b8067de, last: 0
No photon emitted.
Sent data: 000000001b901dc4, last: 0
No photon emitted.
No photon emitted.
No photon emitted.
No photon emitted.
No photon emitted.
No photon emitted.
No photon emitted.
No photon emitted.
Photon emitted!
No photon emitted.
Sent data: 000000001c300361, last: 0
No photon emitted.
No photon emitted.
No photon emitted.
No photon emitted.
No photon emitted.
No photon emitted.
No photon emitted.
No photon emitted.
No photon emitted.
No photon emitted.
No photon emitted.
No photon emitted.
No photon emitted.
No photon emitted.
No photon emitted.
No photon emitted.
No photon emitted.
No photon emitted.
No photon emitted.
No photon emitted.
No photon emitted.
No photon emitted.
No photon emitted.
No photon emitted.
No photon emitted.
No photon emitted.
No photon emitted.
No photon emitted.
No photon emitted.
No photon emitted.
No photon emitted.
No photon emitted.
No photon emitted.
No photon emitted.
No photon emitted.
No photon emitted.
No photon emitted.
No photon emitted.
No photon emitted.
Photon emitted!
No photon emitted.
Sent data: 000000001ec0b2a9, last: 0
Photon emitted!
No photon emitted.
Sent data: 000000001ee03708, last: 0
No photon emitted.
No photon emitted.
No photon emitted.
No photon emitted.
Photon emitted!
No photon emitted.
Sent data: 000000001f402368, last: 0
Photon emitted!
No photon emitted.
Sent data: 000000001f60c84e, last: 0
No photon emitted.
No photon emitted.
No photon emitted.
No photon emitted.
No photon emitted.
No photon emitted.
Photon emitted!
No photon emitted.
Sent data: 000000001fe06303, last: 0
No photon emitted.
No photon emitted.
No photon emitted.
No photon emitted.
No photon emitted.
Photon emitted!
No photon emitted.
Sent data: 000000002050b23c, last: 0
No photon emitted.
No photon emitted.
No photon emitted.
No photon emitted.
No photon emitted.
No photon emitted.
Photon emitted!
No photon emitted.
Sent data: 0000000020d071b1, last: 0
No photon emitted.
No photon emitted.
No photon emitted.
No photon emitted.
No photon emitted.
No photon emitted.
No photon emitted.
No photon emitted.
No photon emitted.
No photon emitted.
No photon emitted.
No photon emitted.
No photon emitted.
No photon emitted.
No photon emitted.
No photon emitted.
No photon emitted.
No photon emitted.
No photon emitted.
No photon emitted.
No photon emitted.
No photon emitted.
No photon emitted.
No photon emitted.
No photon emitted.
No photon emitted.
No photon emitted.
No photon emitted.
No photon emitted.
No photon emitted.
No photon emitted.
No photon emitted.
No photon emitted.
No photon emitted.
No photon emitted.
Photon emitted!
No photon emitted.
Sent data: 0000000023201138, last: 0
No photon emitted.
No photon emitted.
No photon emitted.
No photon emitted.
No photon emitted.
No photon emitted.
No photon emitted.
No photon emitted.
No photon emitted.
No photon emitted.
No photon emitted.
No photon emitted.
No photon emitted.
No photon emitted.
No photon emitted.
No photon emitted.
No photon emitted.
No photon emitted.
No photon emitted.
No photon emitted.
No photon emitted.
No photon emitted.
No photon emitted.
Photon emitted!
No photon emitted.
Sent data: 0000000024b03b4a, last: 0
No photon emitted.
No photon emitted.
No photon emitted.
No photon emitted.
No photon emitted.
No photon emitted.
No photon emitted.
No photon emitted.
No photon emitted.
No photon emitted.
No photon emitted.
No photon emitted.
No photon emitted.
No photon emitted.
No photon emitted.
No photon emitted.
No photon emitted.
Photon emitted!
No photon emitted.
Sent data: 0000000025e0f6ee, last: 0
No photon emitted.
No photon emitted.
No photon emitted.
No photon emitted.
No photon emitted.
No photon emitted.
No photon emitted.
No photon emitted.
No photon emitted.
No photon emitted.
Photon emitted!
No photon emitted.
Sent data: 0000000026a075de, last: 0
No photon emitted.
No photon emitted.
No photon emitted.
No photon emitted.
No photon emitted.
No photon emitted.
No photon emitted.
No photon emitted.
No photon emitted.
No photon emitted.
No photon emitted.
No photon emitted.
No photon emitted.
No photon emitted.
No photon emitted.
No photon emitted.
No photon emitted.
Photon emitted!
No photon emitted.
Sent data: 0000000027d057fb, last: 0
No photon emitted.
No photon emitted.
No photon emitted.
No photon emitted.
No photon emitted.
No photon emitted.
No photon emitted.
No photon emitted.
No photon emitted.
Photon emitted!
No photon emitted.
Sent data: 0000000028808451, last: 0
No photon emitted.
No photon emitted.
Photon emitted!
No photon emitted.
Sent data: 0000000028c0dee7, last: 0
No photon emitted.
No photon emitted.
No photon emitted.
Photon emitted!
No photon emitted.
Sent data: 000000002910d817, last: 0
No photon emitted.
No photon emitted.
Photon emitted!
No photon emitted.
Sent data: 00000000295057d2, last: 0
No photon emitted.
No photon emitted.
No photon emitted.
Photon emitted!
No photon emitted.
Sent data: 0000000029a0cc6f, last: 0
No photon emitted.
No photon emitted.
No photon emitted.
No photon emitted.
No photon emitted.
No photon emitted.
No photon emitted.
No photon emitted.
No photon emitted.
No photon emitted.
Photon emitted!
No photon emitted.
Sent data: 000000002a6007e9, last: 0
No photon emitted.
No photon emitted.
No photon emitted.
No photon emitted.
No photon emitted.
No photon emitted.
No photon emitted.
No photon emitted.
No photon emitted.
No photon emitted.
Photon emitted!
No photon emitted.
Sent data: 000000002b200910, last: 0
No photon emitted.
No photon emitted.
No photon emitted.
No photon emitted.
Photon emitted!
No photon emitted.
Sent data: 000000002b808c02, last: 0
No photon emitted.
No photon emitted.
No photon emitted.
No photon emitted.
No photon emitted.
No photon emitted.
No photon emitted.
No photon emitted.
No photon emitted.
No photon emitted.
No photon emitted.
No photon emitted.
No photon emitted.
No photon emitted.
No photon emitted.
No photon emitted.
No photon emitted.
No photon emitted.
No photon emitted.
No photon emitted.
No photon emitted.
Photon emitted!
No photon emitted.
Sent data: 000000002cf061bb, last: 0
No photon emitted.
No photon emitted.
Photon emitted!
No photon emitted.
Sent data: 000000002d30c8a0, last: 0
No photon emitted.
No photon emitted.
No photon emitted.
No photon emitted.
No photon emitted.
No photon emitted.
No photon emitted.
Photon emitted!
No photon emitted.
Sent data: 000000002dc03373, last: 0
No photon emitted.
No photon emitted.
No photon emitted.
No photon emitted.
Photon emitted!
No photon emitted.
Sent data: 000000002e2035fa, last: 0
Photon emitted!
No photon emitted.
Sent data: 000000002e404b38, last: 0
No photon emitted.
No photon emitted.
No photon emitted.
No photon emitted.
No photon emitted.
No photon emitted.
No photon emitted.
No photon emitted.
No photon emitted.
No photon emitted.
No photon emitted.
No photon emitted.
No photon emitted.
No photon emitted.
No photon emitted.
No photon emitted.
No photon emitted.
No photon emitted.
No photon emitted.
No photon emitted.
No photon emitted.
No photon emitted.
No photon emitted.
Photon emitted!
No photon emitted.
Sent data: 000000002fd0c411, last: 0
No photon emitted.
No photon emitted.
No photon emitted.
No photon emitted.
No photon emitted.
No photon emitted.
No photon emitted.
No photon emitted.
No photon emitted.
No photon emitted.
No photon emitted.
No photon emitted.
No photon emitted.
No photon emitted.
No photon emitted.
No photon emitted.
No photon emitted.
Photon emitted!
No photon emitted.
Sent data: 000000003100c0dc, last: 0
No photon emitted.
No photon emitted.
No photon emitted.
Photon emitted!
No photon emitted.
Sent data: 000000003150cae0, last: 0
No photon emitted.
No photon emitted.
No photon emitted.
No photon emitted.
No photon emitted.
No photon emitted.
No photon emitted.
No photon emitted.
No photon emitted.
No photon emitted.
Photon emitted!
No photon emitted.
Sent data: 000000003210d89d, last: 0
Photon emitted!
No photon emitted.
Sent data: 000000003230d23d, last: 0
No photon emitted.
No photon emitted.
No photon emitted.
No photon emitted.
No photon emitted.
No photon emitted.
No photon emitted.
No photon emitted.
No photon emitted.
No photon emitted.
No photon emitted.
No photon emitted.
No photon emitted.
Photon emitted!
No photon emitted.
Sent data: 00000000332061d5, last: 0
No photon emitted.
No photon emitted.
No photon emitted.
No photon emitted.
No photon emitted.
No photon emitted.
No photon emitted.
No photon emitted.
No photon emitted.
No photon emitted.
No photon emitted.
No photon emitted.
No photon emitted.
Photon emitted!
Photon emitted!
Sent data: 00000000341009fd, last: 0
No photon emitted.
Sent data: 00000000342015cc, last: 0
No photon emitted.
No photon emitted.
No photon emitted.
No photon emitted.
No photon emitted.
No photon emitted.
No photon emitted.
No photon emitted.
Photon emitted!
No photon emitted.
Sent data: 0000000034c0903b, last: 0
No photon emitted.
Photon emitted!
No photon emitted.
Sent data: 0000000034f07b8a, last: 0
No photon emitted.
No photon emitted.
No photon emitted.
No photon emitted.
No photon emitted.
No photon emitted.
No photon emitted.
Photon emitted!
No photon emitted.
Sent data: 0000000035806d0c, last: 0
No photon emitted.
No photon emitted.
No photon emitted.
No photon emitted.
No photon emitted.
No photon emitted.
No photon emitted.
No photon emitted.
No photon emitted.
No photon emitted.
Photon emitted!
No photon emitted.
Sent data: 000000003640ca87, last: 0
No photon emitted.
No photon emitted.
No photon emitted.
No photon emitted.
Photon emitted!
No photon emitted.
Sent data: 0000000036a05b74, last: 0
Photon emitted!
No photon emitted.
Sent data: 0000000036c041a9, last: 0
No photon emitted.
No photon emitted.
No photon emitted.
No photon emitted.
No photon emitted.
No photon emitted.
No photon emitted.
No photon emitted.
No photon emitted.
Photon emitted!
No photon emitted.
Sent data: 000000003770b4d3, last: 0
No photon emitted.
Photon emitted!
No photon emitted.
Sent data: 0000000037a08690, last: 0
No photon emitted.
No photon emitted.
No photon emitted.
No photon emitted.
No photon emitted.
No photon emitted.
No photon emitted.
No photon emitted.
No photon emitted.
No photon emitted.
No photon emitted.
No photon emitted.
No photon emitted.
No photon emitted.
No photon emitted.
Photon emitted!
No photon emitted.
Sent data: 0000000038b04d3e, last: 0
No photon emitted.
No photon emitted.
No photon emitted.
No photon emitted.
No photon emitted.
No photon emitted.
No photon emitted.
No photon emitted.
Photon emitted!
No photon emitted.
Sent data: 000000003950983d, last: 0
No photon emitted.
No photon emitted.
No photon emitted.
Photon emitted!
Photon emitted!
Sent data: 0000000039a0d811, last: 0
No photon emitted.
Photon emitted!
Sent data: 0000000039b017ac, last: 0
No photon emitted.
Sent data: 0000000039d04390, last: 0
No photon emitted.
No photon emitted.
No photon emitted.
No photon emitted.
No photon emitted.
No photon emitted.
No photon emitted.
No photon emitted.
No photon emitted.
Photon emitted!
No photon emitted.
Sent data: 000000003a80b2d3, last: 0
No photon emitted.
No photon emitted.
Photon emitted!
No photon emitted.
Sent data: 000000003ac09625, last: 0
No photon emitted.
No photon emitted.
Photon emitted!
No photon emitted.
Sent data: 000000003b0086c7, last: 0
No photon emitted.
No photon emitted.
No photon emitted.
No photon emitted.
No photon emitted.
No photon emitted.
No photon emitted.
No photon emitted.
No photon emitted.
No photon emitted.
No photon emitted.
No photon emitted.
No photon emitted.
No photon emitted.
No photon emitted.
No photon emitted.
No photon emitted.
No photon emitted.
No photon emitted.
No photon emitted.
No photon emitted.
No photon emitted.
No photon emitted.
No photon emitted.
No photon emitted.
No photon emitted.
No photon emitted.
No photon emitted.
No photon emitted.
No photon emitted.
Photon emitted!
No photon emitted.
Sent data: 000000003d00590a, last: 0
No photon emitted.
No photon emitted.
No photon emitted.
No photon emitted.
No photon emitted.
No photon emitted.
No photon emitted.
No photon emitted.
No photon emitted.
No photon emitted.
Photon emitted!
No photon emitted.
Sent data: 000000003dc079ce, last: 0
No photon emitted.
No photon emitted.
No photon emitted.
No photon emitted.
No photon emitted.
No photon emitted.
No photon emitted.
Photon emitted!
No photon emitted.
Sent data: 000000003e50ea7e, last: 0
No photon emitted.
No photon emitted.
No photon emitted.
No photon emitted.
No photon emitted.
No photon emitted.
No photon emitted.
No photon emitted.
No photon emitted.
Photon emitted!
No photon emitted.
Sent data: 000000003f00a0ac, last: 0
No photon emitted.
No photon emitted.
Photon emitted!
No photon emitted.
Sent data: 000000003f4069fb, last: 0
No photon emitted.
No photon emitted.
No photon emitted.
No photon emitted.
No photon emitted.
No photon emitted.
No photon emitted.
No photon emitted.
No photon emitted.
Photon emitted!
No photon emitted.
Sent data: 000000003ff09839, last: 0
No photon emitted.
Photon emitted!
No photon emitted.
Sent data: 0000000000200f32, last: 0
No photon emitted.
No photon emitted.
No photon emitted.
No photon emitted.
Photon emitted!
No photon emitted.
Sent data: 000000000080f088, last: 0
No photon emitted.
No photon emitted.
No photon emitted.
No photon emitted.
No photon emitted.
No photon emitted.
Photon emitted!
No photon emitted.
Sent data: 00000000010013af, last: 0
No photon emitted.
No photon emitted.
No photon emitted.
No photon emitted.
Photon emitted!
No photon emitted.
Sent data: 0000000001607df7, last: 0
No photon emitted.
No photon emitted.
No photon emitted.
No photon emitted.
No photon emitted.
No photon emitted.
No photon emitted.
No photon emitted.
No photon emitted.
No photon emitted.
No photon emitted.
No photon emitted.
No photon emitted.
No photon emitted.
No photon emitted.
No photon emitted.
No photon emitted.
No photon emitted.
No photon emitted.
No photon emitted.
No photon emitted.
No photon emitted.
No photon emitted.
Photon emitted!
No photon emitted.
Sent data: 0000000002f082c6, last: 0
No photon emitted.
No photon emitted.
No photon emitted.
No photon emitted.
No photon emitted.
No photon emitted.
Photon emitted!
No photon emitted.
Sent data: 00000000037043bd, last: 0
No photon emitted.
No photon emitted.
No photon emitted.
No photon emitted.
No photon emitted.
No photon emitted.
Photon emitted!
No photon emitted.
Sent data: 0000000003f0aeb0, last: 0
No photon emitted.
Photon emitted!
No photon emitted.
Sent data: 000000000420539f, last: 0
No photon emitted.
No photon emitted.
No photon emitted.
No photon emitted.
No photon emitted.
No photon emitted.
No photon emitted.
No photon emitted.
Photon emitted!
No photon emitted.
Sent data: 0000000004c08099, last: 0
No photon emitted.
No photon emitted.
No photon emitted.
No photon emitted.
Photon emitted!
No photon emitted.
Sent data: 000000000520a41e, last: 0
No photon emitted.
No photon emitted.
No photon emitted.
No photon emitted.
No photon emitted.
No photon emitted.
No photon emitted.
Photon emitted!
No photon emitted.
Sent data: 0000000005b0da38, last: 0
No photon emitted.
No photon emitted.
No photon emitted.
No photon emitted.
No photon emitted.
Photon emitted!
No photon emitted.
Sent data: 00000000062084e9, last: 0
No photon emitted.
No photon emitted.
Photon emitted!
No photon emitted.
Sent data: 00000000066082ee, last: 0
No photon emitted.
No photon emitted.
Photon emitted!
No photon emitted.
Sent data: 0000000006a0613a, last: 0
No photon emitted.
No photon emitted.
No photon emitted.
No photon emitted.
No photon emitted.
No photon emitted.
Photon emitted!
No photon emitted.
Sent data: 000000000720f289, last: 0
No photon emitted.
No photon emitted.
No photon emitted.
No photon emitted.
No photon emitted.
No photon emitted.
No photon emitted.
No photon emitted.
No photon emitted.
No photon emitted.
No photon emitted.
No photon emitted.
No photon emitted.
No photon emitted.
No photon emitted.
No photon emitted.
No photon emitted.
No photon emitted.
No photon emitted.
No photon emitted.
No photon emitted.
No photon emitted.
No photon emitted.
No photon emitted.
No photon emitted.
No photon emitted.
No photon emitted.
Photon emitted!
No photon emitted.
Sent data: 0000000008f03ff1, last: 0
No photon emitted.
No photon emitted.
No photon emitted.
No photon emitted.
No photon emitted.
No photon emitted.
No photon emitted.
No photon emitted.
No photon emitted.
No photon emitted.
No photon emitted.
No photon emitted.
No photon emitted.
No photon emitted.
Photon emitted!
No photon emitted.
Sent data: 0000000009f0c6ff, last: 0
No photon emitted.
No photon emitted.
No photon emitted.
No photon emitted.
No photon emitted.
Photon emitted!
No photon emitted.
Sent data: 000000000a6084be, last: 0
No photon emitted.
No photon emitted.
No photon emitted.
No photon emitted.
No photon emitted.
No photon emitted.
No photon emitted.
No photon emitted.
No photon emitted.
No photon emitted.
No photon emitted.
No photon emitted.
No photon emitted.
No photon emitted.
No photon emitted.
No photon emitted.
No photon emitted.
No photon emitted.
No photon emitted.
No photon emitted.
No photon emitted.
No photon emitted.
No photon emitted.
No photon emitted.
No photon emitted.
No photon emitted.
Photon emitted!
No photon emitted.
Sent data: 000000000c201368, last: 0
No photon emitted.
Photon emitted!
No photon emitted.
Sent data: 000000000c506d41, last: 0
No photon emitted.
Photon emitted!
No photon emitted.
Sent data: 000000000c80492a, last: 0
No photon emitted.
No photon emitted.
Photon emitted!
No photon emitted.
Sent data: 000000000cc05b8c, last: 0
No photon emitted.
No photon emitted.
No photon emitted.
No photon emitted.
No photon emitted.
No photon emitted.
No photon emitted.
No photon emitted.
No photon emitted.
Photon emitted!
No photon emitted.
Sent data: 000000000d70176d, last: 0
No photon emitted.
Photon emitted!
No photon emitted.
Sent data: 000000000da03de1, last: 0
No photon emitted.
No photon emitted.
Photon emitted!
No photon emitted.
Sent data: 000000000de0c495, last: 0
No photon emitted.
No photon emitted.
No photon emitted.
No photon emitted.
No photon emitted.
No photon emitted.
No photon emitted.
No photon emitted.
No photon emitted.
Photon emitted!
No photon emitted.
Sent data: 000000000e90f0a5, last: 0
No photon emitted.
No photon emitted.
No photon emitted.
No photon emitted.
No photon emitted.
No photon emitted.
No photon emitted.
No photon emitted.
No photon emitted.
No photon emitted.
No photon emitted.
Photon emitted!
No photon emitted.
Sent data: 000000000f609a5f, last: 0
No photon emitted.
No photon emitted.
No photon emitted.
No photon emitted.
No photon emitted.
No photon emitted.
No photon emitted.
Photon emitted!
Photon emitted!
Sent data: 000000000ff09a57, last: 0
Photon emitted!
No photon emitted.
Sent data: 0000000010003753, last: 0
Photon emitted!
Sent data: 0000000010108e73, last: 0
No photon emitted.
No photon emitted.
Sent data: 000000001030f860, last: 0
No photon emitted.
No photon emitted.
No photon emitted.
No photon emitted.
No photon emitted.
No photon emitted.
No photon emitted.
Photon emitted!
Photon emitted!
Sent data: 0000000010d0aeea, last: 0
No photon emitted.
Sent data: 0000000010e05b7f, last: 0
No photon emitted.
No photon emitted.
No photon emitted.
No photon emitted.
No photon emitted.
Photon emitted!
No photon emitted.
Sent data: 000000001150c493, last: 0
No photon emitted.
No photon emitted.
No photon emitted.
No photon emitted.
No photon emitted.
No photon emitted.
No photon emitted.
No photon emitted.
No photon emitted.
No photon emitted.
No photon emitted.
No photon emitted.
No photon emitted.
No photon emitted.
No photon emitted.
No photon emitted.
No photon emitted.
No photon emitted.
No photon emitted.
No photon emitted.
Photon emitted!
No photon emitted.
Sent data: 0000000012b05112, last: 0
No photon emitted.
No photon emitted.
No photon emitted.
No photon emitted.
No photon emitted.
No photon emitted.
No photon emitted.
No photon emitted.
No photon emitted.
No photon emitted.
No photon emitted.
No photon emitted.
No photon emitted.
No photon emitted.
No photon emitted.
No photon emitted.
No photon emitted.
Photon emitted!
No photon emitted.
Sent data: 0000000013e0e8f5, last: 0
No photon emitted.
No photon emitted.
No photon emitted.
No photon emitted.
No photon emitted.
No photon emitted.
No photon emitted.
No photon emitted.
No photon emitted.
No photon emitted.
No photon emitted.
No photon emitted.
Photon emitted!
No photon emitted.
Sent data: 0000000014c02b3c, last: 0
No photon emitted.
No photon emitted.
No photon emitted.
No photon emitted.
Photon emitted!
No photon emitted.
Sent data: 0000000015205fb4, last: 0
No photon emitted.
No photon emitted.
No photon emitted.
No photon emitted.
No photon emitted.
No photon emitted.
No photon emitted.
No photon emitted.
Photon emitted!
No photon emitted.
Sent data: 0000000015c07b74, last: 0
No photon emitted.
No photon emitted.
No photon emitted.
No photon emitted.
No photon emitted.
No photon emitted.
No photon emitted.
No photon emitted.
No photon emitted.
No photon emitted.
No photon emitted.
No photon emitted.
No photon emitted.
Photon emitted!
No photon emitted.
Sent data: 0000000016b0f4b8, last: 0
No photon emitted.
No photon emitted.
Photon emitted!
No photon emitted.
Sent data: 0000000016f0671d, last: 0
No photon emitted.
Photon emitted!
Photon emitted!
Sent data: 000000001720e6a4, last: 0
No photon emitted.
No photon emitted.
Sent data: 00000000173094b0, last: 0
No photon emitted.
No photon emitted.
No photon emitted.
No photon emitted.
No photon emitted.
No photon emitted.
No photon emitted.
No photon emitted.
No photon emitted.
No photon emitted.
No photon emitted.
No photon emitted.
Photon emitted!
No photon emitted.
Sent data: 000000001820bc67, last: 0
No photon emitted.
No photon emitted.
No photon emitted.
No photon emitted.
No photon emitted.
No photon emitted.
No photon emitted.
No photon emitted.
No photon emitted.
No photon emitted.
No photon emitted.
No photon emitted.
No photon emitted.
No photon emitted.
No photon emitted.
Photon emitted!
No photon emitted.
Sent data: 00000000193007ea, last: 0
No photon emitted.
No photon emitted.
No photon emitted.
No photon emitted.
No photon emitted.
No photon emitted.
No photon emitted.
No photon emitted.
No photon emitted.
No photon emitted.
No photon emitted.
No photon emitted.
No photon emitted.
No photon emitted.
No photon emitted.
No photon emitted.
No photon emitted.
No photon emitted.
No photon emitted.
Photon emitted!
No photon emitted.
Sent data: 000000001a802923, last: 0
No photon emitted.
No photon emitted.
No photon emitted.
No photon emitted.
No photon emitted.
No photon emitted.
No photon emitted.
No photon emitted.
No photon emitted.
No photon emitted.
No photon emitted.
No photon emitted.
No photon emitted.
No photon emitted.
No photon emitted.
No photon emitted.
No photon emitted.
No photon emitted.
No photon emitted.
No photon emitted.
No photon emitted.
No photon emitted.
No photon emitted.
No photon emitted.
No photon emitted.
No photon emitted.
No photon emitted.
No photon emitted.
No photon emitted.
No photon emitted.
No photon emitted.
No photon emitted.
Photon emitted!
No photon emitted.
Sent data: 000000001ca07b93, last: 0
No photon emitted.
No photon emitted.
Photon emitted!
No photon emitted.
Sent data: 000000001ce0ece5, last: 0
No photon emitted.
No photon emitted.
No photon emitted.
No photon emitted.
No photon emitted.
No photon emitted.
No photon emitted.
No photon emitted.
No photon emitted.
No photon emitted.
No photon emitted.
No photon emitted.
No photon emitted.
No photon emitted.
No photon emitted.
No photon emitted.
No photon emitted.
No photon emitted.
No photon emitted.
No photon emitted.
No photon emitted.
No photon emitted.
No photon emitted.
No photon emitted.
No photon emitted.
No photon emitted.
No photon emitted.
No photon emitted.
No photon emitted.
No photon emitted.
Photon emitted!
No photon emitted.
Sent data: 000000001ee0ca31, last: 0
No photon emitted.
Photon emitted!
No photon emitted.
Sent data: 000000001f10b28f, last: 0
No photon emitted.
No photon emitted.
No photon emitted.
Photon emitted!
No photon emitted.
Sent data: 000000001f6049dd, last: 0
No photon emitted.
Photon emitted!
No photon emitted.
Sent data: 000000001f9073ef, last: 0
No photon emitted.
No photon emitted.
Photon emitted!
No photon emitted.
Sent data: 000000001fd02bad, last: 0
No photon emitted.
No photon emitted.
No photon emitted.
No photon emitted.
No photon emitted.
No photon emitted.
No photon emitted.
No photon emitted.
Photon emitted!
No photon emitted.
Sent data: 000000002070ce0d, last: 0
No photon emitted.
No photon emitted.
No photon emitted.
No photon emitted.
No photon emitted.
No photon emitted.
No photon emitted.
No photon emitted.
No photon emitted.
No photon emitted.
No photon emitted.
No photon emitted.
No photon emitted.
No photon emitted.
No photon emitted.
No photon emitted.
No photon emitted.
Photon emitted!
No photon emitted.
Sent data: 0000000021a0da33, last: 0
No photon emitted.
No photon emitted.
Photon emitted!
No photon emitted.
Sent data: 0000000021e0771f, last: 0
No photon emitted.
No photon emitted.
No photon emitted.
No photon emitted.
No photon emitted.
No photon emitted.
No photon emitted.
No photon emitted.
No photon emitted.
Photon emitted!
No photon emitted.
Sent data: 00000000229065e5, last: 0
No photon emitted.
No photon emitted.
Photon emitted!
No photon emitted.
Sent data: 0000000022d0093b, last: 0
No photon emitted.
No photon emitted.
Photon emitted!
No photon emitted.
Sent data: 000000002310ccd4, last: 0
No photon emitted.
No photon emitted.
No photon emitted.
Photon emitted!
No photon emitted.
Sent data: 000000002360ea98, last: 0
No photon emitted.
No photon emitted.
No photon emitted.
No photon emitted.
No photon emitted.
No photon emitted.
No photon emitted.
No photon emitted.
No photon emitted.
No photon emitted.
No photon emitted.
No photon emitted.
No photon emitted.
No photon emitted.
No photon emitted.
No photon emitted.
No photon emitted.
No photon emitted.
No photon emitted.
No photon emitted.
Photon emitted!
No photon emitted.
Sent data: 0000000024c07512, last: 0
No photon emitted.
No photon emitted.
No photon emitted.
No photon emitted.
Photon emitted!
No photon emitted.
Sent data: 000000002520ae05, last: 0
No photon emitted.
No photon emitted.
No photon emitted.
No photon emitted.
No photon emitted.
No photon emitted.
No photon emitted.
No photon emitted.
No photon emitted.
No photon emitted.
No photon emitted.
No photon emitted.
No photon emitted.
Photon emitted!
Photon emitted!
Sent data: 000000002610f8e3, last: 0
No photon emitted.
Sent data: 00000000262077ad, last: 0
No photon emitted.
No photon emitted.
No photon emitted.
No photon emitted.
Photon emitted!
No photon emitted.
Sent data: 00000000268015b2, last: 0
No photon emitted.
No photon emitted.
No photon emitted.
No photon emitted.
Photon emitted!
No photon emitted.
Sent data: 0000000026e04bbf, last: 0
No photon emitted.
Photon emitted!
No photon emitted.
Sent data: 0000000027107f63, last: 0
No photon emitted.
No photon emitted.
No photon emitted.
No photon emitted.
No photon emitted.
No photon emitted.
Photon emitted!
No photon emitted.
Sent data: 000000002790076a, last: 0
No photon emitted.
No photon emitted.
No photon emitted.
No photon emitted.
No photon emitted.
No photon emitted.
No photon emitted.
No photon emitted.
No photon emitted.
No photon emitted.
No photon emitted.
No photon emitted.
No photon emitted.
No photon emitted.
No photon emitted.
No photon emitted.
No photon emitted.
No photon emitted.
No photon emitted.
No photon emitted.
No photon emitted.
Photon emitted!
No photon emitted.
Sent data: 000000002900c4c2, last: 0
No photon emitted.
No photon emitted.
No photon emitted.
No photon emitted.
No photon emitted.
No photon emitted.
No photon emitted.
No photon emitted.
No photon emitted.
No photon emitted.
No photon emitted.
No photon emitted.
Photon emitted!
No photon emitted.
Sent data: 0000000029e02b0d, last: 0
No photon emitted.
No photon emitted.
No photon emitted.
No photon emitted.
Photon emitted!
No photon emitted.
Sent data: 000000002a40b6b8, last: 0
No photon emitted.
No photon emitted.
No photon emitted.
No photon emitted.
No photon emitted.
No photon emitted.
No photon emitted.
No photon emitted.
No photon emitted.
No photon emitted.
No photon emitted.
No photon emitted.
Photon emitted!
No photon emitted.
Sent data: 000000002b20c64b, last: 0
No photon emitted.
No photon emitted.
No photon emitted.
No photon emitted.
No photon emitted.
No photon emitted.
No photon emitted.
No photon emitted.
No photon emitted.
No photon emitted.
No photon emitted.
Photon emitted!
No photon emitted.
Sent data: 000000002bf0bc28, last: 0
Photon emitted!
No photon emitted.
Sent data: 000000002c1059bc, last: 0
No photon emitted.
Photon emitted!
No photon emitted.
Sent data: 000000002c40becc, last: 0
No photon emitted.
No photon emitted.
No photon emitted.
No photon emitted.
No photon emitted.
No photon emitted.
No photon emitted.
Photon emitted!
No photon emitted.
Sent data: 000000002cd025fc, last: 0
No photon emitted.
No photon emitted.
No photon emitted.
No photon emitted.
No photon emitted.
Photon emitted!
No photon emitted.
Sent data: 000000002d40fc2f, last: 0
No photon emitted.
No photon emitted.
Photon emitted!
Photon emitted!
Sent data: 000000002d802122, last: 0
No photon emitted.
Sent data: 000000002d9073a1, last: 0
No photon emitted.
No photon emitted.
Photon emitted!
No photon emitted.
Sent data: 000000002dd04b77, last: 0
Photon emitted!
No photon emitted.
Sent data: 000000002df0bc97, last: 0
No photon emitted.
No photon emitted.
No photon emitted.
No photon emitted.
No photon emitted.
No photon emitted.
No photon emitted.
No photon emitted.
No photon emitted.
No photon emitted.
No photon emitted.
No photon emitted.
No photon emitted.
No photon emitted.
No photon emitted.
No photon emitted.
No photon emitted.
No photon emitted.
No photon emitted.
No photon emitted.
No photon emitted.
No photon emitted.
Photon emitted!
No photon emitted.
Sent data: 000000002f701116, last: 0
No photon emitted.
No photon emitted.
No photon emitted.
No photon emitted.
Photon emitted!
Photon emitted!
Sent data: 000000002fd06f83, last: 0
No photon emitted.
Sent data: 000000002fe02765, last: 0
No photon emitted.
No photon emitted.
No photon emitted.
No photon emitted.
No photon emitted.
No photon emitted.
No photon emitted.
No photon emitted.
No photon emitted.
No photon emitted.
No photon emitted.
No photon emitted.
No photon emitted.
No photon emitted.
No photon emitted.
No photon emitted.
No photon emitted.
No photon emitted.
No photon emitted.
No photon emitted.
No photon emitted.
No photon emitted.
No photon emitted.
No photon emitted.
Photon emitted!
No photon emitted.
Sent data: 0000000031807b34, last: 0
No photon emitted.
No photon emitted.
No photon emitted.
No photon emitted.
No photon emitted.
No photon emitted.
No photon emitted.
No photon emitted.
No photon emitted.
No photon emitted.
Photon emitted!
No photon emitted.
Sent data: 0000000032407326, last: 0
No photon emitted.
Photon emitted!
No photon emitted.
Sent data: 0000000032700f90, last: 0
No photon emitted.
No photon emitted.
Photon emitted!
No photon emitted.
Sent data: 0000000032b0e209, last: 0
No photon emitted.
No photon emitted.
No photon emitted.
Photon emitted!
No photon emitted.
Sent data: 0000000033007391, last: 0
No photon emitted.
No photon emitted.
No photon emitted.
No photon emitted.
No photon emitted.
No photon emitted.
No photon emitted.
No photon emitted.
No photon emitted.
No photon emitted.
No photon emitted.
No photon emitted.
No photon emitted.
No photon emitted.
No photon emitted.
No photon emitted.
No photon emitted.
No photon emitted.
No photon emitted.
No photon emitted.
Photon emitted!
No photon emitted.
Sent data: 0000000034605311, last: 0
No photon emitted.
Photon emitted!
No photon emitted.
Sent data: 000000003490eecf, last: 0
No photon emitted.
No photon emitted.
No photon emitted.
No photon emitted.
No photon emitted.
No photon emitted.
No photon emitted.
Photon emitted!
No photon emitted.
Sent data: 0000000035206b95, last: 0
No photon emitted.
No photon emitted.
Photon emitted!
No photon emitted.
Sent data: 000000003560a087, last: 0
No photon emitted.
No photon emitted.
Photon emitted!
Photon emitted!
Sent data: 0000000035a07f2e, last: 0
No photon emitted.
No photon emitted.
Sent data: 0000000035b0698e, last: 0
No photon emitted.
No photon emitted.
Photon emitted!
No photon emitted.
Sent data: 0000000036006d41, last: 0
No photon emitted.
No photon emitted.
No photon emitted.
Photon emitted!
No photon emitted.
Sent data: 000000003650c054, last: 0
No photon emitted.
No photon emitted.
No photon emitted.
No photon emitted.
Photon emitted!
No photon emitted.
Sent data: 0000000036b080cc, last: 0
No photon emitted.
No photon emitted.
Photon emitted!
No photon emitted.
Sent data: 0000000036f09c45, last: 0
No photon emitted.
No photon emitted.
No photon emitted.
No photon emitted.
No photon emitted.
No photon emitted.
No photon emitted.
No photon emitted.
No photon emitted.
No photon emitted.
No photon emitted.
No photon emitted.
No photon emitted.
No photon emitted.
No photon emitted.
No photon emitted.
No photon emitted.
No photon emitted.
No photon emitted.
No photon emitted.
No photon emitted.
No photon emitted.
No photon emitted.
No photon emitted.
No photon emitted.
No photon emitted.
No photon emitted.
No photon emitted.
Photon emitted!
No photon emitted.
Sent data: 0000000038d05300, last: 0
No photon emitted.
No photon emitted.
No photon emitted.
No photon emitted.
No photon emitted.
No photon emitted.
No photon emitted.
No photon emitted.
Photon emitted!
No photon emitted.
Sent data: 0000000039704d10, last: 0
No photon emitted.
No photon emitted.
No photon emitted.
No photon emitted.
No photon emitted.
No photon emitted.
No photon emitted.
No photon emitted.
No photon emitted.
No photon emitted.
No photon emitted.
No photon emitted.
Photon emitted!
No photon emitted.
Sent data: 000000003a50a429, last: 0
No photon emitted.
No photon emitted.
No photon emitted.
No photon emitted.
No photon emitted.
No photon emitted.
No photon emitted.
No photon emitted.
No photon emitted.
No photon emitted.
Photon emitted!
No photon emitted.
Sent data: 000000003b10e2a8, last: 0
No photon emitted.
Photon emitted!
Photon emitted!
Sent data: 000000003b404920, last: 0
No photon emitted.
Sent data: 000000003b500512, last: 0
No photon emitted.
No photon emitted.
No photon emitted.
No photon emitted.
No photon emitted.
No photon emitted.
No photon emitted.
No photon emitted.
No photon emitted.
No photon emitted.
No photon emitted.
No photon emitted.
No photon emitted.
No photon emitted.
No photon emitted.
No photon emitted.
Photon emitted!
No photon emitted.
Sent data: 000000003c70791a, last: 0
No photon emitted.
No photon emitted.
No photon emitted.
No photon emitted.
No photon emitted.
No photon emitted.
Photon emitted!
No photon emitted.
Sent data: 000000003cf0592d, last: 0
No photon emitted.
No photon emitted.
Photon emitted!
No photon emitted.
Sent data: 000000003d30bcb7, last: 0
No photon emitted.
No photon emitted.
No photon emitted.
No photon emitted.
No photon emitted.
No photon emitted.
No photon emitted.
No photon emitted.
No photon emitted.
No photon emitted.
No photon emitted.
No photon emitted.
Photon emitted!
No photon emitted.
Sent data: 000000003e10e024, last: 0
Photon emitted!
No photon emitted.
Sent data: 000000003e30c8ee, last: 0
Photon emitted!
No photon emitted.
Sent data: 000000003e50dabc, last: 0
No photon emitted.
No photon emitted.
No photon emitted.
No photon emitted.
No photon emitted.
No photon emitted.
No photon emitted.
No photon emitted.
No photon emitted.
No photon emitted.
No photon emitted.
No photon emitted.
No photon emitted.
No photon emitted.
No photon emitted.
No photon emitted.
Photon emitted!
No photon emitted.
Sent data: 000000003f705932, last: 0
No photon emitted.
No photon emitted.
No photon emitted.
No photon emitted.
Photon emitted!
No photon emitted.
Sent data: 000000003fd09e16, last: 0
No photon emitted.
No photon emitted.
No photon emitted.
No photon emitted.
No photon emitted.
No photon emitted.
No photon emitted.
No photon emitted.
No photon emitted.
No photon emitted.
Photon emitted!
No photon emitted.
Sent data: 0000000000901dbe, last: 0
No photon emitted.
No photon emitted.
No photon emitted.
Photon emitted!
No photon emitted.
Sent data: 0000000000e005b9, last: 0
No photon emitted.
No photon emitted.
No photon emitted.
No photon emitted.
No photon emitted.
No photon emitted.
No photon emitted.
No photon emitted.
No photon emitted.
No photon emitted.
No photon emitted.
No photon emitted.
Photon emitted!
No photon emitted.
Sent data: 0000000001c08ada, last: 0
Photon emitted!
No photon emitted.
Sent data: 0000000001e0bc96, last: 0
No photon emitted.
No photon emitted.
No photon emitted.
No photon emitted.
No photon emitted.
No photon emitted.
Photon emitted!
No photon emitted.
Sent data: 000000000260c4a5, last: 0
No photon emitted.
Photon emitted!
No photon emitted.
Sent data: 000000000290332b, last: 0
No photon emitted.
No photon emitted.
No photon emitted.
No photon emitted.
No photon emitted.
No photon emitted.
No photon emitted.
Photon emitted!
No photon emitted.
Sent data: 0000000003207daf, last: 0
No photon emitted.
No photon emitted.
No photon emitted.
No photon emitted.
No photon emitted.
No photon emitted.
No photon emitted.
No photon emitted.
No photon emitted.
No photon emitted.
Photon emitted!
No photon emitted.
Sent data: 0000000003e073cc, last: 0
No photon emitted.
No photon emitted.
No photon emitted.
No photon emitted.
No photon emitted.
Photon emitted!
No photon emitted.
Sent data: 000000000450cc09, last: 0
Photon emitted!
No photon emitted.
Sent data: 000000000470802c, last: 0
No photon emitted.
No photon emitted.
No photon emitted.
No photon emitted.
Photon emitted!
No photon emitted.
Sent data: 0000000004d01b69, last: 0
No photon emitted.
No photon emitted.
No photon emitted.
Photon emitted!
No photon emitted.
Sent data: 000000000520bcb3, last: 0
No photon emitted.
No photon emitted.
No photon emitted.
No photon emitted.
No photon emitted.
No photon emitted.
No photon emitted.
No photon emitted.
No photon emitted.
No photon emitted.
No photon emitted.
No photon emitted.
No photon emitted.
No photon emitted.
Photon emitted!
No photon emitted.
Sent data: 000000000620fc92, last: 0
No photon emitted.
Photon emitted!
No photon emitted.
Sent data: 0000000006504968, last: 0
No photon emitted.
No photon emitted.
No photon emitted.
No photon emitted.
No photon emitted.
Photon emitted!
No photon emitted.
Sent data: 0000000006c092fd, last: 0
No photon emitted.
Photon emitted!
No photon emitted.
Sent data: 0000000006f05ba7, last: 0
No photon emitted.
No photon emitted.
No photon emitted.
No photon emitted.
No photon emitted.
No photon emitted.
No photon emitted.
No photon emitted.
No photon emitted.
No photon emitted.
No photon emitted.
No photon emitted.
No photon emitted.
No photon emitted.
No photon emitted.
No photon emitted.
No photon emitted.
No photon emitted.
No photon emitted.
No photon emitted.
No photon emitted.
No photon emitted.
No photon emitted.
No photon emitted.
No photon emitted.
No photon emitted.
No photon emitted.
No photon emitted.
No photon emitted.
No photon emitted.
No photon emitted.
No photon emitted.
No photon emitted.
No photon emitted.
No photon emitted.
No photon emitted.
No photon emitted.
No photon emitted.
No photon emitted.
No photon emitted.
No photon emitted.
No photon emitted.
No photon emitted.
No photon emitted.
No photon emitted.
No photon emitted.
No photon emitted.
No photon emitted.
No photon emitted.
No photon emitted.
No photon emitted.
No photon emitted.
No photon emitted.
No photon emitted.
No photon emitted.
No photon emitted.
No photon emitted.
No photon emitted.
No photon emitted.
No photon emitted.
No photon emitted.
No photon emitted.
No photon emitted.
No photon emitted.
No photon emitted.
No photon emitted.
Photon emitted!
Photon emitted!
Sent data: 000000000b30e6d0, last: 0
No photon emitted.
No photon emitted.
Sent data: 000000000b402bd4, last: 0
No photon emitted.
Photon emitted!
No photon emitted.
Sent data: 000000000b804f78, last: 0
No photon emitted.
No photon emitted.
No photon emitted.
No photon emitted.
No photon emitted.
No photon emitted.
No photon emitted.
No photon emitted.
No photon emitted.
No photon emitted.
No photon emitted.
No photon emitted.
No photon emitted.
Photon emitted!
No photon emitted.
Sent data: 000000000c704718, last: 0
No photon emitted.
No photon emitted.
No photon emitted.
No photon emitted.
No photon emitted.
No photon emitted.
Photon emitted!
No photon emitted.
Sent data: 000000000cf05143, last: 0
No photon emitted.
No photon emitted.
No photon emitted.
No photon emitted.
No photon emitted.
No photon emitted.
No photon emitted.
No photon emitted.
No photon emitted.
Photon emitted!
No photon emitted.
Sent data: 000000000da07f65, last: 0
No photon emitted.
No photon emitted.
No photon emitted.
No photon emitted.
No photon emitted.
No photon emitted.
No photon emitted.
No photon emitted.
No photon emitted.
No photon emitted.
No photon emitted.
No photon emitted.
Photon emitted!
No photon emitted.
Sent data: 000000000e807b92, last: 0
No photon emitted.
No photon emitted.
Photon emitted!
No photon emitted.
Sent data: 000000000ec03be9, last: 0
No photon emitted.
No photon emitted.
No photon emitted.
No photon emitted.
No photon emitted.
No photon emitted.
No photon emitted.
No photon emitted.
No photon emitted.
No photon emitted.
No photon emitted.
No photon emitted.
No photon emitted.
No photon emitted.
No photon emitted.
No photon emitted.
No photon emitted.
No photon emitted.
No photon emitted.
No photon emitted.
No photon emitted.
No photon emitted.
No photon emitted.
Photon emitted!
No photon emitted.
Sent data: 0000000010504bca, last: 0
No photon emitted.
No photon emitted.
No photon emitted.
No photon emitted.
No photon emitted.
No photon emitted.
No photon emitted.
No photon emitted.
No photon emitted.
No photon emitted.
No photon emitted.
No photon emitted.
No photon emitted.
No photon emitted.
No photon emitted.
No photon emitted.
No photon emitted.
No photon emitted.
No photon emitted.
No photon emitted.
No photon emitted.
No photon emitted.
No photon emitted.
No photon emitted.
No photon emitted.
No photon emitted.
Photon emitted!
No photon emitted.
Sent data: 00000000121063eb, last: 0
No photon emitted.
No photon emitted.
No photon emitted.
No photon emitted.
No photon emitted.
No photon emitted.
No photon emitted.
No photon emitted.
Photon emitted!
No photon emitted.
Sent data: 0000000012b084c2, last: 0
No photon emitted.
No photon emitted.
No photon emitted.
No photon emitted.
No photon emitted.
No photon emitted.
No photon emitted.
No photon emitted.
No photon emitted.
No photon emitted.
No photon emitted.
No photon emitted.
No photon emitted.
No photon emitted.
No photon emitted.
Photon emitted!
No photon emitted.
Sent data: 0000000013c0b666, last: 0
No photon emitted.
No photon emitted.
Photon emitted!
No photon emitted.
Sent data: 0000000014001f18, last: 0
No photon emitted.
No photon emitted.
No photon emitted.
No photon emitted.
No photon emitted.
No photon emitted.
No photon emitted.
No photon emitted.
No photon emitted.
No photon emitted.
No photon emitted.
No photon emitted.
No photon emitted.
No photon emitted.
Photon emitted!
No photon emitted.
Sent data: 00000000150033e3, last: 1
No photon emitted.
No photon emitted.
No photon emitted.
No photon emitted.
No photon emitted.
No photon emitted.
Photon emitted!
Photon emitted!
Sent data: 000000001580983a, last: 0
No photon emitted.
Sent data: 000000001590f24b, last: 0
No photon emitted.
No photon emitted.
Photon emitted!
No photon emitted.
Sent data: 0000000015d0da4a, last: 0
No photon emitted.
No photon emitted.
No photon emitted.
No photon emitted.
No photon emitted.
No photon emitted.
No photon emitted.
No photon emitted.
No photon emitted.
No photon emitted.
No photon emitted.
No photon emitted.
No photon emitted.
No photon emitted.
No photon emitted.
No photon emitted.
No photon emitted.
No photon emitted.
No photon emitted.
Photon emitted!
No photon emitted.
Sent data: 0000000017208a56, last: 0
No photon emitted.
No photon emitted.
No photon emitted.
Photon emitted!
Photon emitted!
Sent data: 0000000017701f9c, last: 0
No photon emitted.
No photon emitted.
Sent data: 0000000017806ddd, last: 0
No photon emitted.
No photon emitted.
No photon emitted.
Photon emitted!
No photon emitted.
Sent data: 0000000017e0c82e, last: 0
No photon emitted.
No photon emitted.
No photon emitted.
No photon emitted.
No photon emitted.
No photon emitted.
No photon emitted.
No photon emitted.
No photon emitted.
No photon emitted.
No photon emitted.
No photon emitted.
Photon emitted!
No photon emitted.
Sent data: 0000000018c0c6a1, last: 0
No photon emitted.
No photon emitted.
No photon emitted.
No photon emitted.
No photon emitted.
No photon emitted.
No photon emitted.
No photon emitted.
No photon emitted.
No photon emitted.
Photon emitted!
Photon emitted!
Sent data: 000000001980c6ba, last: 0
No photon emitted.
Sent data: 0000000019906181, last: 0
No photon emitted.
No photon emitted.
No photon emitted.
No photon emitted.
No photon emitted.
No photon emitted.
No photon emitted.
No photon emitted.
No photon emitted.
Photon emitted!
No photon emitted.
Sent data: 000000001a40755b, last: 0
No photon emitted.
No photon emitted.
No photon emitted.
No photon emitted.
No photon emitted.
Photon emitted!
Photon emitted!
Sent data: 000000001ab08041, last: 0
No photon emitted.
No photon emitted.
Sent data: 000000001ac07b4a, last: 0
Photon emitted!
Photon emitted!
Sent data: 000000001af0cad1, last: 0
Photon emitted!
No photon emitted.
Sent data: 000000001b002dab, last: 0
No photon emitted.
Sent data: 000000001b10986b, last: 0
No photon emitted.
No photon emitted.
No photon emitted.
No photon emitted.
No photon emitted.
No photon emitted.
No photon emitted.
No photon emitted.
No photon emitted.
No photon emitted.
No photon emitted.
No photon emitted.
No photon emitted.
No photon emitted.
No photon emitted.
No photon emitted.
No photon emitted.
No photon emitted.
Photon emitted!
No photon emitted.
Sent data: 000000001c60e8d0, last: 0
No photon emitted.
No photon emitted.
No photon emitted.
No photon emitted.
No photon emitted.
No photon emitted.
No photon emitted.
No photon emitted.
No photon emitted.
No photon emitted.
No photon emitted.
No photon emitted.
No photon emitted.
No photon emitted.
No photon emitted.
No photon emitted.
No photon emitted.
No photon emitted.
No photon emitted.
No photon emitted.
No photon emitted.
No photon emitted.
Photon emitted!
No photon emitted.
Sent data: 000000001de067a4, last: 0
No photon emitted.
No photon emitted.
No photon emitted.
No photon emitted.
No photon emitted.
No photon emitted.
No photon emitted.
No photon emitted.
No photon emitted.
No photon emitted.
No photon emitted.
No photon emitted.
No photon emitted.
No photon emitted.
No photon emitted.
No photon emitted.
No photon emitted.
No photon emitted.
No photon emitted.
No photon emitted.
Photon emitted!
No photon emitted.
Sent data: 000000001f407b39, last: 0
No photon emitted.
No photon emitted.
No photon emitted.
No photon emitted.
No photon emitted.
No photon emitted.
No photon emitted.
No photon emitted.
No photon emitted.
No photon emitted.
No photon emitted.
No photon emitted.
No photon emitted.
No photon emitted.
No photon emitted.
No photon emitted.
No photon emitted.
No photon emitted.
No photon emitted.
No photon emitted.
No photon emitted.
Photon emitted!
No photon emitted.
Sent data: 0000000020b0a6a2, last: 0
No photon emitted.
Photon emitted!
No photon emitted.
Sent data: 0000000020e0faad, last: 0
No photon emitted.
Photon emitted!
No photon emitted.
Sent data: 0000000021102f00, last: 0
No photon emitted.
No photon emitted.
No photon emitted.
Photon emitted!
Photon emitted!
Sent data: 000000002160ac6b, last: 0
No photon emitted.
No photon emitted.
Sent data: 0000000021700b09, last: 0
Photon emitted!
No photon emitted.
Sent data: 0000000021a05f96, last: 0
No photon emitted.
No photon emitted.
No photon emitted.
No photon emitted.
No photon emitted.
No photon emitted.
No photon emitted.
No photon emitted.
No photon emitted.
No photon emitted.
No photon emitted.
Photon emitted!
No photon emitted.
Sent data: 0000000022706376, last: 0
No photon emitted.
No photon emitted.
No photon emitted.
No photon emitted.
No photon emitted.
Photon emitted!
No photon emitted.
Sent data: 0000000022e0cc31, last: 0
No photon emitted.
No photon emitted.
No photon emitted.
No photon emitted.
No photon emitted.
No photon emitted.
No photon emitted.
No photon emitted.
No photon emitted.
No photon emitted.
No photon emitted.
No photon emitted.
No photon emitted.
No photon emitted.
No photon emitted.
No photon emitted.
No photon emitted.
No photon emitted.
No photon emitted.
No photon emitted.
No photon emitted.
No photon emitted.
Photon emitted!
No photon emitted.
Sent data: 000000002460dc99, last: 0
No photon emitted.
Photon emitted!
No photon emitted.
Sent data: 0000000024907d5c, last: 0
No photon emitted.
Photon emitted!
Photon emitted!
Sent data: 0000000024c07bcc, last: 0
No photon emitted.
Sent data: 0000000024d02706, last: 0
No photon emitted.
No photon emitted.
No photon emitted.
No photon emitted.
No photon emitted.
Photon emitted!
No photon emitted.
Sent data: 0000000025407b0e, last: 0
Photon emitted!
No photon emitted.
Sent data: 000000002560074b, last: 0
No photon emitted.
No photon emitted.
No photon emitted.
No photon emitted.
No photon emitted.
No photon emitted.
No photon emitted.
Photon emitted!
No photon emitted.
Sent data: 0000000025f0b48c, last: 0
No photon emitted.
No photon emitted.
Photon emitted!
No photon emitted.
Sent data: 000000002630c8d3, last: 0
No photon emitted.
No photon emitted.
No photon emitted.
Photon emitted!
No photon emitted.
Sent data: 00000000268001a8, last: 0
No photon emitted.
No photon emitted.
No photon emitted.
No photon emitted.
No photon emitted.
No photon emitted.
No photon emitted.
No photon emitted.
No photon emitted.
No photon emitted.
No photon emitted.
No photon emitted.
No photon emitted.
No photon emitted.
No photon emitted.
No photon emitted.
No photon emitted.
No photon emitted.
No photon emitted.
No photon emitted.
No photon emitted.
Photon emitted!
No photon emitted.
Sent data: 0000000027f06311, last: 0
No photon emitted.
Photon emitted!
No photon emitted.
Sent data: 0000000028208c4f, last: 0
No photon emitted.
No photon emitted.
No photon emitted.
No photon emitted.
No photon emitted.
No photon emitted.
No photon emitted.
No photon emitted.
No photon emitted.
No photon emitted.
No photon emitted.
No photon emitted.
No photon emitted.
No photon emitted.
No photon emitted.
Photon emitted!
No photon emitted.
Sent data: 0000000029307d3f, last: 0
No photon emitted.
No photon emitted.
No photon emitted.
No photon emitted.
No photon emitted.
No photon emitted.
No photon emitted.
Photon emitted!
No photon emitted.
Sent data: 0000000029c04b87, last: 0
No photon emitted.
No photon emitted.
No photon emitted.
No photon emitted.
No photon emitted.
No photon emitted.
No photon emitted.
No photon emitted.
No photon emitted.
No photon emitted.
No photon emitted.
No photon emitted.
No photon emitted.
No photon emitted.
No photon emitted.
No photon emitted.
No photon emitted.
No photon emitted.
No photon emitted.
No photon emitted.
No photon emitted.
No photon emitted.
No photon emitted.
No photon emitted.
Photon emitted!
No photon emitted.
Sent data: 000000002b60416c, last: 0
No photon emitted.
No photon emitted.
No photon emitted.
No photon emitted.
No photon emitted.
No photon emitted.
No photon emitted.
No photon emitted.
No photon emitted.
No photon emitted.
No photon emitted.
No photon emitted.
No photon emitted.
No photon emitted.
No photon emitted.
No photon emitted.
No photon emitted.
No photon emitted.
No photon emitted.
Photon emitted!
No photon emitted.
Sent data: 000000002cb0be55, last: 0
No photon emitted.
No photon emitted.
No photon emitted.
No photon emitted.
No photon emitted.
Photon emitted!
No photon emitted.
Sent data: 000000002d204f96, last: 0
No photon emitted.
No photon emitted.
No photon emitted.
Photon emitted!
No photon emitted.
Sent data: 000000002d7073d9, last: 0
No photon emitted.
No photon emitted.
No photon emitted.
No photon emitted.
No photon emitted.
No photon emitted.
No photon emitted.
Photon emitted!
Photon emitted!
Sent data: 000000002e000d83, last: 0
No photon emitted.
Sent data: 000000002e10c654, last: 0
No photon emitted.
Photon emitted!
Photon emitted!
Sent data: 000000002e408ccf, last: 0
Photon emitted!
Sent data: 000000002e50598b, last: 0
No photon emitted.
No photon emitted.
Sent data: 000000002e606f42, last: 0
Photon emitted!
No photon emitted.
Sent data: 000000002e9061fd, last: 0
No photon emitted.
No photon emitted.
No photon emitted.
No photon emitted.
No photon emitted.
No photon emitted.
Photon emitted!
No photon emitted.
Sent data: 000000002f1041cf, last: 0
No photon emitted.
No photon emitted.
No photon emitted.
No photon emitted.
No photon emitted.
No photon emitted.
No photon emitted.
No photon emitted.
No photon emitted.
No photon emitted.
No photon emitted.
No photon emitted.
No photon emitted.
No photon emitted.
No photon emitted.
No photon emitted.
No photon emitted.
No photon emitted.
No photon emitted.
No photon emitted.
No photon emitted.
Photon emitted!
No photon emitted.
Sent data: 00000000308015bb, last: 0
No photon emitted.
No photon emitted.
No photon emitted.
No photon emitted.
No photon emitted.
No photon emitted.
No photon emitted.
No photon emitted.
No photon emitted.
No photon emitted.
Photon emitted!
Photon emitted!
Sent data: 000000003140d691, last: 0
No photon emitted.
Sent data: 000000003150882b, last: 0
No photon emitted.
No photon emitted.
No photon emitted.
No photon emitted.
No photon emitted.
No photon emitted.
No photon emitted.
No photon emitted.
Photon emitted!
No photon emitted.
Sent data: 0000000031f0378c, last: 0
No photon emitted.
No photon emitted.
No photon emitted.
No photon emitted.
No photon emitted.
No photon emitted.
No photon emitted.
Photon emitted!
Photon emitted!
Sent data: 00000000328007a6, last: 0
No photon emitted.
Sent data: 000000003290f0bb, last: 0
No photon emitted.
No photon emitted.
No photon emitted.
No photon emitted.
No photon emitted.
No photon emitted.
Photon emitted!
No photon emitted.
Sent data: 0000000033107937, last: 0
No photon emitted.
No photon emitted.
Photon emitted!
No photon emitted.
Sent data: 000000003350fc0c, last: 0
No photon emitted.
No photon emitted.
No photon emitted.
No photon emitted.
No photon emitted.
No photon emitted.
No photon emitted.
Photon emitted!
No photon emitted.
Sent data: 0000000033e0c63e, last: 0
No photon emitted.
No photon emitted.
No photon emitted.
Photon emitted!
No photon emitted.
Sent data: 000000003430a6dd, last: 0
No photon emitted.
No photon emitted.
No photon emitted.
No photon emitted.
No photon emitted.
No photon emitted.
Photon emitted!
No photon emitted.
Sent data: 0000000034b03166, last: 0
No photon emitted.
No photon emitted.
No photon emitted.
No photon emitted.
No photon emitted.
No photon emitted.
Photon emitted!
No photon emitted.
Sent data: 000000003530def9, last: 0
No photon emitted.
No photon emitted.
No photon emitted.
No photon emitted.
No photon emitted.
No photon emitted.
Photon emitted!
No photon emitted.
Sent data: 0000000035b0332e, last: 0
No photon emitted.
Photon emitted!
No photon emitted.
Sent data: 0000000035e025b6, last: 0
No photon emitted.
No photon emitted.
No photon emitted.
No photon emitted.
No photon emitted.
No photon emitted.
No photon emitted.
No photon emitted.
No photon emitted.
No photon emitted.
No photon emitted.
No photon emitted.
No photon emitted.
No photon emitted.
No photon emitted.
No photon emitted.
No photon emitted.
Photon emitted!
No photon emitted.
Sent data: 00000000371069e7, last: 0
No photon emitted.
No photon emitted.
No photon emitted.
No photon emitted.
No photon emitted.
Photon emitted!
No photon emitted.
Sent data: 00000000378065cd, last: 0
No photon emitted.
No photon emitted.
Photon emitted!
No photon emitted.
Sent data: 0000000037c0e677, last: 0
No photon emitted.
No photon emitted.
No photon emitted.
No photon emitted.
No photon emitted.
No photon emitted.
No photon emitted.
No photon emitted.
No photon emitted.
No photon emitted.
No photon emitted.
No photon emitted.
No photon emitted.
No photon emitted.
No photon emitted.
No photon emitted.
No photon emitted.
No photon emitted.
No photon emitted.
No photon emitted.
No photon emitted.
No photon emitted.
No photon emitted.
No photon emitted.
No photon emitted.
No photon emitted.
No photon emitted.
No photon emitted.
No photon emitted.
No photon emitted.
No photon emitted.
No photon emitted.
No photon emitted.
No photon emitted.
No photon emitted.
No photon emitted.
No photon emitted.
No photon emitted.
No photon emitted.
No photon emitted.
No photon emitted.
No photon emitted.
No photon emitted.
Photon emitted!
No photon emitted.
Sent data: 000000003a90d6b7, last: 0
No photon emitted.
Photon emitted!
No photon emitted.
Sent data: 000000003ac09e68, last: 0
No photon emitted.
Photon emitted!
No photon emitted.
Sent data: 000000003af05f2f, last: 0
No photon emitted.
No photon emitted.
No photon emitted.
No photon emitted.
No photon emitted.
No photon emitted.
No photon emitted.
Photon emitted!
No photon emitted.
Sent data: 000000003b803f6d, last: 0
No photon emitted.
No photon emitted.
Photon emitted!
Photon emitted!
Sent data: 000000003bc06b9e, last: 0
No photon emitted.
Sent data: 000000003bd08ea2, last: 0
No photon emitted.
No photon emitted.
No photon emitted.
No photon emitted.
No photon emitted.
No photon emitted.
No photon emitted.
No photon emitted.
No photon emitted.
No photon emitted.
Photon emitted!
No photon emitted.
Sent data: 000000003c90d8a6, last: 0
No photon emitted.
No photon emitted.
No photon emitted.
No photon emitted.
No photon emitted.
No photon emitted.
No photon emitted.
Photon emitted!
No photon emitted.
Sent data: 000000003d20553b, last: 0
No photon emitted.
No photon emitted.
Photon emitted!
No photon emitted.
Sent data: 000000003d604d78, last: 0
No photon emitted.
Photon emitted!
No photon emitted.
Sent data: 000000003d90b4e5, last: 0
No photon emitted.
Photon emitted!
No photon emitted.
Sent data: 000000003dc01b27, last: 0
No photon emitted.
No photon emitted.
No photon emitted.
No photon emitted.
No photon emitted.
No photon emitted.
No photon emitted.
No photon emitted.
No photon emitted.
No photon emitted.
Photon emitted!
No photon emitted.
Sent data: 000000003e8088b4, last: 0
No photon emitted.
No photon emitted.
No photon emitted.
No photon emitted.
No photon emitted.
Photon emitted!
No photon emitted.
Sent data: 000000003ef02571, last: 0
No photon emitted.
No photon emitted.
No photon emitted.
No photon emitted.
No photon emitted.
No photon emitted.
No photon emitted.
Photon emitted!
No photon emitted.
Sent data: 000000003f80ca1a, last: 0
No photon emitted.
No photon emitted.
No photon emitted.
No photon emitted.
No photon emitted.
No photon emitted.
No photon emitted.
No photon emitted.
Photon emitted!
Photon emitted!
Sent data: 000000000020b6b0, last: 0
No photon emitted.
No photon emitted.
Sent data: 000000000030f2a1, last: 0
No photon emitted.
No photon emitted.
No photon emitted.
No photon emitted.
No photon emitted.
No photon emitted.
No photon emitted.
No photon emitted.
No photon emitted.
No photon emitted.
No photon emitted.
Photon emitted!
Photon emitted!
Sent data: 000000000110652f, last: 0
No photon emitted.
Sent data: 0000000001205130, last: 0
No photon emitted.
No photon emitted.
Photon emitted!
No photon emitted.
Sent data: 000000000160f267, last: 0
No photon emitted.
No photon emitted.
No photon emitted.
No photon emitted.
No photon emitted.
No photon emitted.
No photon emitted.
No photon emitted.
No photon emitted.
Photon emitted!
No photon emitted.
Sent data: 0000000002107346, last: 0
No photon emitted.
No photon emitted.
No photon emitted.
No photon emitted.
Photon emitted!
No photon emitted.
Sent data: 000000000270b226, last: 0
No photon emitted.
No photon emitted.
No photon emitted.
No photon emitted.
No photon emitted.
No photon emitted.
No photon emitted.
No photon emitted.
No photon emitted.
No photon emitted.
No photon emitted.
No photon emitted.
No photon emitted.
No photon emitted.
No photon emitted.
Photon emitted!
No photon emitted.
Sent data: 0000000003800165, last: 0
No photon emitted.
No photon emitted.
No photon emitted.
Photon emitted!
No photon emitted.
Sent data: 0000000003d0de6f, last: 0
No photon emitted.
No photon emitted.
Photon emitted!
No photon emitted.
Sent data: 000000000410215c, last: 0
No photon emitted.
No photon emitted.
No photon emitted.
No photon emitted.
No photon emitted.
No photon emitted.
No photon emitted.
No photon emitted.
No photon emitted.
Photon emitted!
No photon emitted.
Sent data: 0000000004c0feb6, last: 0
No photon emitted.
No photon emitted.
No photon emitted.
No photon emitted.
No photon emitted.
No photon emitted.
No photon emitted.
No photon emitted.
No photon emitted.
Photon emitted!
No photon emitted.
Sent data: 000000000570d478, last: 0
No photon emitted.
No photon emitted.
No photon emitted.
No photon emitted.
No photon emitted.
No photon emitted.
No photon emitted.
No photon emitted.
No photon emitted.
Photon emitted!
No photon emitted.
Sent data: 000000000620c409, last: 0
No photon emitted.
No photon emitted.
Photon emitted!
Photon emitted!
Sent data: 000000000660da2a, last: 0
No photon emitted.
No photon emitted.
Sent data: 0000000006707368, last: 0
No photon emitted.
No photon emitted.
No photon emitted.
No photon emitted.
No photon emitted.
Photon emitted!
No photon emitted.
Sent data: 0000000006f00b21, last: 0
No photon emitted.
No photon emitted.
Photon emitted!
No photon emitted.
Sent data: 000000000730b203, last: 0
No photon emitted.
No photon emitted.
No photon emitted.
No photon emitted.
No photon emitted.
No photon emitted.
No photon emitted.
No photon emitted.
No photon emitted.
No photon emitted.
Photon emitted!
No photon emitted.
Sent data: 0000000007f0bc02, last: 0
No photon emitted.
No photon emitted.
No photon emitted.
No photon emitted.
No photon emitted.
No photon emitted.
No photon emitted.
No photon emitted.
No photon emitted.
No photon emitted.
No photon emitted.
No photon emitted.
No photon emitted.
No photon emitted.
No photon emitted.
No photon emitted.
No photon emitted.
No photon emitted.
Photon emitted!
No photon emitted.
Sent data: 000000000930fc25, last: 0
No photon emitted.
No photon emitted.
No photon emitted.
No photon emitted.
No photon emitted.
No photon emitted.
No photon emitted.
No photon emitted.
No photon emitted.
No photon emitted.
No photon emitted.
No photon emitted.
No photon emitted.
No photon emitted.
Photon emitted!
No photon emitted.
Sent data: 000000000a301fdd, last: 0
Photon emitted!
No photon emitted.
Sent data: 000000000a50732b, last: 0
No photon emitted.
No photon emitted.
No photon emitted.
No photon emitted.
No photon emitted.
No photon emitted.
No photon emitted.
No photon emitted.
No photon emitted.
No photon emitted.
Photon emitted!
No photon emitted.
Sent data: 000000000b1023d8, last: 0
No photon emitted.
No photon emitted.
No photon emitted.
Photon emitted!
No photon emitted.
Sent data: 000000000b60c6c0, last: 0
No photon emitted.
No photon emitted.
No photon emitted.
No photon emitted.
No photon emitted.
No photon emitted.
No photon emitted.
Photon emitted!
Photon emitted!
Sent data: 000000000bf04d7c, last: 0
No photon emitted.
No photon emitted.
Sent data: 000000000c0011c9, last: 0
No photon emitted.
No photon emitted.
No photon emitted.
No photon emitted.
No photon emitted.
No photon emitted.
No photon emitted.
No photon emitted.
No photon emitted.
Photon emitted!
No photon emitted.
Sent data: 000000000cc0a623, last: 0
No photon emitted.
No photon emitted.
No photon emitted.
No photon emitted.
No photon emitted.
No photon emitted.
No photon emitted.
No photon emitted.
No photon emitted.
No photon emitted.
No photon emitted.
No photon emitted.
No photon emitted.
No photon emitted.
No photon emitted.
No photon emitted.
No photon emitted.
No photon emitted.
No photon emitted.
No photon emitted.
No photon emitted.
No photon emitted.
Photon emitted!
No photon emitted.
Sent data: 000000000e403da6, last: 0
No photon emitted.
No photon emitted.
No photon emitted.
No photon emitted.
No photon emitted.
No photon emitted.
No photon emitted.
No photon emitted.
No photon emitted.
No photon emitted.
No photon emitted.
No photon emitted.
No photon emitted.
No photon emitted.
No photon emitted.
No photon emitted.
No photon emitted.
No photon emitted.
No photon emitted.
No photon emitted.
No photon emitted.
No photon emitted.
No photon emitted.
No photon emitted.
No photon emitted.
No photon emitted.
No photon emitted.
Photon emitted!
No photon emitted.
Sent data: 0000000010109068, last: 0
No photon emitted.
No photon emitted.
No photon emitted.
No photon emitted.
Photon emitted!
No photon emitted.
Sent data: 000000001070dab9, last: 0
No photon emitted.
No photon emitted.
No photon emitted.
No photon emitted.
No photon emitted.
No photon emitted.
Photon emitted!
No photon emitted.
Sent data: 0000000010f0a8cb, last: 0
No photon emitted.
No photon emitted.
No photon emitted.
No photon emitted.
No photon emitted.
No photon emitted.
No photon emitted.
No photon emitted.
No photon emitted.
No photon emitted.
No photon emitted.
No photon emitted.
No photon emitted.
No photon emitted.
No photon emitted.
No photon emitted.
No photon emitted.
No photon emitted.
No photon emitted.
No photon emitted.
No photon emitted.
No photon emitted.
Photon emitted!
No photon emitted.
Sent data: 0000000012700d16, last: 0
No photon emitted.
No photon emitted.
No photon emitted.
No photon emitted.
No photon emitted.
No photon emitted.
No photon emitted.
No photon emitted.
No photon emitted.
Photon emitted!
No photon emitted.
Sent data: 000000001320271f, last: 0
No photon emitted.
No photon emitted.
No photon emitted.
No photon emitted.
Photon emitted!
No photon emitted.
Sent data: 000000001380da53, last: 0
No photon emitted.
No photon emitted.
No photon emitted.
No photon emitted.
No photon emitted.
No photon emitted.
Photon emitted!
No photon emitted.
Sent data: 000000001400414e, last: 0
No photon emitted.
No photon emitted.
No photon emitted.
No photon emitted.
No photon emitted.
No photon emitted.
No photon emitted.
No photon emitted.
No photon emitted.
No photon emitted.
No photon emitted.
No photon emitted.
No photon emitted.
No photon emitted.
No photon emitted.
No photon emitted.
Photon emitted!
No photon emitted.
Sent data: 000000001520a0a8, last: 0
No photon emitted.
No photon emitted.
No photon emitted.
No photon emitted.
No photon emitted.
No photon emitted.
No photon emitted.
No photon emitted.
No photon emitted.
No photon emitted.
No photon emitted.
No photon emitted.
Photon emitted!
No photon emitted.
Sent data: 0000000016000bdf, last: 0
No photon emitted.
No photon emitted.
No photon emitted.
No photon emitted.
No photon emitted.
No photon emitted.
No photon emitted.
No photon emitted.
No photon emitted.
No photon emitted.
Photon emitted!
Photon emitted!
Sent data: 0000000016c0de95, last: 0
No photon emitted.
Sent data: 0000000016d04feb, last: 0
Photon emitted!
No photon emitted.
Sent data: 0000000016f0a492, last: 0
No photon emitted.
No photon emitted.
No photon emitted.
No photon emitted.
No photon emitted.
No photon emitted.
No photon emitted.
No photon emitted.
No photon emitted.
No photon emitted.
No photon emitted.
No photon emitted.
No photon emitted.
No photon emitted.
Photon emitted!
No photon emitted.
Sent data: 0000000017f0f6ef, last: 0
Photon emitted!
No photon emitted.
Sent data: 00000000181071c8, last: 0
No photon emitted.
No photon emitted.
No photon emitted.
No photon emitted.
No photon emitted.
No photon emitted.
No photon emitted.
Photon emitted!
No photon emitted.
Sent data: 0000000018a06bec, last: 0
No photon emitted.
No photon emitted.
No photon emitted.
No photon emitted.
No photon emitted.
No photon emitted.
No photon emitted.
No photon emitted.
No photon emitted.
No photon emitted.
No photon emitted.
No photon emitted.
No photon emitted.
No photon emitted.
No photon emitted.
No photon emitted.
No photon emitted.
Photon emitted!
No photon emitted.
Sent data: 0000000019d0076e, last: 0
No photon emitted.
No photon emitted.
No photon emitted.
Photon emitted!
No photon emitted.
Sent data: 000000001a20e882, last: 0
No photon emitted.
Photon emitted!
No photon emitted.
Sent data: 000000001a50dc24, last: 0
No photon emitted.
No photon emitted.
No photon emitted.
No photon emitted.
No photon emitted.
No photon emitted.
No photon emitted.
No photon emitted.
No photon emitted.
No photon emitted.
No photon emitted.
No photon emitted.
No photon emitted.
No photon emitted.
No photon emitted.
No photon emitted.
No photon emitted.
No photon emitted.
No photon emitted.
No photon emitted.
No photon emitted.
No photon emitted.
No photon emitted.
No photon emitted.
No photon emitted.
No photon emitted.
No photon emitted.
No photon emitted.
No photon emitted.
No photon emitted.
No photon emitted.
No photon emitted.
No photon emitted.
No photon emitted.
No photon emitted.
No photon emitted.
No photon emitted.
No photon emitted.
No photon emitted.
No photon emitted.
No photon emitted.
No photon emitted.
Photon emitted!
No photon emitted.
Sent data: 000000001d10f2e2, last: 0
No photon emitted.
No photon emitted.
No photon emitted.
No photon emitted.
No photon emitted.
Photon emitted!
No photon emitted.
Sent data: 000000001d80f0e3, last: 0
No photon emitted.
No photon emitted.
Photon emitted!
No photon emitted.
Sent data: 000000001dc09eb6, last: 0
No photon emitted.
No photon emitted.
No photon emitted.
No photon emitted.
No photon emitted.
No photon emitted.
No photon emitted.
No photon emitted.
No photon emitted.
No photon emitted.
No photon emitted.
No photon emitted.
No photon emitted.
No photon emitted.
No photon emitted.
No photon emitted.
No photon emitted.
No photon emitted.
No photon emitted.
No photon emitted.
No photon emitted.
No photon emitted.
No photon emitted.
Photon emitted!
No photon emitted.
Sent data: 000000001f50b097, last: 0
No photon emitted.
No photon emitted.
No photon emitted.
No photon emitted.
No photon emitted.
No photon emitted.
No photon emitted.
No photon emitted.
No photon emitted.
No photon emitted.
No photon emitted.
No photon emitted.
No photon emitted.
No photon emitted.
No photon emitted.
No photon emitted.
No photon emitted.
No photon emitted.
No photon emitted.
No photon emitted.
No photon emitted.
No photon emitted.
No photon emitted.
No photon emitted.
No photon emitted.
Photon emitted!
No photon emitted.
Sent data: 00000000210003ff, last: 0
No photon emitted.
No photon emitted.
No photon emitted.
No photon emitted.
No photon emitted.
No photon emitted.
Photon emitted!
No photon emitted.
Sent data: 0000000021805108, last: 0
No photon emitted.
No photon emitted.
Photon emitted!
No photon emitted.
Sent data: 0000000021c01199, last: 0
No photon emitted.
No photon emitted.
No photon emitted.
No photon emitted.
No photon emitted.
No photon emitted.
No photon emitted.
No photon emitted.
No photon emitted.
No photon emitted.
No photon emitted.
No photon emitted.
No photon emitted.
No photon emitted.
No photon emitted.
No photon emitted.
No photon emitted.
No photon emitted.
No photon emitted.
No photon emitted.
No photon emitted.
No photon emitted.
No photon emitted.
No photon emitted.
No photon emitted.
No photon emitted.
No photon emitted.
No photon emitted.
No photon emitted.
No photon emitted.
No photon emitted.
No photon emitted.
No photon emitted.
No photon emitted.
No photon emitted.
No photon emitted.
Photon emitted!
No photon emitted.
Sent data: 000000002420b639, last: 0
Photon emitted!
No photon emitted.
Sent data: 000000002440f646, last: 0
No photon emitted.
No photon emitted.
Photon emitted!
No photon emitted.
Sent data: 00000000248051dc, last: 0
No photon emitted.
No photon emitted.
No photon emitted.
No photon emitted.
No photon emitted.
No photon emitted.
No photon emitted.
No photon emitted.
Photon emitted!
No photon emitted.
Sent data: 000000002520fcaf, last: 0
No photon emitted.
No photon emitted.
No photon emitted.
Photon emitted!
No photon emitted.
Sent data: 0000000025707b98, last: 0
No photon emitted.
No photon emitted.
No photon emitted.
No photon emitted.
No photon emitted.
No photon emitted.
No photon emitted.
No photon emitted.
No photon emitted.
Photon emitted!
No photon emitted.
Sent data: 00000000262069c7, last: 0
No photon emitted.
No photon emitted.
No photon emitted.
No photon emitted.
No photon emitted.
No photon emitted.
No photon emitted.
No photon emitted.
No photon emitted.
Photon emitted!
No photon emitted.
Sent data: 0000000026d05da2, last: 0
No photon emitted.
Photon emitted!
No photon emitted.
Sent data: 000000002700def6, last: 0
No photon emitted.
No photon emitted.
No photon emitted.
Photon emitted!
No photon emitted.
Sent data: 000000002750ca60, last: 0
No photon emitted.
Photon emitted!
No photon emitted.
Sent data: 00000000278039aa, last: 0
No photon emitted.
No photon emitted.
No photon emitted.
No photon emitted.
No photon emitted.
No photon emitted.
No photon emitted.
No photon emitted.
No photon emitted.
No photon emitted.
No photon emitted.
No photon emitted.
No photon emitted.
No photon emitted.
No photon emitted.
No photon emitted.
No photon emitted.
No photon emitted.
No photon emitted.
No photon emitted.
No photon emitted.
No photon emitted.
No photon emitted.
No photon emitted.
No photon emitted.
No photon emitted.
No photon emitted.
No photon emitted.
No photon emitted.
No photon emitted.
No photon emitted.
No photon emitted.
No photon emitted.
No photon emitted.
No photon emitted.
No photon emitted.
No photon emitted.
No photon emitted.
No photon emitted.
No photon emitted.
Photon emitted!
No photon emitted.
Sent data: 000000002a20a27e, last: 0
No photon emitted.
No photon emitted.
No photon emitted.
No photon emitted.
Photon emitted!
No photon emitted.
Sent data: 000000002a8071e3, last: 0
Photon emitted!
No photon emitted.
Sent data: 000000002aa03187, last: 0
No photon emitted.
No photon emitted.
No photon emitted.
No photon emitted.
No photon emitted.
Photon emitted!
No photon emitted.
Sent data: 000000002b10fe37, last: 0
No photon emitted.
No photon emitted.
No photon emitted.
No photon emitted.
No photon emitted.
No photon emitted.
No photon emitted.
No photon emitted.
No photon emitted.
No photon emitted.
No photon emitted.
No photon emitted.
Photon emitted!
Photon emitted!
Sent data: 000000002bf00d37, last: 0
No photon emitted.
No photon emitted.
Sent data: 000000002c003342, last: 0
No photon emitted.
No photon emitted.
No photon emitted.
No photon emitted.
No photon emitted.
No photon emitted.
Photon emitted!
No photon emitted.
Sent data: 000000002c907b89, last: 0
No photon emitted.
No photon emitted.
No photon emitted.
No photon emitted.
No photon emitted.
No photon emitted.
No photon emitted.
No photon emitted.
No photon emitted.
No photon emitted.
No photon emitted.
No photon emitted.
No photon emitted.
No photon emitted.
No photon emitted.
No photon emitted.
Photon emitted!
No photon emitted.
Sent data: 000000002db01b8f, last: 0
No photon emitted.
No photon emitted.
No photon emitted.
No photon emitted.
No photon emitted.
No photon emitted.
No photon emitted.
No photon emitted.
No photon emitted.
No photon emitted.
No photon emitted.
No photon emitted.
No photon emitted.
No photon emitted.
No photon emitted.
No photon emitted.
No photon emitted.
No photon emitted.
No photon emitted.
No photon emitted.
No photon emitted.
No photon emitted.
No photon emitted.
No photon emitted.
No photon emitted.
Photon emitted!
No photon emitted.
Sent data: 000000002f60c657, last: 0
No photon emitted.
No photon emitted.
No photon emitted.
No photon emitted.
No photon emitted.
No photon emitted.
Photon emitted!
No photon emitted.
Sent data: 000000002fe05d7b, last: 0
No photon emitted.
No photon emitted.
No photon emitted.
No photon emitted.
No photon emitted.
No photon emitted.
No photon emitted.
No photon emitted.
No photon emitted.
No photon emitted.
No photon emitted.
No photon emitted.
No photon emitted.
No photon emitted.
No photon emitted.
No photon emitted.
No photon emitted.
No photon emitted.
No photon emitted.
Photon emitted!
No photon emitted.
Sent data: 00000000313031da, last: 0
No photon emitted.
No photon emitted.
No photon emitted.
Photon emitted!
No photon emitted.
Sent data: 000000003180255e, last: 0
No photon emitted.
No photon emitted.
No photon emitted.
No photon emitted.
No photon emitted.
No photon emitted.
No photon emitted.
No photon emitted.
No photon emitted.
No photon emitted.
No photon emitted.
No photon emitted.
No photon emitted.
No photon emitted.
No photon emitted.
No photon emitted.
No photon emitted.
No photon emitted.
No photon emitted.
No photon emitted.
No photon emitted.
No photon emitted.
No photon emitted.
No photon emitted.
No photon emitted.
Photon emitted!
Photon emitted!
Sent data: 000000003330bea7, last: 0
No photon emitted.
No photon emitted.
Sent data: 0000000033406f39, last: 0
No photon emitted.
No photon emitted.
No photon emitted.
No photon emitted.
No photon emitted.
Photon emitted!
No photon emitted.
Sent data: 0000000033c0a413, last: 0
No photon emitted.
Photon emitted!
No photon emitted.
Sent data: 0000000033f07b2e, last: 0
No photon emitted.
No photon emitted.
No photon emitted.
No photon emitted.
No photon emitted.
No photon emitted.
No photon emitted.
No photon emitted.
No photon emitted.
No photon emitted.
No photon emitted.
No photon emitted.
Photon emitted!
Photon emitted!
Sent data: 0000000034d01f43, last: 0
No photon emitted.
Sent data: 0000000034e0a0de, last: 0
No photon emitted.
No photon emitted.
No photon emitted.
No photon emitted.
Photon emitted!
No photon emitted.
Sent data: 0000000035405d03, last: 0
No photon emitted.
No photon emitted.
No photon emitted.
No photon emitted.
No photon emitted.
No photon emitted.
No photon emitted.
No photon emitted.
No photon emitted.
No photon emitted.
No photon emitted.
Photon emitted!
No photon emitted.
Sent data: 000000003610b89e, last: 0
No photon emitted.
No photon emitted.
No photon emitted.
No photon emitted.
Photon emitted!
No photon emitted.
Sent data: 0000000036705527, last: 0
No photon emitted.
No photon emitted.
No photon emitted.
No photon emitted.
No photon emitted.
Photon emitted!
Photon emitted!
Sent data: 0000000036e071c2, last: 0
No photon emitted.
No photon emitted.
Sent data: 0000000036f02936, last: 0
No photon emitted.
No photon emitted.
No photon emitted.
No photon emitted.
No photon emitted.
No photon emitted.
No photon emitted.
No photon emitted.
No photon emitted.
No photon emitted.
No photon emitted.
No photon emitted.
No photon emitted.
No photon emitted.
No photon emitted.
No photon emitted.
No photon emitted.
No photon emitted.
No photon emitted.
No photon emitted.
No photon emitted.
No photon emitted.
No photon emitted.
No photon emitted.
No photon emitted.
Photon emitted!
No photon emitted.
Sent data: 0000000038b0b82c, last: 0
No photon emitted.
Photon emitted!
No photon emitted.
Sent data: 0000000038e00b94, last: 0
No photon emitted.
No photon emitted.
No photon emitted.
No photon emitted.
No photon emitted.
No photon emitted.
No photon emitted.
No photon emitted.
No photon emitted.
No photon emitted.
No photon emitted.
No photon emitted.
No photon emitted.
No photon emitted.
No photon emitted.
No photon emitted.
No photon emitted.
No photon emitted.
No photon emitted.
No photon emitted.
No photon emitted.
No photon emitted.
No photon emitted.
No photon emitted.
No photon emitted.
No photon emitted.
Photon emitted!
No photon emitted.
Sent data: 000000003aa09abd, last: 0
No photon emitted.
No photon emitted.
No photon emitted.
No photon emitted.
No photon emitted.
No photon emitted.
No photon emitted.
No photon emitted.
No photon emitted.
No photon emitted.
No photon emitted.
No photon emitted.
No photon emitted.
Photon emitted!
No photon emitted.
Sent data: 000000003b909405, last: 0
No photon emitted.
No photon emitted.
No photon emitted.
No photon emitted.
No photon emitted.
No photon emitted.
No photon emitted.
No photon emitted.
No photon emitted.
Photon emitted!
No photon emitted.
Sent data: 000000003c409ad2, last: 0
No photon emitted.
No photon emitted.
No photon emitted.
No photon emitted.
No photon emitted.
No photon emitted.
No photon emitted.
No photon emitted.
No photon emitted.
No photon emitted.
No photon emitted.
Photon emitted!
No photon emitted.
Sent data: 000000003d10ac16, last: 0
No photon emitted.
No photon emitted.
Photon emitted!
No photon emitted.
Sent data: 000000003d509ae3, last: 0
No photon emitted.
No photon emitted.
No photon emitted.
No photon emitted.
No photon emitted.
Photon emitted!
No photon emitted.
Sent data: 000000003dc06bcf, last: 0
No photon emitted.
No photon emitted.
No photon emitted.
No photon emitted.
No photon emitted.
No photon emitted.
Photon emitted!
No photon emitted.
Sent data: 000000003e40b827, last: 0
No photon emitted.
No photon emitted.
No photon emitted.
No photon emitted.
No photon emitted.
No photon emitted.
No photon emitted.
No photon emitted.
No photon emitted.
No photon emitted.
No photon emitted.
No photon emitted.
No photon emitted.
No photon emitted.
No photon emitted.
No photon emitted.
No photon emitted.
Photon emitted!
No photon emitted.
Sent data: 000000003f70e892, last: 0
No photon emitted.
No photon emitted.
No photon emitted.
No photon emitted.
