Copyright 1986-2022 Xilinx, Inc. All Rights Reserved. Copyright 2022-2024 Advanced Micro Devices, Inc. All Rights Reserved.
--------------------------------------------------------------------------------------------------------------------------------------------------------------------------------------------------------------
| Tool Version : Vivado v.2024.2 (win64) Build 5239630 Fri Nov 08 22:35:27 MST 2024
| Date         : Mon Feb 23 20:54:47 2026
| Host         : LAPTOP-UKM8GMC3 running 64-bit major release  (build 9200)
| Command      : report_methodology -file signal_generator_wrapper_methodology_drc_routed.rpt -pb signal_generator_wrapper_methodology_drc_routed.pb -rpx signal_generator_wrapper_methodology_drc_routed.rpx
| Design       : signal_generator_wrapper
| Device       : xc7z020clg484-1
| Speed File   : -1
| Design State : Fully Routed
--------------------------------------------------------------------------------------------------------------------------------------------------------------------------------------------------------------

Report Methodology

Table of Contents
-----------------
1. REPORT SUMMARY
2. REPORT DETAILS

1. REPORT SUMMARY
-----------------
            Netlist: netlist
          Floorplan: design_1
      Design limits: <entire design considered>
             Max checks: <unlimited>
             Checks found: 475
+-----------+------------------+-------------------------------------------------+--------+
| Rule      | Severity         | Description                                     | Checks |
+-----------+------------------+-------------------------------------------------+--------+
| TIMING-6  | Critical Warning | No common primary clock between related clocks  | 4      |
| TIMING-7  | Critical Warning | No common node between related clocks           | 4      |
| LUTAR-1   | Warning          | LUT drives async reset alert                    | 6      |
| PDRC-190  | Warning          | Suboptimally placed synchronized register chain | 32     |
| TIMING-9  | Warning          | Unknown CDC Logic                               | 1      |
| TIMING-10 | Warning          | Missing property on synchronizer                | 1      |
| TIMING-16 | Warning          | Large setup violation                           | 219    |
| TIMING-18 | Warning          | Missing input or output delay                   | 9      |
| TIMING-20 | Warning          | Non-clocked latch                               | 178    |
| ULMTCS-1  | Warning          | Control Sets use limits recommend reduction     | 1      |
| XDCB-5    | Warning          | Runtime inefficient way to find pin objects     | 19     |
| LATCH-1   | Advisory         | Existing latches in the design                  | 1      |
+-----------+------------------+-------------------------------------------------+--------+

2. REPORT DETAILS
-----------------
TIMING-6#1 Critical Warning
No common primary clock between related clocks  
The clocks clk_fpga_0 and clk_fpga_2 are related (timed together) but they have no common primary clock. The design could fail in hardware. To find a timing path between these clocks, run the following command: report_timing -from [get_clocks clk_fpga_0] -to [get_clocks clk_fpga_2]
Related violations: <none>

TIMING-6#2 Critical Warning
No common primary clock between related clocks  
The clocks clk_fpga_2 and clk_fpga_0 are related (timed together) but they have no common primary clock. The design could fail in hardware. To find a timing path between these clocks, run the following command: report_timing -from [get_clocks clk_fpga_2] -to [get_clocks clk_fpga_0]
Related violations: <none>

TIMING-6#3 Critical Warning
No common primary clock between related clocks  
The clocks l_clk_in_p and clk_fpga_0 are related (timed together) but they have no common primary clock. The design could fail in hardware. To find a timing path between these clocks, run the following command: report_timing -from [get_clocks l_clk_in_p] -to [get_clocks clk_fpga_0]
Related violations: <none>

TIMING-6#4 Critical Warning
No common primary clock between related clocks  
The clocks l_clk_in_p and clk_fpga_3 are related (timed together) but they have no common primary clock. The design could fail in hardware. To find a timing path between these clocks, run the following command: report_timing -from [get_clocks l_clk_in_p] -to [get_clocks clk_fpga_3]
Related violations: <none>

TIMING-7#1 Critical Warning
No common node between related clocks  
The clocks clk_fpga_0 and clk_fpga_2 are related (timed together) but they have no common node. The design could fail in hardware. To find a timing path between these clocks, run the following command: report_timing -from [get_clocks clk_fpga_0] -to [get_clocks clk_fpga_2]
Related violations: <none>

TIMING-7#2 Critical Warning
No common node between related clocks  
The clocks clk_fpga_2 and clk_fpga_0 are related (timed together) but they have no common node. The design could fail in hardware. To find a timing path between these clocks, run the following command: report_timing -from [get_clocks clk_fpga_2] -to [get_clocks clk_fpga_0]
Related violations: <none>

TIMING-7#3 Critical Warning
No common node between related clocks  
The clocks l_clk_in_p and clk_fpga_0 are related (timed together) but they have no common node. The design could fail in hardware. To find a timing path between these clocks, run the following command: report_timing -from [get_clocks l_clk_in_p] -to [get_clocks clk_fpga_0]
Related violations: <none>

TIMING-7#4 Critical Warning
No common node between related clocks  
The clocks l_clk_in_p and clk_fpga_3 are related (timed together) but they have no common node. The design could fail in hardware. To find a timing path between these clocks, run the following command: report_timing -from [get_clocks l_clk_in_p] -to [get_clocks clk_fpga_3]
Related violations: <none>

LUTAR-1#1 Warning
LUT drives async reset alert  
LUT cell dbg_hub/inst/BSCANID.u_xsdbm_id/CORE_XSDB.UUT_MASTER/U_ICON_INTERFACE/U_CMD6_RD/U_RD_FIFO/SUBCORE_FIFO.xsdbm_v3_0_3_rdfifo_inst/inst_fifo_gen/gconvfifo.rf/grf.rf/rstblk/ngwrdrst.grst.g7serrst.gwrrd_rst_sync_stage[2].rrst_inst/ngwrdrst.grst.g7serrst.rd_rst_reg[2]_i_1, with 2 or more inputs, drives asynchronous preset/clear pin(s) dbg_hub/inst/BSCANID.u_xsdbm_id/CORE_XSDB.UUT_MASTER/U_ICON_INTERFACE/U_CMD6_RD/U_RD_FIFO/SUBCORE_FIFO.xsdbm_v3_0_3_rdfifo_inst/inst_fifo_gen/gconvfifo.rf/grf.rf/rstblk/ngwrdrst.grst.g7serrst.rd_rst_reg_reg[0]/PRE,
dbg_hub/inst/BSCANID.u_xsdbm_id/CORE_XSDB.UUT_MASTER/U_ICON_INTERFACE/U_CMD6_RD/U_RD_FIFO/SUBCORE_FIFO.xsdbm_v3_0_3_rdfifo_inst/inst_fifo_gen/gconvfifo.rf/grf.rf/rstblk/ngwrdrst.grst.g7serrst.rd_rst_reg_reg[1]/PRE
dbg_hub/inst/BSCANID.u_xsdbm_id/CORE_XSDB.UUT_MASTER/U_ICON_INTERFACE/U_CMD6_RD/U_RD_FIFO/SUBCORE_FIFO.xsdbm_v3_0_3_rdfifo_inst/inst_fifo_gen/gconvfifo.rf/grf.rf/rstblk/ngwrdrst.grst.g7serrst.rd_rst_reg_reg[2]/PRE. The LUT may glitch and trigger an unexpected reset, even if it is a properly timed path.
Related violations: <none>

LUTAR-1#2 Warning
LUT drives async reset alert  
LUT cell dbg_hub/inst/BSCANID.u_xsdbm_id/CORE_XSDB.UUT_MASTER/U_ICON_INTERFACE/U_CMD6_RD/U_RD_FIFO/SUBCORE_FIFO.xsdbm_v3_0_3_rdfifo_inst/inst_fifo_gen/gconvfifo.rf/grf.rf/rstblk/ngwrdrst.grst.g7serrst.gwrrd_rst_sync_stage[2].wrst_inst/ngwrdrst.grst.g7serrst.wr_rst_reg[2]_i_1, with 2 or more inputs, drives asynchronous preset/clear pin(s) dbg_hub/inst/BSCANID.u_xsdbm_id/CORE_XSDB.UUT_MASTER/U_ICON_INTERFACE/U_CMD6_RD/U_RD_FIFO/SUBCORE_FIFO.xsdbm_v3_0_3_rdfifo_inst/inst_fifo_gen/gconvfifo.rf/grf.rf/rstblk/ngwrdrst.grst.g7serrst.wr_rst_reg_reg[0]/PRE,
dbg_hub/inst/BSCANID.u_xsdbm_id/CORE_XSDB.UUT_MASTER/U_ICON_INTERFACE/U_CMD6_RD/U_RD_FIFO/SUBCORE_FIFO.xsdbm_v3_0_3_rdfifo_inst/inst_fifo_gen/gconvfifo.rf/grf.rf/rstblk/ngwrdrst.grst.g7serrst.wr_rst_reg_reg[1]/PRE
dbg_hub/inst/BSCANID.u_xsdbm_id/CORE_XSDB.UUT_MASTER/U_ICON_INTERFACE/U_CMD6_RD/U_RD_FIFO/SUBCORE_FIFO.xsdbm_v3_0_3_rdfifo_inst/inst_fifo_gen/gconvfifo.rf/grf.rf/rstblk/ngwrdrst.grst.g7serrst.wr_rst_reg_reg[2]/PRE. The LUT may glitch and trigger an unexpected reset, even if it is a properly timed path.
Related violations: <none>

LUTAR-1#3 Warning
LUT drives async reset alert  
LUT cell dbg_hub/inst/BSCANID.u_xsdbm_id/CORE_XSDB.UUT_MASTER/U_ICON_INTERFACE/U_CMD6_WR/U_WR_FIFO/SUBCORE_FIFO.xsdbm_v3_0_3_wrfifo_inst/inst_fifo_gen/gconvfifo.rf/grf.rf/rstblk/ngwrdrst.grst.g7serrst.gwrrd_rst_sync_stage[2].rrst_inst/ngwrdrst.grst.g7serrst.rd_rst_reg[2]_i_1, with 2 or more inputs, drives asynchronous preset/clear pin(s) dbg_hub/inst/BSCANID.u_xsdbm_id/CORE_XSDB.UUT_MASTER/U_ICON_INTERFACE/U_CMD6_WR/U_WR_FIFO/SUBCORE_FIFO.xsdbm_v3_0_3_wrfifo_inst/inst_fifo_gen/gconvfifo.rf/grf.rf/rstblk/ngwrdrst.grst.g7serrst.rd_rst_reg_reg[0]/PRE,
dbg_hub/inst/BSCANID.u_xsdbm_id/CORE_XSDB.UUT_MASTER/U_ICON_INTERFACE/U_CMD6_WR/U_WR_FIFO/SUBCORE_FIFO.xsdbm_v3_0_3_wrfifo_inst/inst_fifo_gen/gconvfifo.rf/grf.rf/rstblk/ngwrdrst.grst.g7serrst.rd_rst_reg_reg[1]/PRE
dbg_hub/inst/BSCANID.u_xsdbm_id/CORE_XSDB.UUT_MASTER/U_ICON_INTERFACE/U_CMD6_WR/U_WR_FIFO/SUBCORE_FIFO.xsdbm_v3_0_3_wrfifo_inst/inst_fifo_gen/gconvfifo.rf/grf.rf/rstblk/ngwrdrst.grst.g7serrst.rd_rst_reg_reg[2]/PRE. The LUT may glitch and trigger an unexpected reset, even if it is a properly timed path.
Related violations: <none>

LUTAR-1#4 Warning
LUT drives async reset alert  
LUT cell dbg_hub/inst/BSCANID.u_xsdbm_id/CORE_XSDB.UUT_MASTER/U_ICON_INTERFACE/U_CMD6_WR/U_WR_FIFO/SUBCORE_FIFO.xsdbm_v3_0_3_wrfifo_inst/inst_fifo_gen/gconvfifo.rf/grf.rf/rstblk/ngwrdrst.grst.g7serrst.gwrrd_rst_sync_stage[2].wrst_inst/ngwrdrst.grst.g7serrst.wr_rst_reg[2]_i_1, with 2 or more inputs, drives asynchronous preset/clear pin(s) dbg_hub/inst/BSCANID.u_xsdbm_id/CORE_XSDB.UUT_MASTER/U_ICON_INTERFACE/U_CMD6_WR/U_WR_FIFO/SUBCORE_FIFO.xsdbm_v3_0_3_wrfifo_inst/inst_fifo_gen/gconvfifo.rf/grf.rf/rstblk/ngwrdrst.grst.g7serrst.wr_rst_reg_reg[0]/PRE,
dbg_hub/inst/BSCANID.u_xsdbm_id/CORE_XSDB.UUT_MASTER/U_ICON_INTERFACE/U_CMD6_WR/U_WR_FIFO/SUBCORE_FIFO.xsdbm_v3_0_3_wrfifo_inst/inst_fifo_gen/gconvfifo.rf/grf.rf/rstblk/ngwrdrst.grst.g7serrst.wr_rst_reg_reg[1]/PRE
dbg_hub/inst/BSCANID.u_xsdbm_id/CORE_XSDB.UUT_MASTER/U_ICON_INTERFACE/U_CMD6_WR/U_WR_FIFO/SUBCORE_FIFO.xsdbm_v3_0_3_wrfifo_inst/inst_fifo_gen/gconvfifo.rf/grf.rf/rstblk/ngwrdrst.grst.g7serrst.wr_rst_reg_reg[2]/PRE. The LUT may glitch and trigger an unexpected reset, even if it is a properly timed path.
Related violations: <none>

LUTAR-1#5 Warning
LUT drives async reset alert  
LUT cell signal_generator_i/axi_mem_intercon/s00_couplers/auto_pc/inst/gen_axi4_axi3.axi3_conv_inst/USE_WRITE.write_addr_inst/USE_BURSTS.cmd_queue/inst/fifo_gen_inst/inst_fifo_gen/gconvfifo.rf/grf.rf/rstblk/gpregsm1.curr_fwft_state[1]_i_2, with 2 or more inputs, drives asynchronous preset/clear pin(s) signal_generator_i/axi_mem_intercon/s00_couplers/auto_pc/inst/gen_axi4_axi3.axi3_conv_inst/USE_WRITE.write_addr_inst/USE_BURSTS.cmd_queue/inst/fifo_gen_inst/inst_fifo_gen/gconvfifo.rf/grf.rf/gntv_or_sync_fifo.gl0.rd/rpntr/gc0.count_reg[2]/CLR,
signal_generator_i/axi_mem_intercon/s00_couplers/auto_pc/inst/gen_axi4_axi3.axi3_conv_inst/USE_WRITE.write_addr_inst/USE_BURSTS.cmd_queue/inst/fifo_gen_inst/inst_fifo_gen/gconvfifo.rf/grf.rf/gntv_or_sync_fifo.gl0.rd/rpntr/gc0.count_reg[3]/CLR,
signal_generator_i/axi_mem_intercon/s00_couplers/auto_pc/inst/gen_axi4_axi3.axi3_conv_inst/USE_WRITE.write_addr_inst/USE_BURSTS.cmd_queue/inst/fifo_gen_inst/inst_fifo_gen/gconvfifo.rf/grf.rf/gntv_or_sync_fifo.gl0.rd/rpntr/gc0.count_reg[4]/CLR,
signal_generator_i/axi_mem_intercon/s00_couplers/auto_pc/inst/gen_axi4_axi3.axi3_conv_inst/USE_WRITE.write_addr_inst/USE_BURSTS.cmd_queue/inst/fifo_gen_inst/inst_fifo_gen/gconvfifo.rf/grf.rf/gntv_or_sync_fifo.gl0.wr/gwss.wsts/ram_full_fb_i_reg/CLR,
signal_generator_i/axi_mem_intercon/s00_couplers/auto_pc/inst/gen_axi4_axi3.axi3_conv_inst/USE_WRITE.write_addr_inst/USE_BURSTS.cmd_queue/inst/fifo_gen_inst/inst_fifo_gen/gconvfifo.rf/grf.rf/gntv_or_sync_fifo.gl0.wr/gwss.wsts/ram_full_i_reg/CLR,
signal_generator_i/axi_mem_intercon/s00_couplers/auto_pc/inst/gen_axi4_axi3.axi3_conv_inst/USE_WRITE.write_addr_inst/USE_BURSTS.cmd_queue/inst/fifo_gen_inst/inst_fifo_gen/gconvfifo.rf/grf.rf/gntv_or_sync_fifo.gl0.wr/wpntr/gcc0.gc0.count_d1_reg[0]/CLR,
signal_generator_i/axi_mem_intercon/s00_couplers/auto_pc/inst/gen_axi4_axi3.axi3_conv_inst/USE_WRITE.write_addr_inst/USE_BURSTS.cmd_queue/inst/fifo_gen_inst/inst_fifo_gen/gconvfifo.rf/grf.rf/gntv_or_sync_fifo.gl0.wr/wpntr/gcc0.gc0.count_d1_reg[1]/CLR,
signal_generator_i/axi_mem_intercon/s00_couplers/auto_pc/inst/gen_axi4_axi3.axi3_conv_inst/USE_WRITE.write_addr_inst/USE_BURSTS.cmd_queue/inst/fifo_gen_inst/inst_fifo_gen/gconvfifo.rf/grf.rf/gntv_or_sync_fifo.gl0.wr/wpntr/gcc0.gc0.count_d1_reg[2]/CLR,
signal_generator_i/axi_mem_intercon/s00_couplers/auto_pc/inst/gen_axi4_axi3.axi3_conv_inst/USE_WRITE.write_addr_inst/USE_BURSTS.cmd_queue/inst/fifo_gen_inst/inst_fifo_gen/gconvfifo.rf/grf.rf/gntv_or_sync_fifo.gl0.wr/wpntr/gcc0.gc0.count_d1_reg[3]/CLR,
signal_generator_i/axi_mem_intercon/s00_couplers/auto_pc/inst/gen_axi4_axi3.axi3_conv_inst/USE_WRITE.write_addr_inst/USE_BURSTS.cmd_queue/inst/fifo_gen_inst/inst_fifo_gen/gconvfifo.rf/grf.rf/gntv_or_sync_fifo.gl0.wr/wpntr/gcc0.gc0.count_d1_reg[4]/CLR,
signal_generator_i/axi_mem_intercon/s00_couplers/auto_pc/inst/gen_axi4_axi3.axi3_conv_inst/USE_WRITE.write_addr_inst/USE_BURSTS.cmd_queue/inst/fifo_gen_inst/inst_fifo_gen/gconvfifo.rf/grf.rf/gntv_or_sync_fifo.gl0.wr/wpntr/gcc0.gc0.count_reg[0]/PRE,
signal_generator_i/axi_mem_intercon/s00_couplers/auto_pc/inst/gen_axi4_axi3.axi3_conv_inst/USE_WRITE.write_addr_inst/USE_BURSTS.cmd_queue/inst/fifo_gen_inst/inst_fifo_gen/gconvfifo.rf/grf.rf/gntv_or_sync_fifo.gl0.wr/wpntr/gcc0.gc0.count_reg[1]/CLR,
signal_generator_i/axi_mem_intercon/s00_couplers/auto_pc/inst/gen_axi4_axi3.axi3_conv_inst/USE_WRITE.write_addr_inst/USE_BURSTS.cmd_queue/inst/fifo_gen_inst/inst_fifo_gen/gconvfifo.rf/grf.rf/gntv_or_sync_fifo.gl0.wr/wpntr/gcc0.gc0.count_reg[2]/CLR,
signal_generator_i/axi_mem_intercon/s00_couplers/auto_pc/inst/gen_axi4_axi3.axi3_conv_inst/USE_WRITE.write_addr_inst/USE_BURSTS.cmd_queue/inst/fifo_gen_inst/inst_fifo_gen/gconvfifo.rf/grf.rf/gntv_or_sync_fifo.gl0.wr/wpntr/gcc0.gc0.count_reg[3]/CLR,
signal_generator_i/axi_mem_intercon/s00_couplers/auto_pc/inst/gen_axi4_axi3.axi3_conv_inst/USE_WRITE.write_addr_inst/USE_BURSTS.cmd_queue/inst/fifo_gen_inst/inst_fifo_gen/gconvfifo.rf/grf.rf/gntv_or_sync_fifo.gl0.wr/wpntr/gcc0.gc0.count_reg[4]/CLR
 (the first 15 of 32 listed). The LUT may glitch and trigger an unexpected reset, even if it is a properly timed path.
Related violations: <none>

LUTAR-1#6 Warning
LUT drives async reset alert  
LUT cell signal_generator_i/axi_mem_intercon/s00_couplers/auto_pc/inst/gen_axi4_axi3.axi3_conv_inst/USE_WRITE.write_addr_inst/USE_B_CHANNEL.cmd_b_queue/inst/fifo_gen_inst/inst_fifo_gen/gconvfifo.rf/grf.rf/rstblk/gpregsm1.curr_fwft_state[1]_i_2, with 2 or more inputs, drives asynchronous preset/clear pin(s) signal_generator_i/axi_mem_intercon/s00_couplers/auto_pc/inst/gen_axi4_axi3.axi3_conv_inst/USE_WRITE.write_addr_inst/USE_B_CHANNEL.cmd_b_queue/inst/fifo_gen_inst/inst_fifo_gen/gconvfifo.rf/grf.rf/gntv_or_sync_fifo.gl0.rd/rpntr/gc0.count_reg[2]/CLR,
signal_generator_i/axi_mem_intercon/s00_couplers/auto_pc/inst/gen_axi4_axi3.axi3_conv_inst/USE_WRITE.write_addr_inst/USE_B_CHANNEL.cmd_b_queue/inst/fifo_gen_inst/inst_fifo_gen/gconvfifo.rf/grf.rf/gntv_or_sync_fifo.gl0.rd/rpntr/gc0.count_reg[3]/CLR,
signal_generator_i/axi_mem_intercon/s00_couplers/auto_pc/inst/gen_axi4_axi3.axi3_conv_inst/USE_WRITE.write_addr_inst/USE_B_CHANNEL.cmd_b_queue/inst/fifo_gen_inst/inst_fifo_gen/gconvfifo.rf/grf.rf/gntv_or_sync_fifo.gl0.rd/rpntr/gc0.count_reg[4]/CLR,
signal_generator_i/axi_mem_intercon/s00_couplers/auto_pc/inst/gen_axi4_axi3.axi3_conv_inst/USE_WRITE.write_addr_inst/USE_B_CHANNEL.cmd_b_queue/inst/fifo_gen_inst/inst_fifo_gen/gconvfifo.rf/grf.rf/gntv_or_sync_fifo.gl0.wr/gwss.wsts/ram_full_fb_i_reg/CLR,
signal_generator_i/axi_mem_intercon/s00_couplers/auto_pc/inst/gen_axi4_axi3.axi3_conv_inst/USE_WRITE.write_addr_inst/USE_B_CHANNEL.cmd_b_queue/inst/fifo_gen_inst/inst_fifo_gen/gconvfifo.rf/grf.rf/gntv_or_sync_fifo.gl0.wr/gwss.wsts/ram_full_i_reg/CLR,
signal_generator_i/axi_mem_intercon/s00_couplers/auto_pc/inst/gen_axi4_axi3.axi3_conv_inst/USE_WRITE.write_addr_inst/USE_B_CHANNEL.cmd_b_queue/inst/fifo_gen_inst/inst_fifo_gen/gconvfifo.rf/grf.rf/gntv_or_sync_fifo.gl0.wr/wpntr/gcc0.gc0.count_d1_reg[0]/CLR,
signal_generator_i/axi_mem_intercon/s00_couplers/auto_pc/inst/gen_axi4_axi3.axi3_conv_inst/USE_WRITE.write_addr_inst/USE_B_CHANNEL.cmd_b_queue/inst/fifo_gen_inst/inst_fifo_gen/gconvfifo.rf/grf.rf/gntv_or_sync_fifo.gl0.wr/wpntr/gcc0.gc0.count_d1_reg[1]/CLR,
signal_generator_i/axi_mem_intercon/s00_couplers/auto_pc/inst/gen_axi4_axi3.axi3_conv_inst/USE_WRITE.write_addr_inst/USE_B_CHANNEL.cmd_b_queue/inst/fifo_gen_inst/inst_fifo_gen/gconvfifo.rf/grf.rf/gntv_or_sync_fifo.gl0.wr/wpntr/gcc0.gc0.count_d1_reg[2]/CLR,
signal_generator_i/axi_mem_intercon/s00_couplers/auto_pc/inst/gen_axi4_axi3.axi3_conv_inst/USE_WRITE.write_addr_inst/USE_B_CHANNEL.cmd_b_queue/inst/fifo_gen_inst/inst_fifo_gen/gconvfifo.rf/grf.rf/gntv_or_sync_fifo.gl0.wr/wpntr/gcc0.gc0.count_d1_reg[3]/CLR,
signal_generator_i/axi_mem_intercon/s00_couplers/auto_pc/inst/gen_axi4_axi3.axi3_conv_inst/USE_WRITE.write_addr_inst/USE_B_CHANNEL.cmd_b_queue/inst/fifo_gen_inst/inst_fifo_gen/gconvfifo.rf/grf.rf/gntv_or_sync_fifo.gl0.wr/wpntr/gcc0.gc0.count_d1_reg[4]/CLR,
signal_generator_i/axi_mem_intercon/s00_couplers/auto_pc/inst/gen_axi4_axi3.axi3_conv_inst/USE_WRITE.write_addr_inst/USE_B_CHANNEL.cmd_b_queue/inst/fifo_gen_inst/inst_fifo_gen/gconvfifo.rf/grf.rf/gntv_or_sync_fifo.gl0.wr/wpntr/gcc0.gc0.count_reg[0]/PRE,
signal_generator_i/axi_mem_intercon/s00_couplers/auto_pc/inst/gen_axi4_axi3.axi3_conv_inst/USE_WRITE.write_addr_inst/USE_B_CHANNEL.cmd_b_queue/inst/fifo_gen_inst/inst_fifo_gen/gconvfifo.rf/grf.rf/gntv_or_sync_fifo.gl0.wr/wpntr/gcc0.gc0.count_reg[1]/CLR,
signal_generator_i/axi_mem_intercon/s00_couplers/auto_pc/inst/gen_axi4_axi3.axi3_conv_inst/USE_WRITE.write_addr_inst/USE_B_CHANNEL.cmd_b_queue/inst/fifo_gen_inst/inst_fifo_gen/gconvfifo.rf/grf.rf/gntv_or_sync_fifo.gl0.wr/wpntr/gcc0.gc0.count_reg[2]/CLR,
signal_generator_i/axi_mem_intercon/s00_couplers/auto_pc/inst/gen_axi4_axi3.axi3_conv_inst/USE_WRITE.write_addr_inst/USE_B_CHANNEL.cmd_b_queue/inst/fifo_gen_inst/inst_fifo_gen/gconvfifo.rf/grf.rf/gntv_or_sync_fifo.gl0.wr/wpntr/gcc0.gc0.count_reg[3]/CLR,
signal_generator_i/axi_mem_intercon/s00_couplers/auto_pc/inst/gen_axi4_axi3.axi3_conv_inst/USE_WRITE.write_addr_inst/USE_B_CHANNEL.cmd_b_queue/inst/fifo_gen_inst/inst_fifo_gen/gconvfifo.rf/grf.rf/gntv_or_sync_fifo.gl0.wr/wpntr/gcc0.gc0.count_reg[4]/CLR
 (the first 15 of 32 listed). The LUT may glitch and trigger an unexpected reset, even if it is a properly timed path.
Related violations: <none>

PDRC-190#1 Warning
Suboptimally placed synchronized register chain  
The FDRE cell signal_generator_i/axi_dma_0/U0/I_AXI_DMA_REG_MODULE/GEN_AXI_LITE_IF.AXI_LITE_IF_I/GEN_ASYNC_READ.lite_rdata_cdc_from_reg[0] in site SLICE_X87Y96 is part of a synchronized register chain that is suboptimally placed as the load FDRE cell signal_generator_i/axi_dma_0/U0/I_AXI_DMA_REG_MODULE/GEN_AXI_LITE_IF.AXI_LITE_IF_I/GEN_ASYNC_READ.REG_DATA2LITE_CLOCK/GENERATE_LEVEL_P_S_CDC.MULTI_BIT.FOR_IN_cdc_to[0].CROSS2_PLEVEL_IN2SCNDRY_IN_cdc_to is not placed in the same (SLICE) site.
Related violations: <none>

PDRC-190#2 Warning
Suboptimally placed synchronized register chain  
The FDRE cell signal_generator_i/axi_dma_0/U0/I_AXI_DMA_REG_MODULE/GEN_AXI_LITE_IF.AXI_LITE_IF_I/GEN_ASYNC_READ.lite_rdata_cdc_from_reg[10] in site SLICE_X85Y97 is part of a synchronized register chain that is suboptimally placed as the load FDRE cell signal_generator_i/axi_dma_0/U0/I_AXI_DMA_REG_MODULE/GEN_AXI_LITE_IF.AXI_LITE_IF_I/GEN_ASYNC_READ.REG_DATA2LITE_CLOCK/GENERATE_LEVEL_P_S_CDC.MULTI_BIT.FOR_IN_cdc_to[10].CROSS2_PLEVEL_IN2SCNDRY_IN_cdc_to is not placed in the same (SLICE) site.
Related violations: <none>

PDRC-190#3 Warning
Suboptimally placed synchronized register chain  
The FDRE cell signal_generator_i/axi_dma_0/U0/I_AXI_DMA_REG_MODULE/GEN_AXI_LITE_IF.AXI_LITE_IF_I/GEN_ASYNC_READ.lite_rdata_cdc_from_reg[11] in site SLICE_X87Y102 is part of a synchronized register chain that is suboptimally placed as the load FDRE cell signal_generator_i/axi_dma_0/U0/I_AXI_DMA_REG_MODULE/GEN_AXI_LITE_IF.AXI_LITE_IF_I/GEN_ASYNC_READ.REG_DATA2LITE_CLOCK/GENERATE_LEVEL_P_S_CDC.MULTI_BIT.FOR_IN_cdc_to[11].CROSS2_PLEVEL_IN2SCNDRY_IN_cdc_to is not placed in the same (SLICE) site.
Related violations: <none>

PDRC-190#4 Warning
Suboptimally placed synchronized register chain  
The FDRE cell signal_generator_i/axi_dma_0/U0/I_AXI_DMA_REG_MODULE/GEN_AXI_LITE_IF.AXI_LITE_IF_I/GEN_ASYNC_READ.lite_rdata_cdc_from_reg[12] in site SLICE_X86Y96 is part of a synchronized register chain that is suboptimally placed as the load FDRE cell signal_generator_i/axi_dma_0/U0/I_AXI_DMA_REG_MODULE/GEN_AXI_LITE_IF.AXI_LITE_IF_I/GEN_ASYNC_READ.REG_DATA2LITE_CLOCK/GENERATE_LEVEL_P_S_CDC.MULTI_BIT.FOR_IN_cdc_to[12].CROSS2_PLEVEL_IN2SCNDRY_IN_cdc_to is not placed in the same (SLICE) site.
Related violations: <none>

PDRC-190#5 Warning
Suboptimally placed synchronized register chain  
The FDRE cell signal_generator_i/axi_dma_0/U0/I_AXI_DMA_REG_MODULE/GEN_AXI_LITE_IF.AXI_LITE_IF_I/GEN_ASYNC_READ.lite_rdata_cdc_from_reg[13] in site SLICE_X87Y98 is part of a synchronized register chain that is suboptimally placed as the load FDRE cell signal_generator_i/axi_dma_0/U0/I_AXI_DMA_REG_MODULE/GEN_AXI_LITE_IF.AXI_LITE_IF_I/GEN_ASYNC_READ.REG_DATA2LITE_CLOCK/GENERATE_LEVEL_P_S_CDC.MULTI_BIT.FOR_IN_cdc_to[13].CROSS2_PLEVEL_IN2SCNDRY_IN_cdc_to is not placed in the same (SLICE) site.
Related violations: <none>

PDRC-190#6 Warning
Suboptimally placed synchronized register chain  
The FDRE cell signal_generator_i/axi_dma_0/U0/I_AXI_DMA_REG_MODULE/GEN_AXI_LITE_IF.AXI_LITE_IF_I/GEN_ASYNC_READ.lite_rdata_cdc_from_reg[14] in site SLICE_X87Y100 is part of a synchronized register chain that is suboptimally placed as the load FDRE cell signal_generator_i/axi_dma_0/U0/I_AXI_DMA_REG_MODULE/GEN_AXI_LITE_IF.AXI_LITE_IF_I/GEN_ASYNC_READ.REG_DATA2LITE_CLOCK/GENERATE_LEVEL_P_S_CDC.MULTI_BIT.FOR_IN_cdc_to[14].CROSS2_PLEVEL_IN2SCNDRY_IN_cdc_to is not placed in the same (SLICE) site.
Related violations: <none>

PDRC-190#7 Warning
Suboptimally placed synchronized register chain  
The FDRE cell signal_generator_i/axi_dma_0/U0/I_AXI_DMA_REG_MODULE/GEN_AXI_LITE_IF.AXI_LITE_IF_I/GEN_ASYNC_READ.lite_rdata_cdc_from_reg[15] in site SLICE_X88Y102 is part of a synchronized register chain that is suboptimally placed as the load FDRE cell signal_generator_i/axi_dma_0/U0/I_AXI_DMA_REG_MODULE/GEN_AXI_LITE_IF.AXI_LITE_IF_I/GEN_ASYNC_READ.REG_DATA2LITE_CLOCK/GENERATE_LEVEL_P_S_CDC.MULTI_BIT.FOR_IN_cdc_to[15].CROSS2_PLEVEL_IN2SCNDRY_IN_cdc_to is not placed in the same (SLICE) site.
Related violations: <none>

PDRC-190#8 Warning
Suboptimally placed synchronized register chain  
The FDRE cell signal_generator_i/axi_dma_0/U0/I_AXI_DMA_REG_MODULE/GEN_AXI_LITE_IF.AXI_LITE_IF_I/GEN_ASYNC_READ.lite_rdata_cdc_from_reg[16] in site SLICE_X93Y97 is part of a synchronized register chain that is suboptimally placed as the load FDRE cell signal_generator_i/axi_dma_0/U0/I_AXI_DMA_REG_MODULE/GEN_AXI_LITE_IF.AXI_LITE_IF_I/GEN_ASYNC_READ.REG_DATA2LITE_CLOCK/GENERATE_LEVEL_P_S_CDC.MULTI_BIT.FOR_IN_cdc_to[16].CROSS2_PLEVEL_IN2SCNDRY_IN_cdc_to is not placed in the same (SLICE) site.
Related violations: <none>

PDRC-190#9 Warning
Suboptimally placed synchronized register chain  
The FDRE cell signal_generator_i/axi_dma_0/U0/I_AXI_DMA_REG_MODULE/GEN_AXI_LITE_IF.AXI_LITE_IF_I/GEN_ASYNC_READ.lite_rdata_cdc_from_reg[17] in site SLICE_X89Y96 is part of a synchronized register chain that is suboptimally placed as the load FDRE cell signal_generator_i/axi_dma_0/U0/I_AXI_DMA_REG_MODULE/GEN_AXI_LITE_IF.AXI_LITE_IF_I/GEN_ASYNC_READ.REG_DATA2LITE_CLOCK/GENERATE_LEVEL_P_S_CDC.MULTI_BIT.FOR_IN_cdc_to[17].CROSS2_PLEVEL_IN2SCNDRY_IN_cdc_to is not placed in the same (SLICE) site.
Related violations: <none>

PDRC-190#10 Warning
Suboptimally placed synchronized register chain  
The FDRE cell signal_generator_i/axi_dma_0/U0/I_AXI_DMA_REG_MODULE/GEN_AXI_LITE_IF.AXI_LITE_IF_I/GEN_ASYNC_READ.lite_rdata_cdc_from_reg[18] in site SLICE_X89Y102 is part of a synchronized register chain that is suboptimally placed as the load FDRE cell signal_generator_i/axi_dma_0/U0/I_AXI_DMA_REG_MODULE/GEN_AXI_LITE_IF.AXI_LITE_IF_I/GEN_ASYNC_READ.REG_DATA2LITE_CLOCK/GENERATE_LEVEL_P_S_CDC.MULTI_BIT.FOR_IN_cdc_to[18].CROSS2_PLEVEL_IN2SCNDRY_IN_cdc_to is not placed in the same (SLICE) site.
Related violations: <none>

PDRC-190#11 Warning
Suboptimally placed synchronized register chain  
The FDRE cell signal_generator_i/axi_dma_0/U0/I_AXI_DMA_REG_MODULE/GEN_AXI_LITE_IF.AXI_LITE_IF_I/GEN_ASYNC_READ.lite_rdata_cdc_from_reg[19] in site SLICE_X93Y99 is part of a synchronized register chain that is suboptimally placed as the load FDRE cell signal_generator_i/axi_dma_0/U0/I_AXI_DMA_REG_MODULE/GEN_AXI_LITE_IF.AXI_LITE_IF_I/GEN_ASYNC_READ.REG_DATA2LITE_CLOCK/GENERATE_LEVEL_P_S_CDC.MULTI_BIT.FOR_IN_cdc_to[19].CROSS2_PLEVEL_IN2SCNDRY_IN_cdc_to is not placed in the same (SLICE) site.
Related violations: <none>

PDRC-190#12 Warning
Suboptimally placed synchronized register chain  
The FDRE cell signal_generator_i/axi_dma_0/U0/I_AXI_DMA_REG_MODULE/GEN_AXI_LITE_IF.AXI_LITE_IF_I/GEN_ASYNC_READ.lite_rdata_cdc_from_reg[1] in site SLICE_X88Y98 is part of a synchronized register chain that is suboptimally placed as the load FDRE cell signal_generator_i/axi_dma_0/U0/I_AXI_DMA_REG_MODULE/GEN_AXI_LITE_IF.AXI_LITE_IF_I/GEN_ASYNC_READ.REG_DATA2LITE_CLOCK/GENERATE_LEVEL_P_S_CDC.MULTI_BIT.FOR_IN_cdc_to[1].CROSS2_PLEVEL_IN2SCNDRY_IN_cdc_to is not placed in the same (SLICE) site.
Related violations: <none>

PDRC-190#13 Warning
Suboptimally placed synchronized register chain  
The FDRE cell signal_generator_i/axi_dma_0/U0/I_AXI_DMA_REG_MODULE/GEN_AXI_LITE_IF.AXI_LITE_IF_I/GEN_ASYNC_READ.lite_rdata_cdc_from_reg[20] in site SLICE_X92Y99 is part of a synchronized register chain that is suboptimally placed as the load FDRE cell signal_generator_i/axi_dma_0/U0/I_AXI_DMA_REG_MODULE/GEN_AXI_LITE_IF.AXI_LITE_IF_I/GEN_ASYNC_READ.REG_DATA2LITE_CLOCK/GENERATE_LEVEL_P_S_CDC.MULTI_BIT.FOR_IN_cdc_to[20].CROSS2_PLEVEL_IN2SCNDRY_IN_cdc_to is not placed in the same (SLICE) site.
Related violations: <none>

PDRC-190#14 Warning
Suboptimally placed synchronized register chain  
The FDRE cell signal_generator_i/axi_dma_0/U0/I_AXI_DMA_REG_MODULE/GEN_AXI_LITE_IF.AXI_LITE_IF_I/GEN_ASYNC_READ.lite_rdata_cdc_from_reg[21] in site SLICE_X89Y98 is part of a synchronized register chain that is suboptimally placed as the load FDRE cell signal_generator_i/axi_dma_0/U0/I_AXI_DMA_REG_MODULE/GEN_AXI_LITE_IF.AXI_LITE_IF_I/GEN_ASYNC_READ.REG_DATA2LITE_CLOCK/GENERATE_LEVEL_P_S_CDC.MULTI_BIT.FOR_IN_cdc_to[21].CROSS2_PLEVEL_IN2SCNDRY_IN_cdc_to is not placed in the same (SLICE) site.
Related violations: <none>

PDRC-190#15 Warning
Suboptimally placed synchronized register chain  
The FDRE cell signal_generator_i/axi_dma_0/U0/I_AXI_DMA_REG_MODULE/GEN_AXI_LITE_IF.AXI_LITE_IF_I/GEN_ASYNC_READ.lite_rdata_cdc_from_reg[22] in site SLICE_X91Y101 is part of a synchronized register chain that is suboptimally placed as the load FDRE cell signal_generator_i/axi_dma_0/U0/I_AXI_DMA_REG_MODULE/GEN_AXI_LITE_IF.AXI_LITE_IF_I/GEN_ASYNC_READ.REG_DATA2LITE_CLOCK/GENERATE_LEVEL_P_S_CDC.MULTI_BIT.FOR_IN_cdc_to[22].CROSS2_PLEVEL_IN2SCNDRY_IN_cdc_to is not placed in the same (SLICE) site.
Related violations: <none>

PDRC-190#16 Warning
Suboptimally placed synchronized register chain  
The FDRE cell signal_generator_i/axi_dma_0/U0/I_AXI_DMA_REG_MODULE/GEN_AXI_LITE_IF.AXI_LITE_IF_I/GEN_ASYNC_READ.lite_rdata_cdc_from_reg[23] in site SLICE_X91Y97 is part of a synchronized register chain that is suboptimally placed as the load FDRE cell signal_generator_i/axi_dma_0/U0/I_AXI_DMA_REG_MODULE/GEN_AXI_LITE_IF.AXI_LITE_IF_I/GEN_ASYNC_READ.REG_DATA2LITE_CLOCK/GENERATE_LEVEL_P_S_CDC.MULTI_BIT.FOR_IN_cdc_to[23].CROSS2_PLEVEL_IN2SCNDRY_IN_cdc_to is not placed in the same (SLICE) site.
Related violations: <none>

PDRC-190#17 Warning
Suboptimally placed synchronized register chain  
The FDRE cell signal_generator_i/axi_dma_0/U0/I_AXI_DMA_REG_MODULE/GEN_AXI_LITE_IF.AXI_LITE_IF_I/GEN_ASYNC_READ.lite_rdata_cdc_from_reg[24] in site SLICE_X90Y96 is part of a synchronized register chain that is suboptimally placed as the load FDRE cell signal_generator_i/axi_dma_0/U0/I_AXI_DMA_REG_MODULE/GEN_AXI_LITE_IF.AXI_LITE_IF_I/GEN_ASYNC_READ.REG_DATA2LITE_CLOCK/GENERATE_LEVEL_P_S_CDC.MULTI_BIT.FOR_IN_cdc_to[24].CROSS2_PLEVEL_IN2SCNDRY_IN_cdc_to is not placed in the same (SLICE) site.
Related violations: <none>

PDRC-190#18 Warning
Suboptimally placed synchronized register chain  
The FDRE cell signal_generator_i/axi_dma_0/U0/I_AXI_DMA_REG_MODULE/GEN_AXI_LITE_IF.AXI_LITE_IF_I/GEN_ASYNC_READ.lite_rdata_cdc_from_reg[25] in site SLICE_X91Y99 is part of a synchronized register chain that is suboptimally placed as the load FDRE cell signal_generator_i/axi_dma_0/U0/I_AXI_DMA_REG_MODULE/GEN_AXI_LITE_IF.AXI_LITE_IF_I/GEN_ASYNC_READ.REG_DATA2LITE_CLOCK/GENERATE_LEVEL_P_S_CDC.MULTI_BIT.FOR_IN_cdc_to[25].CROSS2_PLEVEL_IN2SCNDRY_IN_cdc_to is not placed in the same (SLICE) site.
Related violations: <none>

PDRC-190#19 Warning
Suboptimally placed synchronized register chain  
The FDRE cell signal_generator_i/axi_dma_0/U0/I_AXI_DMA_REG_MODULE/GEN_AXI_LITE_IF.AXI_LITE_IF_I/GEN_ASYNC_READ.lite_rdata_cdc_from_reg[26] in site SLICE_X88Y100 is part of a synchronized register chain that is suboptimally placed as the load FDRE cell signal_generator_i/axi_dma_0/U0/I_AXI_DMA_REG_MODULE/GEN_AXI_LITE_IF.AXI_LITE_IF_I/GEN_ASYNC_READ.REG_DATA2LITE_CLOCK/GENERATE_LEVEL_P_S_CDC.MULTI_BIT.FOR_IN_cdc_to[26].CROSS2_PLEVEL_IN2SCNDRY_IN_cdc_to is not placed in the same (SLICE) site.
Related violations: <none>

PDRC-190#20 Warning
Suboptimally placed synchronized register chain  
The FDRE cell signal_generator_i/axi_dma_0/U0/I_AXI_DMA_REG_MODULE/GEN_AXI_LITE_IF.AXI_LITE_IF_I/GEN_ASYNC_READ.lite_rdata_cdc_from_reg[27] in site SLICE_X90Y100 is part of a synchronized register chain that is suboptimally placed as the load FDRE cell signal_generator_i/axi_dma_0/U0/I_AXI_DMA_REG_MODULE/GEN_AXI_LITE_IF.AXI_LITE_IF_I/GEN_ASYNC_READ.REG_DATA2LITE_CLOCK/GENERATE_LEVEL_P_S_CDC.MULTI_BIT.FOR_IN_cdc_to[27].CROSS2_PLEVEL_IN2SCNDRY_IN_cdc_to is not placed in the same (SLICE) site.
Related violations: <none>

PDRC-190#21 Warning
Suboptimally placed synchronized register chain  
The FDRE cell signal_generator_i/axi_dma_0/U0/I_AXI_DMA_REG_MODULE/GEN_AXI_LITE_IF.AXI_LITE_IF_I/GEN_ASYNC_READ.lite_rdata_cdc_from_reg[28] in site SLICE_X90Y102 is part of a synchronized register chain that is suboptimally placed as the load FDRE cell signal_generator_i/axi_dma_0/U0/I_AXI_DMA_REG_MODULE/GEN_AXI_LITE_IF.AXI_LITE_IF_I/GEN_ASYNC_READ.REG_DATA2LITE_CLOCK/GENERATE_LEVEL_P_S_CDC.MULTI_BIT.FOR_IN_cdc_to[28].CROSS2_PLEVEL_IN2SCNDRY_IN_cdc_to is not placed in the same (SLICE) site.
Related violations: <none>

PDRC-190#22 Warning
Suboptimally placed synchronized register chain  
The FDRE cell signal_generator_i/axi_dma_0/U0/I_AXI_DMA_REG_MODULE/GEN_AXI_LITE_IF.AXI_LITE_IF_I/GEN_ASYNC_READ.lite_rdata_cdc_from_reg[29] in site SLICE_X90Y98 is part of a synchronized register chain that is suboptimally placed as the load FDRE cell signal_generator_i/axi_dma_0/U0/I_AXI_DMA_REG_MODULE/GEN_AXI_LITE_IF.AXI_LITE_IF_I/GEN_ASYNC_READ.REG_DATA2LITE_CLOCK/GENERATE_LEVEL_P_S_CDC.MULTI_BIT.FOR_IN_cdc_to[29].CROSS2_PLEVEL_IN2SCNDRY_IN_cdc_to is not placed in the same (SLICE) site.
Related violations: <none>

PDRC-190#23 Warning
Suboptimally placed synchronized register chain  
The FDRE cell signal_generator_i/axi_dma_0/U0/I_AXI_DMA_REG_MODULE/GEN_AXI_LITE_IF.AXI_LITE_IF_I/GEN_ASYNC_READ.lite_rdata_cdc_from_reg[2] in site SLICE_X86Y102 is part of a synchronized register chain that is suboptimally placed as the load FDRE cell signal_generator_i/axi_dma_0/U0/I_AXI_DMA_REG_MODULE/GEN_AXI_LITE_IF.AXI_LITE_IF_I/GEN_ASYNC_READ.REG_DATA2LITE_CLOCK/GENERATE_LEVEL_P_S_CDC.MULTI_BIT.FOR_IN_cdc_to[2].CROSS2_PLEVEL_IN2SCNDRY_IN_cdc_to is not placed in the same (SLICE) site.
Related violations: <none>

PDRC-190#24 Warning
Suboptimally placed synchronized register chain  
The FDRE cell signal_generator_i/axi_dma_0/U0/I_AXI_DMA_REG_MODULE/GEN_AXI_LITE_IF.AXI_LITE_IF_I/GEN_ASYNC_READ.lite_rdata_cdc_from_reg[30] in site SLICE_X89Y100 is part of a synchronized register chain that is suboptimally placed as the load FDRE cell signal_generator_i/axi_dma_0/U0/I_AXI_DMA_REG_MODULE/GEN_AXI_LITE_IF.AXI_LITE_IF_I/GEN_ASYNC_READ.REG_DATA2LITE_CLOCK/GENERATE_LEVEL_P_S_CDC.MULTI_BIT.FOR_IN_cdc_to[30].CROSS2_PLEVEL_IN2SCNDRY_IN_cdc_to is not placed in the same (SLICE) site.
Related violations: <none>

PDRC-190#25 Warning
Suboptimally placed synchronized register chain  
The FDRE cell signal_generator_i/axi_dma_0/U0/I_AXI_DMA_REG_MODULE/GEN_AXI_LITE_IF.AXI_LITE_IF_I/GEN_ASYNC_READ.lite_rdata_cdc_from_reg[31] in site SLICE_X88Y96 is part of a synchronized register chain that is suboptimally placed as the load FDRE cell signal_generator_i/axi_dma_0/U0/I_AXI_DMA_REG_MODULE/GEN_AXI_LITE_IF.AXI_LITE_IF_I/GEN_ASYNC_READ.REG_DATA2LITE_CLOCK/GENERATE_LEVEL_P_S_CDC.MULTI_BIT.FOR_IN_cdc_to[31].CROSS2_PLEVEL_IN2SCNDRY_IN_cdc_to is not placed in the same (SLICE) site.
Related violations: <none>

PDRC-190#26 Warning
Suboptimally placed synchronized register chain  
The FDRE cell signal_generator_i/axi_dma_0/U0/I_AXI_DMA_REG_MODULE/GEN_AXI_LITE_IF.AXI_LITE_IF_I/GEN_ASYNC_READ.lite_rdata_cdc_from_reg[3] in site SLICE_X85Y99 is part of a synchronized register chain that is suboptimally placed as the load FDRE cell signal_generator_i/axi_dma_0/U0/I_AXI_DMA_REG_MODULE/GEN_AXI_LITE_IF.AXI_LITE_IF_I/GEN_ASYNC_READ.REG_DATA2LITE_CLOCK/GENERATE_LEVEL_P_S_CDC.MULTI_BIT.FOR_IN_cdc_to[3].CROSS2_PLEVEL_IN2SCNDRY_IN_cdc_to is not placed in the same (SLICE) site.
Related violations: <none>

PDRC-190#27 Warning
Suboptimally placed synchronized register chain  
The FDRE cell signal_generator_i/axi_dma_0/U0/I_AXI_DMA_REG_MODULE/GEN_AXI_LITE_IF.AXI_LITE_IF_I/GEN_ASYNC_READ.lite_rdata_cdc_from_reg[4] in site SLICE_X85Y101 is part of a synchronized register chain that is suboptimally placed as the load FDRE cell signal_generator_i/axi_dma_0/U0/I_AXI_DMA_REG_MODULE/GEN_AXI_LITE_IF.AXI_LITE_IF_I/GEN_ASYNC_READ.REG_DATA2LITE_CLOCK/GENERATE_LEVEL_P_S_CDC.MULTI_BIT.FOR_IN_cdc_to[4].CROSS2_PLEVEL_IN2SCNDRY_IN_cdc_to is not placed in the same (SLICE) site.
Related violations: <none>

PDRC-190#28 Warning
Suboptimally placed synchronized register chain  
The FDRE cell signal_generator_i/axi_dma_0/U0/I_AXI_DMA_REG_MODULE/GEN_AXI_LITE_IF.AXI_LITE_IF_I/GEN_ASYNC_READ.lite_rdata_cdc_from_reg[5] in site SLICE_X86Y98 is part of a synchronized register chain that is suboptimally placed as the load FDRE cell signal_generator_i/axi_dma_0/U0/I_AXI_DMA_REG_MODULE/GEN_AXI_LITE_IF.AXI_LITE_IF_I/GEN_ASYNC_READ.REG_DATA2LITE_CLOCK/GENERATE_LEVEL_P_S_CDC.MULTI_BIT.FOR_IN_cdc_to[5].CROSS2_PLEVEL_IN2SCNDRY_IN_cdc_to is not placed in the same (SLICE) site.
Related violations: <none>

PDRC-190#29 Warning
Suboptimally placed synchronized register chain  
The FDRE cell signal_generator_i/axi_dma_0/U0/I_AXI_DMA_REG_MODULE/GEN_AXI_LITE_IF.AXI_LITE_IF_I/GEN_ASYNC_READ.lite_rdata_cdc_from_reg[6] in site SLICE_X86Y100 is part of a synchronized register chain that is suboptimally placed as the load FDRE cell signal_generator_i/axi_dma_0/U0/I_AXI_DMA_REG_MODULE/GEN_AXI_LITE_IF.AXI_LITE_IF_I/GEN_ASYNC_READ.REG_DATA2LITE_CLOCK/GENERATE_LEVEL_P_S_CDC.MULTI_BIT.FOR_IN_cdc_to[6].CROSS2_PLEVEL_IN2SCNDRY_IN_cdc_to is not placed in the same (SLICE) site.
Related violations: <none>

PDRC-190#30 Warning
Suboptimally placed synchronized register chain  
The FDRE cell signal_generator_i/axi_dma_0/U0/I_AXI_DMA_REG_MODULE/GEN_AXI_LITE_IF.AXI_LITE_IF_I/GEN_ASYNC_READ.lite_rdata_cdc_from_reg[7] in site SLICE_X84Y102 is part of a synchronized register chain that is suboptimally placed as the load FDRE cell signal_generator_i/axi_dma_0/U0/I_AXI_DMA_REG_MODULE/GEN_AXI_LITE_IF.AXI_LITE_IF_I/GEN_ASYNC_READ.REG_DATA2LITE_CLOCK/GENERATE_LEVEL_P_S_CDC.MULTI_BIT.FOR_IN_cdc_to[7].CROSS2_PLEVEL_IN2SCNDRY_IN_cdc_to is not placed in the same (SLICE) site.
Related violations: <none>

PDRC-190#31 Warning
Suboptimally placed synchronized register chain  
The FDRE cell signal_generator_i/axi_dma_0/U0/I_AXI_DMA_REG_MODULE/GEN_AXI_LITE_IF.AXI_LITE_IF_I/GEN_ASYNC_READ.lite_rdata_cdc_from_reg[8] in site SLICE_X84Y98 is part of a synchronized register chain that is suboptimally placed as the load FDRE cell signal_generator_i/axi_dma_0/U0/I_AXI_DMA_REG_MODULE/GEN_AXI_LITE_IF.AXI_LITE_IF_I/GEN_ASYNC_READ.REG_DATA2LITE_CLOCK/GENERATE_LEVEL_P_S_CDC.MULTI_BIT.FOR_IN_cdc_to[8].CROSS2_PLEVEL_IN2SCNDRY_IN_cdc_to is not placed in the same (SLICE) site.
Related violations: <none>

PDRC-190#32 Warning
Suboptimally placed synchronized register chain  
The FDRE cell signal_generator_i/axi_dma_0/U0/I_AXI_DMA_REG_MODULE/GEN_AXI_LITE_IF.AXI_LITE_IF_I/GEN_ASYNC_READ.lite_rdata_cdc_from_reg[9] in site SLICE_X84Y100 is part of a synchronized register chain that is suboptimally placed as the load FDRE cell signal_generator_i/axi_dma_0/U0/I_AXI_DMA_REG_MODULE/GEN_AXI_LITE_IF.AXI_LITE_IF_I/GEN_ASYNC_READ.REG_DATA2LITE_CLOCK/GENERATE_LEVEL_P_S_CDC.MULTI_BIT.FOR_IN_cdc_to[9].CROSS2_PLEVEL_IN2SCNDRY_IN_cdc_to is not placed in the same (SLICE) site.
Related violations: <none>

TIMING-9#1 Warning
Unknown CDC Logic  
One or more asynchronous Clock Domain Crossing has been detected between 2 clock domains through a set_false_path or a set_clock_groups or set_max_delay -datapath_only constraint but no double-registers logic synchronizer has been found on the side of the capture clock. It is recommended to run report_cdc for a complete and detailed CDC coverage. Please consider using XPM_CDC to avoid Critical severities
Related violations: <none>

TIMING-10#1 Warning
Missing property on synchronizer  
One or more logic synchronizer has been detected between 2 clock domains but the synchronizer does not have the property ASYNC_REG defined on one or both registers. It is recommended to run report_cdc for a complete and detailed CDC coverage
Related violations: <none>

TIMING-16#1 Warning
Large setup violation  
There is a large setup violation of -1.534 ns between l_clk_in_p (clocked by l_clk_in_p) and signal_generator_i/LVDS_to_AXIS_0/inst/ila_LVDS/inst/ila_core_inst/shifted_data_in_reg[7][0]_srl8/D (clocked by clk_fpga_3). Large setup violations at the end of those stages might be difficult to fix during the post-placement implementation flow and could be the result of non-optimal XDC constraints or non-optimal design architecture
Related violations: <none>

TIMING-16#2 Warning
Large setup violation  
There is a large setup violation of -1.650 ns between l_clk_in_p (clocked by l_clk_in_p) and signal_generator_i/LVDS_to_AXIS_0/inst/ila_LVDS/inst/ila_core_inst/u_trig/U_TM/N_DDR_MODE.G_NMU[0].U_M/allx_typeA_match_detection.ltlib_v1_0_2_allx_typeA_inst/probeDelay1_reg[0]/D (clocked by clk_fpga_3). Large setup violations at the end of those stages might be difficult to fix during the post-placement implementation flow and could be the result of non-optimal XDC constraints or non-optimal design architecture
Related violations: <none>

TIMING-16#3 Warning
Large setup violation  
There is a large setup violation of -2.392 ns between signal_generator_i/laser/inst/laser_signal_generat_0/inst/frame_clk_r_reg/C (clocked by clk_fpga_2) and signal_generator_i/slow_laser_ILA/inst/ila_core_inst/shifted_data_in_reg[7][0]_srl8/D (clocked by clk_fpga_0). Large setup violations at the end of those stages might be difficult to fix during the post-placement implementation flow and could be the result of non-optimal XDC constraints or non-optimal design architecture
Related violations: <none>

TIMING-16#4 Warning
Large setup violation  
There is a large setup violation of -2.699 ns between signal_generator_i/laser/inst/laser_signal_generat_0/inst/frame_clk_r_reg/C (clocked by clk_fpga_2) and signal_generator_i/slow_laser_ILA/inst/ila_core_inst/u_trig/U_TM/N_DDR_MODE.G_NMU[0].U_M/allx_typeA_match_detection.ltlib_v1_0_2_allx_typeA_inst/probeDelay1_reg[0]/D (clocked by clk_fpga_0). Large setup violations at the end of those stages might be difficult to fix during the post-placement implementation flow and could be the result of non-optimal XDC constraints or non-optimal design architecture
Related violations: <none>

TIMING-16#5 Warning
Large setup violation  
There is a large setup violation of -2.732 ns between signal_generator_i/laser/inst/laser_signal_generat_0/inst/line_clk_r_reg/C (clocked by clk_fpga_2) and signal_generator_i/slow_laser_ILA/inst/ila_core_inst/shifted_data_in_reg[7][1]_srl8/D (clocked by clk_fpga_0). Large setup violations at the end of those stages might be difficult to fix during the post-placement implementation flow and could be the result of non-optimal XDC constraints or non-optimal design architecture
Related violations: <none>

TIMING-16#6 Warning
Large setup violation  
There is a large setup violation of -2.846 ns between signal_generator_i/laser/inst/laser_signal_generat_0/inst/line_clk_r_reg/C (clocked by clk_fpga_2) and signal_generator_i/slow_laser_ILA/inst/ila_core_inst/u_trig/U_TM/N_DDR_MODE.G_NMU[1].U_M/allx_typeA_match_detection.ltlib_v1_0_2_allx_typeA_inst/probeDelay1_reg[0]/D (clocked by clk_fpga_0). Large setup violations at the end of those stages might be difficult to fix during the post-placement implementation flow and could be the result of non-optimal XDC constraints or non-optimal design architecture
Related violations: <none>

TIMING-16#7 Warning
Large setup violation  
There is a large setup violation of -2.890 ns between signal_generator_i/laser/inst/laser_signal_generat_0/inst/frame_clk_r_reg/C (clocked by clk_fpga_2) and signal_generator_i/histo_0/inst/frame_negedge_detect/inst/old_reg/D (clocked by clk_fpga_0). Large setup violations at the end of those stages might be difficult to fix during the post-placement implementation flow and could be the result of non-optimal XDC constraints or non-optimal design architecture
Related violations: <none>

TIMING-16#8 Warning
Large setup violation  
There is a large setup violation of -3.170 ns between signal_generator_i/laser/inst/laser_signal_generat_0/inst/line_clk_r_reg/C (clocked by clk_fpga_2) and signal_generator_i/histo_0/inst/pixel_posedge_detect/inst/edge_valid_old_reg/D (clocked by clk_fpga_0). Large setup violations at the end of those stages might be difficult to fix during the post-placement implementation flow and could be the result of non-optimal XDC constraints or non-optimal design architecture
Related violations: <none>

TIMING-16#9 Warning
Large setup violation  
There is a large setup violation of -3.375 ns between signal_generator_i/laser/inst/laser_signal_generat_0/inst/line_clk_r_reg/C (clocked by clk_fpga_2) and signal_generator_i/histogram_ILA/inst/ila_core_inst/u_trig/U_TM/N_DDR_MODE.G_NMU[0].U_M/allx_typeA_match_detection.ltlib_v1_0_2_allx_typeA_inst/probeDelay1_reg[0]/D (clocked by clk_fpga_0). Large setup violations at the end of those stages might be difficult to fix during the post-placement implementation flow and could be the result of non-optimal XDC constraints or non-optimal design architecture
Related violations: <none>

TIMING-16#10 Warning
Large setup violation  
There is a large setup violation of -3.513 ns between signal_generator_i/laser/inst/laser_signal_generat_0/inst/line_clk_r_reg/C (clocked by clk_fpga_2) and signal_generator_i/histogram_ILA/inst/ila_core_inst/shifted_data_in_reg[7][0]_srl8/D (clocked by clk_fpga_0). Large setup violations at the end of those stages might be difficult to fix during the post-placement implementation flow and could be the result of non-optimal XDC constraints or non-optimal design architecture
Related violations: <none>

TIMING-16#11 Warning
Large setup violation  
There is a large setup violation of -4.458 ns between signal_generator_i/axi_gpio_1/U0/gpio_core_1/Dual.gpio_Data_Out_reg[24]/C (clocked by clk_fpga_0) and signal_generator_i/laser/inst/laser_signal_generat_0/inst/clk_counter_r_reg[8]/D (clocked by clk_fpga_2). Large setup violations at the end of those stages might be difficult to fix during the post-placement implementation flow and could be the result of non-optimal XDC constraints or non-optimal design architecture
Related violations: <none>

TIMING-16#12 Warning
Large setup violation  
There is a large setup violation of -4.485 ns between signal_generator_i/axi_gpio_1/U0/gpio_core_1/Dual.gpio_Data_Out_reg[24]/C (clocked by clk_fpga_0) and signal_generator_i/laser/inst/laser_signal_generat_0/inst/clk_counter_r_reg[25]/D (clocked by clk_fpga_2). Large setup violations at the end of those stages might be difficult to fix during the post-placement implementation flow and could be the result of non-optimal XDC constraints or non-optimal design architecture
Related violations: <none>

TIMING-16#13 Warning
Large setup violation  
There is a large setup violation of -4.618 ns between signal_generator_i/axi_gpio_1/U0/gpio_core_1/Dual.gpio_Data_Out_reg[24]/C (clocked by clk_fpga_0) and signal_generator_i/laser/inst/laser_signal_generat_0/inst/clk_counter_r_reg[30]/D (clocked by clk_fpga_2). Large setup violations at the end of those stages might be difficult to fix during the post-placement implementation flow and could be the result of non-optimal XDC constraints or non-optimal design architecture
Related violations: <none>

TIMING-16#14 Warning
Large setup violation  
There is a large setup violation of -4.618 ns between signal_generator_i/axi_gpio_1/U0/gpio_core_1/Dual.gpio_Data_Out_reg[24]/C (clocked by clk_fpga_0) and signal_generator_i/laser/inst/laser_signal_generat_0/inst/m_arvalid_r_reg/D (clocked by clk_fpga_2). Large setup violations at the end of those stages might be difficult to fix during the post-placement implementation flow and could be the result of non-optimal XDC constraints or non-optimal design architecture
Related violations: <none>

TIMING-16#15 Warning
Large setup violation  
There is a large setup violation of -4.624 ns between signal_generator_i/axi_gpio_1/U0/gpio_core_1/Dual.gpio_Data_Out_reg[24]/C (clocked by clk_fpga_0) and signal_generator_i/laser/inst/laser_signal_generat_0/inst/clk_counter_r_reg[9]/D (clocked by clk_fpga_2). Large setup violations at the end of those stages might be difficult to fix during the post-placement implementation flow and could be the result of non-optimal XDC constraints or non-optimal design architecture
Related violations: <none>

TIMING-16#16 Warning
Large setup violation  
There is a large setup violation of -4.631 ns between signal_generator_i/axi_gpio_1/U0/gpio_core_1/Dual.gpio_Data_Out_reg[24]/C (clocked by clk_fpga_0) and signal_generator_i/laser/inst/laser_signal_generat_0/inst/clk_counter_r_reg[22]/D (clocked by clk_fpga_2). Large setup violations at the end of those stages might be difficult to fix during the post-placement implementation flow and could be the result of non-optimal XDC constraints or non-optimal design architecture
Related violations: <none>

TIMING-16#17 Warning
Large setup violation  
There is a large setup violation of -4.655 ns between signal_generator_i/axi_gpio_1/U0/gpio_core_1/Dual.gpio_Data_Out_reg[24]/C (clocked by clk_fpga_0) and signal_generator_i/laser/inst/laser_signal_generat_0/inst/clk_counter_r_reg[29]/D (clocked by clk_fpga_2). Large setup violations at the end of those stages might be difficult to fix during the post-placement implementation flow and could be the result of non-optimal XDC constraints or non-optimal design architecture
Related violations: <none>

TIMING-16#18 Warning
Large setup violation  
There is a large setup violation of -4.666 ns between signal_generator_i/axi_gpio_1/U0/gpio_core_1/Dual.gpio_Data_Out_reg[24]/C (clocked by clk_fpga_0) and signal_generator_i/laser/inst/laser_signal_generat_0/inst/clk_counter_r_reg[21]/D (clocked by clk_fpga_2). Large setup violations at the end of those stages might be difficult to fix during the post-placement implementation flow and could be the result of non-optimal XDC constraints or non-optimal design architecture
Related violations: <none>

TIMING-16#19 Warning
Large setup violation  
There is a large setup violation of -4.711 ns between signal_generator_i/axi_gpio_1/U0/gpio_core_1/Dual.gpio_Data_Out_reg[24]/C (clocked by clk_fpga_0) and signal_generator_i/laser/inst/laser_signal_generat_0/inst/clk_counter_r_reg[10]/D (clocked by clk_fpga_2). Large setup violations at the end of those stages might be difficult to fix during the post-placement implementation flow and could be the result of non-optimal XDC constraints or non-optimal design architecture
Related violations: <none>

TIMING-16#20 Warning
Large setup violation  
There is a large setup violation of -4.733 ns between signal_generator_i/axi_gpio_1/U0/gpio_core_1/Dual.gpio_Data_Out_reg[24]/C (clocked by clk_fpga_0) and signal_generator_i/laser/inst/ila_laser/inst/ila_core_inst/u_trig/U_TM/N_DDR_MODE.G_NMU[3].U_M/allx_typeA_match_detection.ltlib_v1_0_2_allx_typeA_inst/probeDelay1_reg[0]/D (clocked by clk_fpga_2). Large setup violations at the end of those stages might be difficult to fix during the post-placement implementation flow and could be the result of non-optimal XDC constraints or non-optimal design architecture
Related violations: <none>

TIMING-16#21 Warning
Large setup violation  
There is a large setup violation of -4.734 ns between signal_generator_i/axi_gpio_1/U0/gpio_core_1/Dual.gpio_Data_Out_reg[24]/C (clocked by clk_fpga_0) and signal_generator_i/laser/inst/laser_signal_generat_0/inst/clk_counter_r_reg[15]/D (clocked by clk_fpga_2). Large setup violations at the end of those stages might be difficult to fix during the post-placement implementation flow and could be the result of non-optimal XDC constraints or non-optimal design architecture
Related violations: <none>

TIMING-16#22 Warning
Large setup violation  
There is a large setup violation of -4.739 ns between signal_generator_i/axi_gpio_1/U0/gpio_core_1/Dual.gpio_Data_Out_reg[24]/C (clocked by clk_fpga_0) and signal_generator_i/laser/inst/laser_signal_generat_0/inst/clk_counter_r_reg[13]/D (clocked by clk_fpga_2). Large setup violations at the end of those stages might be difficult to fix during the post-placement implementation flow and could be the result of non-optimal XDC constraints or non-optimal design architecture
Related violations: <none>

TIMING-16#23 Warning
Large setup violation  
There is a large setup violation of -4.745 ns between signal_generator_i/axi_gpio_1/U0/gpio_core_1/Dual.gpio_Data_Out_reg[24]/C (clocked by clk_fpga_0) and signal_generator_i/laser/inst/laser_signal_generat_0/inst/clk_counter_r_reg[6]/D (clocked by clk_fpga_2). Large setup violations at the end of those stages might be difficult to fix during the post-placement implementation flow and could be the result of non-optimal XDC constraints or non-optimal design architecture
Related violations: <none>

TIMING-16#24 Warning
Large setup violation  
There is a large setup violation of -4.746 ns between signal_generator_i/axi_gpio_1/U0/gpio_core_1/Dual.gpio_Data_Out_reg[24]/C (clocked by clk_fpga_0) and signal_generator_i/laser/inst/laser_signal_generat_0/inst/clk_counter_r_reg[3]/D (clocked by clk_fpga_2). Large setup violations at the end of those stages might be difficult to fix during the post-placement implementation flow and could be the result of non-optimal XDC constraints or non-optimal design architecture
Related violations: <none>

TIMING-16#25 Warning
Large setup violation  
There is a large setup violation of -4.750 ns between signal_generator_i/axi_gpio_1/U0/gpio_core_1/Dual.gpio_Data_Out_reg[24]/C (clocked by clk_fpga_0) and signal_generator_i/laser/inst/laser_signal_generat_0/inst/clk_counter_r_reg[5]/D (clocked by clk_fpga_2). Large setup violations at the end of those stages might be difficult to fix during the post-placement implementation flow and could be the result of non-optimal XDC constraints or non-optimal design architecture
Related violations: <none>

TIMING-16#26 Warning
Large setup violation  
There is a large setup violation of -4.753 ns between signal_generator_i/axi_gpio_1/U0/gpio_core_1/Dual.gpio_Data_Out_reg[24]/C (clocked by clk_fpga_0) and signal_generator_i/laser/inst/laser_signal_generat_0/inst/clk_counter_r_reg[4]/D (clocked by clk_fpga_2). Large setup violations at the end of those stages might be difficult to fix during the post-placement implementation flow and could be the result of non-optimal XDC constraints or non-optimal design architecture
Related violations: <none>

TIMING-16#27 Warning
Large setup violation  
There is a large setup violation of -4.762 ns between signal_generator_i/axi_gpio_1/U0/gpio_core_1/Dual.gpio_Data_Out_reg[24]/C (clocked by clk_fpga_0) and signal_generator_i/laser/inst/laser_signal_generat_0/inst/clk_counter_r_reg[11]/D (clocked by clk_fpga_2). Large setup violations at the end of those stages might be difficult to fix during the post-placement implementation flow and could be the result of non-optimal XDC constraints or non-optimal design architecture
Related violations: <none>

TIMING-16#28 Warning
Large setup violation  
There is a large setup violation of -4.773 ns between signal_generator_i/axi_gpio_1/U0/gpio_core_1/Dual.gpio_Data_Out_reg[24]/C (clocked by clk_fpga_0) and signal_generator_i/laser/inst/ila_laser/inst/ila_core_inst/shifted_data_in_reg[7][8]_srl8/D (clocked by clk_fpga_2). Large setup violations at the end of those stages might be difficult to fix during the post-placement implementation flow and could be the result of non-optimal XDC constraints or non-optimal design architecture
Related violations: <none>

TIMING-16#29 Warning
Large setup violation  
There is a large setup violation of -4.781 ns between signal_generator_i/axi_gpio_1/U0/gpio_core_1/Dual.gpio_Data_Out_reg[24]/C (clocked by clk_fpga_0) and signal_generator_i/laser/inst/laser_signal_generat_0/inst/clk_counter_r_reg[17]/D (clocked by clk_fpga_2). Large setup violations at the end of those stages might be difficult to fix during the post-placement implementation flow and could be the result of non-optimal XDC constraints or non-optimal design architecture
Related violations: <none>

TIMING-16#30 Warning
Large setup violation  
There is a large setup violation of -4.781 ns between signal_generator_i/axi_gpio_1/U0/gpio_core_1/Dual.gpio_Data_Out_reg[24]/C (clocked by clk_fpga_0) and signal_generator_i/laser/inst/laser_signal_generat_0/inst/clk_counter_r_reg[31]/D (clocked by clk_fpga_2). Large setup violations at the end of those stages might be difficult to fix during the post-placement implementation flow and could be the result of non-optimal XDC constraints or non-optimal design architecture
Related violations: <none>

TIMING-16#31 Warning
Large setup violation  
There is a large setup violation of -4.788 ns between signal_generator_i/axi_gpio_1/U0/gpio_core_1/Dual.gpio_Data_Out_reg[24]/C (clocked by clk_fpga_0) and signal_generator_i/laser/inst/laser_signal_generat_0/inst/clk_counter_r_reg[16]/D (clocked by clk_fpga_2). Large setup violations at the end of those stages might be difficult to fix during the post-placement implementation flow and could be the result of non-optimal XDC constraints or non-optimal design architecture
Related violations: <none>

TIMING-16#32 Warning
Large setup violation  
There is a large setup violation of -4.803 ns between signal_generator_i/axi_gpio_1/U0/gpio_core_1/Dual.gpio_Data_Out_reg[24]/C (clocked by clk_fpga_0) and signal_generator_i/laser/inst/laser_signal_generat_0/inst/clk_counter_r_reg[18]/D (clocked by clk_fpga_2). Large setup violations at the end of those stages might be difficult to fix during the post-placement implementation flow and could be the result of non-optimal XDC constraints or non-optimal design architecture
Related violations: <none>

TIMING-16#33 Warning
Large setup violation  
There is a large setup violation of -4.810 ns between signal_generator_i/axi_gpio_1/U0/gpio_core_1/Dual.gpio_Data_Out_reg[24]/C (clocked by clk_fpga_0) and signal_generator_i/laser/inst/laser_signal_generat_0/inst/clk_counter_r_reg[27]/D (clocked by clk_fpga_2). Large setup violations at the end of those stages might be difficult to fix during the post-placement implementation flow and could be the result of non-optimal XDC constraints or non-optimal design architecture
Related violations: <none>

TIMING-16#34 Warning
Large setup violation  
There is a large setup violation of -4.812 ns between signal_generator_i/axi_gpio_1/U0/gpio_core_1/Dual.gpio_Data_Out_reg[24]/C (clocked by clk_fpga_0) and signal_generator_i/laser/inst/laser_signal_generat_0/inst/clk_counter_r_reg[14]/D (clocked by clk_fpga_2). Large setup violations at the end of those stages might be difficult to fix during the post-placement implementation flow and could be the result of non-optimal XDC constraints or non-optimal design architecture
Related violations: <none>

TIMING-16#35 Warning
Large setup violation  
There is a large setup violation of -4.815 ns between signal_generator_i/axi_gpio_1/U0/gpio_core_1/Dual.gpio_Data_Out_reg[24]/C (clocked by clk_fpga_0) and signal_generator_i/laser/inst/laser_signal_generat_0/inst/clk_counter_r_reg[26]/D (clocked by clk_fpga_2). Large setup violations at the end of those stages might be difficult to fix during the post-placement implementation flow and could be the result of non-optimal XDC constraints or non-optimal design architecture
Related violations: <none>

TIMING-16#36 Warning
Large setup violation  
There is a large setup violation of -4.817 ns between signal_generator_i/axi_gpio_1/U0/gpio_core_1/Dual.gpio_Data_Out_reg[24]/C (clocked by clk_fpga_0) and signal_generator_i/laser/inst/laser_signal_generat_0/inst/clk_counter_r_reg[12]/D (clocked by clk_fpga_2). Large setup violations at the end of those stages might be difficult to fix during the post-placement implementation flow and could be the result of non-optimal XDC constraints or non-optimal design architecture
Related violations: <none>

TIMING-16#37 Warning
Large setup violation  
There is a large setup violation of -4.836 ns between signal_generator_i/axi_gpio_1/U0/gpio_core_1/Dual.gpio_Data_Out_reg[24]/C (clocked by clk_fpga_0) and signal_generator_i/laser/inst/laser_signal_generat_0/inst/clk_counter_r_reg[24]/D (clocked by clk_fpga_2). Large setup violations at the end of those stages might be difficult to fix during the post-placement implementation flow and could be the result of non-optimal XDC constraints or non-optimal design architecture
Related violations: <none>

TIMING-16#38 Warning
Large setup violation  
There is a large setup violation of -4.840 ns between signal_generator_i/axi_gpio_1/U0/gpio_core_1/Dual.gpio_Data_Out_reg[24]/C (clocked by clk_fpga_0) and signal_generator_i/laser/inst/laser_signal_generat_0/inst/clk_counter_r_reg[19]/D (clocked by clk_fpga_2). Large setup violations at the end of those stages might be difficult to fix during the post-placement implementation flow and could be the result of non-optimal XDC constraints or non-optimal design architecture
Related violations: <none>

TIMING-16#39 Warning
Large setup violation  
There is a large setup violation of -4.843 ns between signal_generator_i/axi_gpio_1/U0/gpio_core_1/Dual.gpio_Data_Out_reg[24]/C (clocked by clk_fpga_0) and signal_generator_i/laser/inst/laser_signal_generat_0/inst/clk_counter_r_reg[1]/D (clocked by clk_fpga_2). Large setup violations at the end of those stages might be difficult to fix during the post-placement implementation flow and could be the result of non-optimal XDC constraints or non-optimal design architecture
Related violations: <none>

TIMING-16#40 Warning
Large setup violation  
There is a large setup violation of -4.845 ns between signal_generator_i/axi_gpio_1/U0/gpio_core_1/Dual.gpio_Data_Out_reg[24]/C (clocked by clk_fpga_0) and signal_generator_i/laser/inst/laser_signal_generat_0/inst/clk_counter_r_reg[20]/D (clocked by clk_fpga_2). Large setup violations at the end of those stages might be difficult to fix during the post-placement implementation flow and could be the result of non-optimal XDC constraints or non-optimal design architecture
Related violations: <none>

TIMING-16#41 Warning
Large setup violation  
There is a large setup violation of -4.850 ns between signal_generator_i/axi_gpio_1/U0/gpio_core_1/Dual.gpio_Data_Out_reg[24]/C (clocked by clk_fpga_0) and signal_generator_i/laser/inst/laser_signal_generat_0/inst/clk_counter_r_reg[7]/D (clocked by clk_fpga_2). Large setup violations at the end of those stages might be difficult to fix during the post-placement implementation flow and could be the result of non-optimal XDC constraints or non-optimal design architecture
Related violations: <none>

TIMING-16#42 Warning
Large setup violation  
There is a large setup violation of -4.869 ns between signal_generator_i/axi_gpio_1/U0/gpio_core_1/Dual.gpio_Data_Out_reg[24]/C (clocked by clk_fpga_0) and signal_generator_i/laser/inst/laser_signal_generat_0/inst/clk_counter_r_reg[2]/D (clocked by clk_fpga_2). Large setup violations at the end of those stages might be difficult to fix during the post-placement implementation flow and could be the result of non-optimal XDC constraints or non-optimal design architecture
Related violations: <none>

TIMING-16#43 Warning
Large setup violation  
There is a large setup violation of -4.871 ns between signal_generator_i/axi_gpio_1/U0/gpio_core_1/Dual.gpio_Data_Out_reg[24]/C (clocked by clk_fpga_0) and signal_generator_i/laser/inst/laser_signal_generat_0/inst/clk_counter_r_reg[23]/D (clocked by clk_fpga_2). Large setup violations at the end of those stages might be difficult to fix during the post-placement implementation flow and could be the result of non-optimal XDC constraints or non-optimal design architecture
Related violations: <none>

TIMING-16#44 Warning
Large setup violation  
There is a large setup violation of -4.895 ns between signal_generator_i/axi_gpio_1/U0/gpio_core_1/Dual.gpio_Data_Out_reg[24]/C (clocked by clk_fpga_0) and signal_generator_i/laser/inst/laser_signal_generat_0/inst/clk_counter_r_reg[0]/D (clocked by clk_fpga_2). Large setup violations at the end of those stages might be difficult to fix during the post-placement implementation flow and could be the result of non-optimal XDC constraints or non-optimal design architecture
Related violations: <none>

TIMING-16#45 Warning
Large setup violation  
There is a large setup violation of -4.911 ns between signal_generator_i/axi_gpio_1/U0/gpio_core_1/Dual.gpio_Data_Out_reg[24]/C (clocked by clk_fpga_0) and signal_generator_i/laser/inst/laser_signal_generat_0/inst/clk_counter_r_reg[28]/D (clocked by clk_fpga_2). Large setup violations at the end of those stages might be difficult to fix during the post-placement implementation flow and could be the result of non-optimal XDC constraints or non-optimal design architecture
Related violations: <none>

TIMING-16#46 Warning
Large setup violation  
There is a large setup violation of -5.187 ns between signal_generator_i/axi_gpio_1/U0/gpio_core_1/Dual.gpio_Data_Out_reg[24]/C (clocked by clk_fpga_0) and signal_generator_i/laser/inst/ila_laser/inst/ila_core_inst/shifted_data_in_reg[7][10]_srl8/D (clocked by clk_fpga_2). Large setup violations at the end of those stages might be difficult to fix during the post-placement implementation flow and could be the result of non-optimal XDC constraints or non-optimal design architecture
Related violations: <none>

TIMING-16#47 Warning
Large setup violation  
There is a large setup violation of -5.285 ns between signal_generator_i/axi_gpio_1/U0/gpio_core_1/Dual.gpio_Data_Out_reg[24]/C (clocked by clk_fpga_0) and signal_generator_i/laser/inst/laser_signal_generat_0/inst/return_counter_r_reg[1]/CE (clocked by clk_fpga_2). Large setup violations at the end of those stages might be difficult to fix during the post-placement implementation flow and could be the result of non-optimal XDC constraints or non-optimal design architecture
Related violations: <none>

TIMING-16#48 Warning
Large setup violation  
There is a large setup violation of -5.288 ns between signal_generator_i/axi_gpio_1/U0/gpio_core_1/Dual.gpio_Data_Out_reg[24]/C (clocked by clk_fpga_0) and signal_generator_i/laser/inst/laser_signal_generat_0/inst/return_counter_r_reg[6]/CE (clocked by clk_fpga_2). Large setup violations at the end of those stages might be difficult to fix during the post-placement implementation flow and could be the result of non-optimal XDC constraints or non-optimal design architecture
Related violations: <none>

TIMING-16#49 Warning
Large setup violation  
There is a large setup violation of -5.288 ns between signal_generator_i/axi_gpio_1/U0/gpio_core_1/Dual.gpio_Data_Out_reg[24]/C (clocked by clk_fpga_0) and signal_generator_i/laser/inst/laser_signal_generat_0/inst/return_counter_r_reg[7]/CE (clocked by clk_fpga_2). Large setup violations at the end of those stages might be difficult to fix during the post-placement implementation flow and could be the result of non-optimal XDC constraints or non-optimal design architecture
Related violations: <none>

TIMING-16#50 Warning
Large setup violation  
There is a large setup violation of -5.288 ns between signal_generator_i/axi_gpio_1/U0/gpio_core_1/Dual.gpio_Data_Out_reg[24]/C (clocked by clk_fpga_0) and signal_generator_i/laser/inst/laser_signal_generat_0/inst/return_counter_r_reg[8]/CE (clocked by clk_fpga_2). Large setup violations at the end of those stages might be difficult to fix during the post-placement implementation flow and could be the result of non-optimal XDC constraints or non-optimal design architecture
Related violations: <none>

TIMING-16#51 Warning
Large setup violation  
There is a large setup violation of -5.288 ns between signal_generator_i/axi_gpio_1/U0/gpio_core_1/Dual.gpio_Data_Out_reg[24]/C (clocked by clk_fpga_0) and signal_generator_i/laser/inst/laser_signal_generat_0/inst/return_counter_r_reg[9]/CE (clocked by clk_fpga_2). Large setup violations at the end of those stages might be difficult to fix during the post-placement implementation flow and could be the result of non-optimal XDC constraints or non-optimal design architecture
Related violations: <none>

TIMING-16#52 Warning
Large setup violation  
There is a large setup violation of -5.298 ns between signal_generator_i/axi_gpio_1/U0/gpio_core_1/Dual.gpio_Data_Out_reg[24]/C (clocked by clk_fpga_0) and signal_generator_i/laser/inst/laser_signal_generat_0/inst/shift_counter_r_reg[0]/D (clocked by clk_fpga_2). Large setup violations at the end of those stages might be difficult to fix during the post-placement implementation flow and could be the result of non-optimal XDC constraints or non-optimal design architecture
Related violations: <none>

TIMING-16#53 Warning
Large setup violation  
There is a large setup violation of -5.308 ns between signal_generator_i/axi_gpio_1/U0/gpio_core_1/Dual.gpio_Data_Out_reg[24]/C (clocked by clk_fpga_0) and signal_generator_i/laser/inst/laser_signal_generat_0/inst/DelayChain_inst/DELAY_CHAIN[5].IDELAYE2_inst_i/CNTVALUEIN[1] (clocked by clk_fpga_2). Large setup violations at the end of those stages might be difficult to fix during the post-placement implementation flow and could be the result of non-optimal XDC constraints or non-optimal design architecture
Related violations: <none>

TIMING-16#54 Warning
Large setup violation  
There is a large setup violation of -5.308 ns between signal_generator_i/axi_gpio_1/U0/gpio_core_1/Dual.gpio_Data_Out_reg[24]/C (clocked by clk_fpga_0) and signal_generator_i/laser/inst/laser_signal_generat_0/inst/return_counter_r_reg[14]/CE (clocked by clk_fpga_2). Large setup violations at the end of those stages might be difficult to fix during the post-placement implementation flow and could be the result of non-optimal XDC constraints or non-optimal design architecture
Related violations: <none>

TIMING-16#55 Warning
Large setup violation  
There is a large setup violation of -5.308 ns between signal_generator_i/axi_gpio_1/U0/gpio_core_1/Dual.gpio_Data_Out_reg[24]/C (clocked by clk_fpga_0) and signal_generator_i/laser/inst/laser_signal_generat_0/inst/return_counter_r_reg[15]/CE (clocked by clk_fpga_2). Large setup violations at the end of those stages might be difficult to fix during the post-placement implementation flow and could be the result of non-optimal XDC constraints or non-optimal design architecture
Related violations: <none>

TIMING-16#56 Warning
Large setup violation  
There is a large setup violation of -5.308 ns between signal_generator_i/axi_gpio_1/U0/gpio_core_1/Dual.gpio_Data_Out_reg[24]/C (clocked by clk_fpga_0) and signal_generator_i/laser/inst/laser_signal_generat_0/inst/return_counter_r_reg[16]/CE (clocked by clk_fpga_2). Large setup violations at the end of those stages might be difficult to fix during the post-placement implementation flow and could be the result of non-optimal XDC constraints or non-optimal design architecture
Related violations: <none>

TIMING-16#57 Warning
Large setup violation  
There is a large setup violation of -5.308 ns between signal_generator_i/axi_gpio_1/U0/gpio_core_1/Dual.gpio_Data_Out_reg[24]/C (clocked by clk_fpga_0) and signal_generator_i/laser/inst/laser_signal_generat_0/inst/return_counter_r_reg[17]/CE (clocked by clk_fpga_2). Large setup violations at the end of those stages might be difficult to fix during the post-placement implementation flow and could be the result of non-optimal XDC constraints or non-optimal design architecture
Related violations: <none>

TIMING-16#58 Warning
Large setup violation  
There is a large setup violation of -5.308 ns between signal_generator_i/axi_gpio_1/U0/gpio_core_1/Dual.gpio_Data_Out_reg[24]/C (clocked by clk_fpga_0) and signal_generator_i/laser/inst/laser_signal_generat_0/inst/return_counter_r_reg[18]/CE (clocked by clk_fpga_2). Large setup violations at the end of those stages might be difficult to fix during the post-placement implementation flow and could be the result of non-optimal XDC constraints or non-optimal design architecture
Related violations: <none>

TIMING-16#59 Warning
Large setup violation  
There is a large setup violation of -5.308 ns between signal_generator_i/axi_gpio_1/U0/gpio_core_1/Dual.gpio_Data_Out_reg[24]/C (clocked by clk_fpga_0) and signal_generator_i/laser/inst/laser_signal_generat_0/inst/return_counter_r_reg[21]/CE (clocked by clk_fpga_2). Large setup violations at the end of those stages might be difficult to fix during the post-placement implementation flow and could be the result of non-optimal XDC constraints or non-optimal design architecture
Related violations: <none>

TIMING-16#60 Warning
Large setup violation  
There is a large setup violation of -5.308 ns between signal_generator_i/axi_gpio_1/U0/gpio_core_1/Dual.gpio_Data_Out_reg[24]/C (clocked by clk_fpga_0) and signal_generator_i/laser/inst/laser_signal_generat_0/inst/return_counter_r_reg[27]/CE (clocked by clk_fpga_2). Large setup violations at the end of those stages might be difficult to fix during the post-placement implementation flow and could be the result of non-optimal XDC constraints or non-optimal design architecture
Related violations: <none>

TIMING-16#61 Warning
Large setup violation  
There is a large setup violation of -5.308 ns between signal_generator_i/axi_gpio_1/U0/gpio_core_1/Dual.gpio_Data_Out_reg[24]/C (clocked by clk_fpga_0) and signal_generator_i/laser/inst/laser_signal_generat_0/inst/return_counter_r_reg[28]/CE (clocked by clk_fpga_2). Large setup violations at the end of those stages might be difficult to fix during the post-placement implementation flow and could be the result of non-optimal XDC constraints or non-optimal design architecture
Related violations: <none>

TIMING-16#62 Warning
Large setup violation  
There is a large setup violation of -5.319 ns between signal_generator_i/axi_gpio_1/U0/gpio_core_1/Dual.gpio_Data_Out_reg[24]/C (clocked by clk_fpga_0) and signal_generator_i/laser/inst/laser_signal_generat_0/inst/return_counter_r_reg[22]/CE (clocked by clk_fpga_2). Large setup violations at the end of those stages might be difficult to fix during the post-placement implementation flow and could be the result of non-optimal XDC constraints or non-optimal design architecture
Related violations: <none>

TIMING-16#63 Warning
Large setup violation  
There is a large setup violation of -5.319 ns between signal_generator_i/axi_gpio_1/U0/gpio_core_1/Dual.gpio_Data_Out_reg[24]/C (clocked by clk_fpga_0) and signal_generator_i/laser/inst/laser_signal_generat_0/inst/return_counter_r_reg[25]/CE (clocked by clk_fpga_2). Large setup violations at the end of those stages might be difficult to fix during the post-placement implementation flow and could be the result of non-optimal XDC constraints or non-optimal design architecture
Related violations: <none>

TIMING-16#64 Warning
Large setup violation  
There is a large setup violation of -5.319 ns between signal_generator_i/axi_gpio_1/U0/gpio_core_1/Dual.gpio_Data_Out_reg[24]/C (clocked by clk_fpga_0) and signal_generator_i/laser/inst/laser_signal_generat_0/inst/return_counter_r_reg[26]/CE (clocked by clk_fpga_2). Large setup violations at the end of those stages might be difficult to fix during the post-placement implementation flow and could be the result of non-optimal XDC constraints or non-optimal design architecture
Related violations: <none>

TIMING-16#65 Warning
Large setup violation  
There is a large setup violation of -5.319 ns between signal_generator_i/axi_gpio_1/U0/gpio_core_1/Dual.gpio_Data_Out_reg[24]/C (clocked by clk_fpga_0) and signal_generator_i/laser/inst/laser_signal_generat_0/inst/return_counter_r_reg[29]/CE (clocked by clk_fpga_2). Large setup violations at the end of those stages might be difficult to fix during the post-placement implementation flow and could be the result of non-optimal XDC constraints or non-optimal design architecture
Related violations: <none>

TIMING-16#66 Warning
Large setup violation  
There is a large setup violation of -5.319 ns between signal_generator_i/axi_gpio_1/U0/gpio_core_1/Dual.gpio_Data_Out_reg[24]/C (clocked by clk_fpga_0) and signal_generator_i/laser/inst/laser_signal_generat_0/inst/return_counter_r_reg[30]/CE (clocked by clk_fpga_2). Large setup violations at the end of those stages might be difficult to fix during the post-placement implementation flow and could be the result of non-optimal XDC constraints or non-optimal design architecture
Related violations: <none>

TIMING-16#67 Warning
Large setup violation  
There is a large setup violation of -5.319 ns between signal_generator_i/axi_gpio_1/U0/gpio_core_1/Dual.gpio_Data_Out_reg[24]/C (clocked by clk_fpga_0) and signal_generator_i/laser/inst/laser_signal_generat_0/inst/return_counter_r_reg[31]/CE (clocked by clk_fpga_2). Large setup violations at the end of those stages might be difficult to fix during the post-placement implementation flow and could be the result of non-optimal XDC constraints or non-optimal design architecture
Related violations: <none>

TIMING-16#68 Warning
Large setup violation  
There is a large setup violation of -5.324 ns between signal_generator_i/axi_gpio_1/U0/gpio_core_1/Dual.gpio_Data_Out_reg[24]/C (clocked by clk_fpga_0) and signal_generator_i/laser/inst/laser_signal_generat_0/inst/DelayChain_inst/DELAY_CHAIN[1].IDELAYE2_inst_i/CNTVALUEIN[1] (clocked by clk_fpga_2). Large setup violations at the end of those stages might be difficult to fix during the post-placement implementation flow and could be the result of non-optimal XDC constraints or non-optimal design architecture
Related violations: <none>

TIMING-16#69 Warning
Large setup violation  
There is a large setup violation of -5.329 ns between signal_generator_i/axi_gpio_1/U0/gpio_core_1/Dual.gpio_Data_Out_reg[24]/C (clocked by clk_fpga_0) and signal_generator_i/laser/inst/laser_signal_generat_0/inst/DelayChain_inst/DELAY_CHAIN[2].IDELAYE2_inst_i/CNTVALUEIN[1] (clocked by clk_fpga_2). Large setup violations at the end of those stages might be difficult to fix during the post-placement implementation flow and could be the result of non-optimal XDC constraints or non-optimal design architecture
Related violations: <none>

TIMING-16#70 Warning
Large setup violation  
There is a large setup violation of -5.331 ns between signal_generator_i/axi_gpio_1/U0/gpio_core_1/Dual.gpio_Data_Out_reg[24]/C (clocked by clk_fpga_0) and signal_generator_i/laser/inst/laser_signal_generat_0/inst/m_araddr_r_reg[14]/CE (clocked by clk_fpga_2). Large setup violations at the end of those stages might be difficult to fix during the post-placement implementation flow and could be the result of non-optimal XDC constraints or non-optimal design architecture
Related violations: <none>

TIMING-16#71 Warning
Large setup violation  
There is a large setup violation of -5.331 ns between signal_generator_i/axi_gpio_1/U0/gpio_core_1/Dual.gpio_Data_Out_reg[24]/C (clocked by clk_fpga_0) and signal_generator_i/laser/inst/laser_signal_generat_0/inst/m_araddr_r_reg[15]/CE (clocked by clk_fpga_2). Large setup violations at the end of those stages might be difficult to fix during the post-placement implementation flow and could be the result of non-optimal XDC constraints or non-optimal design architecture
Related violations: <none>

TIMING-16#72 Warning
Large setup violation  
There is a large setup violation of -5.331 ns between signal_generator_i/axi_gpio_1/U0/gpio_core_1/Dual.gpio_Data_Out_reg[24]/C (clocked by clk_fpga_0) and signal_generator_i/laser/inst/laser_signal_generat_0/inst/m_araddr_r_reg[16]/CE (clocked by clk_fpga_2). Large setup violations at the end of those stages might be difficult to fix during the post-placement implementation flow and could be the result of non-optimal XDC constraints or non-optimal design architecture
Related violations: <none>

TIMING-16#73 Warning
Large setup violation  
There is a large setup violation of -5.331 ns between signal_generator_i/axi_gpio_1/U0/gpio_core_1/Dual.gpio_Data_Out_reg[24]/C (clocked by clk_fpga_0) and signal_generator_i/laser/inst/laser_signal_generat_0/inst/m_araddr_r_reg[17]/CE (clocked by clk_fpga_2). Large setup violations at the end of those stages might be difficult to fix during the post-placement implementation flow and could be the result of non-optimal XDC constraints or non-optimal design architecture
Related violations: <none>

TIMING-16#74 Warning
Large setup violation  
There is a large setup violation of -5.334 ns between signal_generator_i/axi_gpio_1/U0/gpio_core_1/Dual.gpio_Data_Out_reg[24]/C (clocked by clk_fpga_0) and signal_generator_i/laser/inst/laser_signal_generat_0/inst/DelayChain_inst/DELAY_CHAIN[3].IDELAYE2_inst_i/CNTVALUEIN[1] (clocked by clk_fpga_2). Large setup violations at the end of those stages might be difficult to fix during the post-placement implementation flow and could be the result of non-optimal XDC constraints or non-optimal design architecture
Related violations: <none>

TIMING-16#75 Warning
Large setup violation  
There is a large setup violation of -5.335 ns between signal_generator_i/axi_gpio_1/U0/gpio_core_1/Dual.gpio_Data_Out_reg[24]/C (clocked by clk_fpga_0) and signal_generator_i/laser/inst/laser_signal_generat_0/inst/m_araddr_r_reg[10]/CE (clocked by clk_fpga_2). Large setup violations at the end of those stages might be difficult to fix during the post-placement implementation flow and could be the result of non-optimal XDC constraints or non-optimal design architecture
Related violations: <none>

TIMING-16#76 Warning
Large setup violation  
There is a large setup violation of -5.335 ns between signal_generator_i/axi_gpio_1/U0/gpio_core_1/Dual.gpio_Data_Out_reg[24]/C (clocked by clk_fpga_0) and signal_generator_i/laser/inst/laser_signal_generat_0/inst/m_araddr_r_reg[11]/CE (clocked by clk_fpga_2). Large setup violations at the end of those stages might be difficult to fix during the post-placement implementation flow and could be the result of non-optimal XDC constraints or non-optimal design architecture
Related violations: <none>

TIMING-16#77 Warning
Large setup violation  
There is a large setup violation of -5.335 ns between signal_generator_i/axi_gpio_1/U0/gpio_core_1/Dual.gpio_Data_Out_reg[24]/C (clocked by clk_fpga_0) and signal_generator_i/laser/inst/laser_signal_generat_0/inst/m_araddr_r_reg[12]/CE (clocked by clk_fpga_2). Large setup violations at the end of those stages might be difficult to fix during the post-placement implementation flow and could be the result of non-optimal XDC constraints or non-optimal design architecture
Related violations: <none>

TIMING-16#78 Warning
Large setup violation  
There is a large setup violation of -5.335 ns between signal_generator_i/axi_gpio_1/U0/gpio_core_1/Dual.gpio_Data_Out_reg[24]/C (clocked by clk_fpga_0) and signal_generator_i/laser/inst/laser_signal_generat_0/inst/m_araddr_r_reg[13]/CE (clocked by clk_fpga_2). Large setup violations at the end of those stages might be difficult to fix during the post-placement implementation flow and could be the result of non-optimal XDC constraints or non-optimal design architecture
Related violations: <none>

TIMING-16#79 Warning
Large setup violation  
There is a large setup violation of -5.335 ns between signal_generator_i/axi_gpio_1/U0/gpio_core_1/Dual.gpio_Data_Out_reg[24]/C (clocked by clk_fpga_0) and signal_generator_i/laser/inst/laser_signal_generat_0/inst/m_araddr_r_reg[6]/CE (clocked by clk_fpga_2). Large setup violations at the end of those stages might be difficult to fix during the post-placement implementation flow and could be the result of non-optimal XDC constraints or non-optimal design architecture
Related violations: <none>

TIMING-16#80 Warning
Large setup violation  
There is a large setup violation of -5.335 ns between signal_generator_i/axi_gpio_1/U0/gpio_core_1/Dual.gpio_Data_Out_reg[24]/C (clocked by clk_fpga_0) and signal_generator_i/laser/inst/laser_signal_generat_0/inst/m_araddr_r_reg[7]/CE (clocked by clk_fpga_2). Large setup violations at the end of those stages might be difficult to fix during the post-placement implementation flow and could be the result of non-optimal XDC constraints or non-optimal design architecture
Related violations: <none>

TIMING-16#81 Warning
Large setup violation  
There is a large setup violation of -5.335 ns between signal_generator_i/axi_gpio_1/U0/gpio_core_1/Dual.gpio_Data_Out_reg[24]/C (clocked by clk_fpga_0) and signal_generator_i/laser/inst/laser_signal_generat_0/inst/m_araddr_r_reg[8]/CE (clocked by clk_fpga_2). Large setup violations at the end of those stages might be difficult to fix during the post-placement implementation flow and could be the result of non-optimal XDC constraints or non-optimal design architecture
Related violations: <none>

TIMING-16#82 Warning
Large setup violation  
There is a large setup violation of -5.335 ns between signal_generator_i/axi_gpio_1/U0/gpio_core_1/Dual.gpio_Data_Out_reg[24]/C (clocked by clk_fpga_0) and signal_generator_i/laser/inst/laser_signal_generat_0/inst/m_araddr_r_reg[9]/CE (clocked by clk_fpga_2). Large setup violations at the end of those stages might be difficult to fix during the post-placement implementation flow and could be the result of non-optimal XDC constraints or non-optimal design architecture
Related violations: <none>

TIMING-16#83 Warning
Large setup violation  
There is a large setup violation of -5.342 ns between signal_generator_i/axi_gpio_1/U0/gpio_core_1/Dual.gpio_Data_Out_reg[24]/C (clocked by clk_fpga_0) and signal_generator_i/laser/inst/laser_signal_generat_0/inst/pixel_counter_r_reg[10]/CE (clocked by clk_fpga_2). Large setup violations at the end of those stages might be difficult to fix during the post-placement implementation flow and could be the result of non-optimal XDC constraints or non-optimal design architecture
Related violations: <none>

TIMING-16#84 Warning
Large setup violation  
There is a large setup violation of -5.342 ns between signal_generator_i/axi_gpio_1/U0/gpio_core_1/Dual.gpio_Data_Out_reg[24]/C (clocked by clk_fpga_0) and signal_generator_i/laser/inst/laser_signal_generat_0/inst/pixel_counter_r_reg[13]/CE (clocked by clk_fpga_2). Large setup violations at the end of those stages might be difficult to fix during the post-placement implementation flow and could be the result of non-optimal XDC constraints or non-optimal design architecture
Related violations: <none>

TIMING-16#85 Warning
Large setup violation  
There is a large setup violation of -5.342 ns between signal_generator_i/axi_gpio_1/U0/gpio_core_1/Dual.gpio_Data_Out_reg[24]/C (clocked by clk_fpga_0) and signal_generator_i/laser/inst/laser_signal_generat_0/inst/pixel_counter_r_reg[15]/CE (clocked by clk_fpga_2). Large setup violations at the end of those stages might be difficult to fix during the post-placement implementation flow and could be the result of non-optimal XDC constraints or non-optimal design architecture
Related violations: <none>

TIMING-16#86 Warning
Large setup violation  
There is a large setup violation of -5.342 ns between signal_generator_i/axi_gpio_1/U0/gpio_core_1/Dual.gpio_Data_Out_reg[24]/C (clocked by clk_fpga_0) and signal_generator_i/laser/inst/laser_signal_generat_0/inst/pixel_counter_r_reg[16]/CE (clocked by clk_fpga_2). Large setup violations at the end of those stages might be difficult to fix during the post-placement implementation flow and could be the result of non-optimal XDC constraints or non-optimal design architecture
Related violations: <none>

TIMING-16#87 Warning
Large setup violation  
There is a large setup violation of -5.342 ns between signal_generator_i/axi_gpio_1/U0/gpio_core_1/Dual.gpio_Data_Out_reg[24]/C (clocked by clk_fpga_0) and signal_generator_i/laser/inst/laser_signal_generat_0/inst/pixel_counter_r_reg[6]/CE (clocked by clk_fpga_2). Large setup violations at the end of those stages might be difficult to fix during the post-placement implementation flow and could be the result of non-optimal XDC constraints or non-optimal design architecture
Related violations: <none>

TIMING-16#88 Warning
Large setup violation  
There is a large setup violation of -5.342 ns between signal_generator_i/axi_gpio_1/U0/gpio_core_1/Dual.gpio_Data_Out_reg[24]/C (clocked by clk_fpga_0) and signal_generator_i/laser/inst/laser_signal_generat_0/inst/pixel_counter_r_reg[7]/CE (clocked by clk_fpga_2). Large setup violations at the end of those stages might be difficult to fix during the post-placement implementation flow and could be the result of non-optimal XDC constraints or non-optimal design architecture
Related violations: <none>

TIMING-16#89 Warning
Large setup violation  
There is a large setup violation of -5.355 ns between signal_generator_i/axi_gpio_1/U0/gpio_core_1/Dual.gpio_Data_Out_reg[24]/C (clocked by clk_fpga_0) and signal_generator_i/laser/inst/laser_signal_generat_0/inst/DelayChain_inst/DELAY_CHAIN[6].IDELAYE2_inst_i/CNTVALUEIN[2] (clocked by clk_fpga_2). Large setup violations at the end of those stages might be difficult to fix during the post-placement implementation flow and could be the result of non-optimal XDC constraints or non-optimal design architecture
Related violations: <none>

TIMING-16#90 Warning
Large setup violation  
There is a large setup violation of -5.388 ns between signal_generator_i/axi_gpio_1/U0/gpio_core_1/Dual.gpio_Data_Out_reg[24]/C (clocked by clk_fpga_0) and signal_generator_i/laser/inst/laser_signal_generat_0/inst/pixel_counter_r_reg[11]/CE (clocked by clk_fpga_2). Large setup violations at the end of those stages might be difficult to fix during the post-placement implementation flow and could be the result of non-optimal XDC constraints or non-optimal design architecture
Related violations: <none>

TIMING-16#91 Warning
Large setup violation  
There is a large setup violation of -5.388 ns between signal_generator_i/axi_gpio_1/U0/gpio_core_1/Dual.gpio_Data_Out_reg[24]/C (clocked by clk_fpga_0) and signal_generator_i/laser/inst/laser_signal_generat_0/inst/pixel_counter_r_reg[12]/CE (clocked by clk_fpga_2). Large setup violations at the end of those stages might be difficult to fix during the post-placement implementation flow and could be the result of non-optimal XDC constraints or non-optimal design architecture
Related violations: <none>

TIMING-16#92 Warning
Large setup violation  
There is a large setup violation of -5.388 ns between signal_generator_i/axi_gpio_1/U0/gpio_core_1/Dual.gpio_Data_Out_reg[24]/C (clocked by clk_fpga_0) and signal_generator_i/laser/inst/laser_signal_generat_0/inst/pixel_counter_r_reg[14]/CE (clocked by clk_fpga_2). Large setup violations at the end of those stages might be difficult to fix during the post-placement implementation flow and could be the result of non-optimal XDC constraints or non-optimal design architecture
Related violations: <none>

TIMING-16#93 Warning
Large setup violation  
There is a large setup violation of -5.388 ns between signal_generator_i/axi_gpio_1/U0/gpio_core_1/Dual.gpio_Data_Out_reg[24]/C (clocked by clk_fpga_0) and signal_generator_i/laser/inst/laser_signal_generat_0/inst/pixel_counter_r_reg[17]/CE (clocked by clk_fpga_2). Large setup violations at the end of those stages might be difficult to fix during the post-placement implementation flow and could be the result of non-optimal XDC constraints or non-optimal design architecture
Related violations: <none>

TIMING-16#94 Warning
Large setup violation  
There is a large setup violation of -5.388 ns between signal_generator_i/axi_gpio_1/U0/gpio_core_1/Dual.gpio_Data_Out_reg[24]/C (clocked by clk_fpga_0) and signal_generator_i/laser/inst/laser_signal_generat_0/inst/pixel_counter_r_reg[23]/CE (clocked by clk_fpga_2). Large setup violations at the end of those stages might be difficult to fix during the post-placement implementation flow and could be the result of non-optimal XDC constraints or non-optimal design architecture
Related violations: <none>

TIMING-16#95 Warning
Large setup violation  
There is a large setup violation of -5.388 ns between signal_generator_i/axi_gpio_1/U0/gpio_core_1/Dual.gpio_Data_Out_reg[24]/C (clocked by clk_fpga_0) and signal_generator_i/laser/inst/laser_signal_generat_0/inst/pixel_counter_r_reg[24]/CE (clocked by clk_fpga_2). Large setup violations at the end of those stages might be difficult to fix during the post-placement implementation flow and could be the result of non-optimal XDC constraints or non-optimal design architecture
Related violations: <none>

TIMING-16#96 Warning
Large setup violation  
There is a large setup violation of -5.395 ns between signal_generator_i/axi_gpio_1/U0/gpio_core_1/Dual.gpio_Data_Out_reg[24]/C (clocked by clk_fpga_0) and signal_generator_i/laser/inst/ila_laser/inst/ila_core_inst/u_trig/U_TM/N_DDR_MODE.G_NMU[5].U_M/allx_typeA_match_detection.ltlib_v1_0_2_allx_typeA_inst/probeDelay1_reg[0]/D (clocked by clk_fpga_2). Large setup violations at the end of those stages might be difficult to fix during the post-placement implementation flow and could be the result of non-optimal XDC constraints or non-optimal design architecture
Related violations: <none>

TIMING-16#97 Warning
Large setup violation  
There is a large setup violation of -5.400 ns between signal_generator_i/axi_gpio_1/U0/gpio_core_1/Dual.gpio_Data_Out_reg[24]/C (clocked by clk_fpga_0) and signal_generator_i/laser/inst/laser_signal_generat_0/inst/shift_counter_r_reg[1]/D (clocked by clk_fpga_2). Large setup violations at the end of those stages might be difficult to fix during the post-placement implementation flow and could be the result of non-optimal XDC constraints or non-optimal design architecture
Related violations: <none>

TIMING-16#98 Warning
Large setup violation  
There is a large setup violation of -5.421 ns between signal_generator_i/axi_gpio_1/U0/gpio_core_1/Dual.gpio_Data_Out_reg[24]/C (clocked by clk_fpga_0) and signal_generator_i/laser/inst/ila_laser/inst/ila_core_inst/u_trig/U_TM/N_DDR_MODE.G_NMU[4].U_M/allx_typeA_match_detection.ltlib_v1_0_2_allx_typeA_inst/probeDelay1_reg[0]/D (clocked by clk_fpga_2). Large setup violations at the end of those stages might be difficult to fix during the post-placement implementation flow and could be the result of non-optimal XDC constraints or non-optimal design architecture
Related violations: <none>

TIMING-16#99 Warning
Large setup violation  
There is a large setup violation of -5.445 ns between signal_generator_i/axi_gpio_1/U0/gpio_core_1/Dual.gpio_Data_Out_reg[24]/C (clocked by clk_fpga_0) and signal_generator_i/laser/inst/laser_signal_generat_0/inst/line_counter_r_reg[26]/CE (clocked by clk_fpga_2). Large setup violations at the end of those stages might be difficult to fix during the post-placement implementation flow and could be the result of non-optimal XDC constraints or non-optimal design architecture
Related violations: <none>

TIMING-16#100 Warning
Large setup violation  
There is a large setup violation of -5.445 ns between signal_generator_i/axi_gpio_1/U0/gpio_core_1/Dual.gpio_Data_Out_reg[24]/C (clocked by clk_fpga_0) and signal_generator_i/laser/inst/laser_signal_generat_0/inst/line_counter_r_reg[29]/CE (clocked by clk_fpga_2). Large setup violations at the end of those stages might be difficult to fix during the post-placement implementation flow and could be the result of non-optimal XDC constraints or non-optimal design architecture
Related violations: <none>

TIMING-16#101 Warning
Large setup violation  
There is a large setup violation of -5.447 ns between signal_generator_i/axi_gpio_1/U0/gpio_core_1/Dual.gpio_Data_Out_reg[24]/C (clocked by clk_fpga_0) and signal_generator_i/laser/inst/laser_signal_generat_0/inst/FSM_sequential_state_r_reg[1]/D (clocked by clk_fpga_2). Large setup violations at the end of those stages might be difficult to fix during the post-placement implementation flow and could be the result of non-optimal XDC constraints or non-optimal design architecture
Related violations: <none>

TIMING-16#102 Warning
Large setup violation  
There is a large setup violation of -5.448 ns between signal_generator_i/axi_gpio_1/U0/gpio_core_1/Dual.gpio_Data_Out_reg[24]/C (clocked by clk_fpga_0) and signal_generator_i/laser/inst/laser_signal_generat_0/inst/DelayChain_inst/DELAY_CHAIN[6].IDELAYE2_inst_i/CNTVALUEIN[1] (clocked by clk_fpga_2). Large setup violations at the end of those stages might be difficult to fix during the post-placement implementation flow and could be the result of non-optimal XDC constraints or non-optimal design architecture
Related violations: <none>

TIMING-16#103 Warning
Large setup violation  
There is a large setup violation of -5.449 ns between signal_generator_i/axi_gpio_1/U0/gpio_core_1/Dual.gpio_Data_Out_reg[24]/C (clocked by clk_fpga_0) and signal_generator_i/laser/inst/laser_signal_generat_0/inst/DelayChain_inst/DELAY_CHAIN[7].IDELAYE2_inst_i/CNTVALUEIN[1] (clocked by clk_fpga_2). Large setup violations at the end of those stages might be difficult to fix during the post-placement implementation flow and could be the result of non-optimal XDC constraints or non-optimal design architecture
Related violations: <none>

TIMING-16#104 Warning
Large setup violation  
There is a large setup violation of -5.449 ns between signal_generator_i/axi_gpio_1/U0/gpio_core_1/Dual.gpio_Data_Out_reg[24]/C (clocked by clk_fpga_0) and signal_generator_i/laser/inst/laser_signal_generat_0/inst/DelayChain_inst/DELAY_CHAIN[8].IDELAYE2_inst_i/CNTVALUEIN[1] (clocked by clk_fpga_2). Large setup violations at the end of those stages might be difficult to fix during the post-placement implementation flow and could be the result of non-optimal XDC constraints or non-optimal design architecture
Related violations: <none>

TIMING-16#105 Warning
Large setup violation  
There is a large setup violation of -5.469 ns between signal_generator_i/axi_gpio_1/U0/gpio_core_1/Dual.gpio_Data_Out_reg[24]/C (clocked by clk_fpga_0) and signal_generator_i/laser/inst/laser_signal_generat_0/inst/DelayChain_inst/DELAY_CHAIN[0].IDELAYE2_inst_i/CNTVALUEIN[1] (clocked by clk_fpga_2). Large setup violations at the end of those stages might be difficult to fix during the post-placement implementation flow and could be the result of non-optimal XDC constraints or non-optimal design architecture
Related violations: <none>

TIMING-16#106 Warning
Large setup violation  
There is a large setup violation of -5.469 ns between signal_generator_i/axi_gpio_1/U0/gpio_core_1/Dual.gpio_Data_Out_reg[24]/C (clocked by clk_fpga_0) and signal_generator_i/laser/inst/laser_signal_generat_0/inst/line_counter_r_reg[1]/CE (clocked by clk_fpga_2). Large setup violations at the end of those stages might be difficult to fix during the post-placement implementation flow and could be the result of non-optimal XDC constraints or non-optimal design architecture
Related violations: <none>

TIMING-16#107 Warning
Large setup violation  
There is a large setup violation of -5.469 ns between signal_generator_i/axi_gpio_1/U0/gpio_core_1/Dual.gpio_Data_Out_reg[24]/C (clocked by clk_fpga_0) and signal_generator_i/laser/inst/laser_signal_generat_0/inst/line_counter_r_reg[27]/CE (clocked by clk_fpga_2). Large setup violations at the end of those stages might be difficult to fix during the post-placement implementation flow and could be the result of non-optimal XDC constraints or non-optimal design architecture
Related violations: <none>

TIMING-16#108 Warning
Large setup violation  
There is a large setup violation of -5.469 ns between signal_generator_i/axi_gpio_1/U0/gpio_core_1/Dual.gpio_Data_Out_reg[24]/C (clocked by clk_fpga_0) and signal_generator_i/laser/inst/laser_signal_generat_0/inst/line_counter_r_reg[28]/CE (clocked by clk_fpga_2). Large setup violations at the end of those stages might be difficult to fix during the post-placement implementation flow and could be the result of non-optimal XDC constraints or non-optimal design architecture
Related violations: <none>

TIMING-16#109 Warning
Large setup violation  
There is a large setup violation of -5.469 ns between signal_generator_i/axi_gpio_1/U0/gpio_core_1/Dual.gpio_Data_Out_reg[24]/C (clocked by clk_fpga_0) and signal_generator_i/laser/inst/laser_signal_generat_0/inst/line_counter_r_reg[2]/CE (clocked by clk_fpga_2). Large setup violations at the end of those stages might be difficult to fix during the post-placement implementation flow and could be the result of non-optimal XDC constraints or non-optimal design architecture
Related violations: <none>

TIMING-16#110 Warning
Large setup violation  
There is a large setup violation of -5.470 ns between signal_generator_i/axi_gpio_1/U0/gpio_core_1/Dual.gpio_Data_Out_reg[24]/C (clocked by clk_fpga_0) and signal_generator_i/laser/inst/laser_signal_generat_0/inst/FSM_sequential_state_r_reg[0]/D (clocked by clk_fpga_2). Large setup violations at the end of those stages might be difficult to fix during the post-placement implementation flow and could be the result of non-optimal XDC constraints or non-optimal design architecture
Related violations: <none>

TIMING-16#111 Warning
Large setup violation  
There is a large setup violation of -5.474 ns between signal_generator_i/axi_gpio_1/U0/gpio_core_1/Dual.gpio_Data_Out_reg[24]/C (clocked by clk_fpga_0) and signal_generator_i/laser/inst/laser_signal_generat_0/inst/DelayChain_inst/DELAY_CHAIN[4].IDELAYE2_inst_i/CNTVALUEIN[1] (clocked by clk_fpga_2). Large setup violations at the end of those stages might be difficult to fix during the post-placement implementation flow and could be the result of non-optimal XDC constraints or non-optimal design architecture
Related violations: <none>

TIMING-16#112 Warning
Large setup violation  
There is a large setup violation of -5.475 ns between signal_generator_i/axi_gpio_1/U0/gpio_core_1/Dual.gpio_Data_Out_reg[24]/C (clocked by clk_fpga_0) and signal_generator_i/laser/inst/laser_signal_generat_0/inst/line_clk_r_reg/D (clocked by clk_fpga_2). Large setup violations at the end of those stages might be difficult to fix during the post-placement implementation flow and could be the result of non-optimal XDC constraints or non-optimal design architecture
Related violations: <none>

TIMING-16#113 Warning
Large setup violation  
There is a large setup violation of -5.483 ns between signal_generator_i/axi_gpio_1/U0/gpio_core_1/Dual.gpio_Data_Out_reg[24]/C (clocked by clk_fpga_0) and signal_generator_i/laser/inst/laser_signal_generat_0/inst/DelayChain_inst/DELAY_CHAIN[3].IDELAYE2_inst_i/CNTVALUEIN[2] (clocked by clk_fpga_2). Large setup violations at the end of those stages might be difficult to fix during the post-placement implementation flow and could be the result of non-optimal XDC constraints or non-optimal design architecture
Related violations: <none>

TIMING-16#114 Warning
Large setup violation  
There is a large setup violation of -5.483 ns between signal_generator_i/axi_gpio_1/U0/gpio_core_1/Dual.gpio_Data_Out_reg[24]/C (clocked by clk_fpga_0) and signal_generator_i/laser/inst/laser_signal_generat_0/inst/pixel_counter_r_reg[0]/CE (clocked by clk_fpga_2). Large setup violations at the end of those stages might be difficult to fix during the post-placement implementation flow and could be the result of non-optimal XDC constraints or non-optimal design architecture
Related violations: <none>

TIMING-16#115 Warning
Large setup violation  
There is a large setup violation of -5.483 ns between signal_generator_i/axi_gpio_1/U0/gpio_core_1/Dual.gpio_Data_Out_reg[24]/C (clocked by clk_fpga_0) and signal_generator_i/laser/inst/laser_signal_generat_0/inst/pixel_counter_r_reg[1]/CE (clocked by clk_fpga_2). Large setup violations at the end of those stages might be difficult to fix during the post-placement implementation flow and could be the result of non-optimal XDC constraints or non-optimal design architecture
Related violations: <none>

TIMING-16#116 Warning
Large setup violation  
There is a large setup violation of -5.483 ns between signal_generator_i/axi_gpio_1/U0/gpio_core_1/Dual.gpio_Data_Out_reg[24]/C (clocked by clk_fpga_0) and signal_generator_i/laser/inst/laser_signal_generat_0/inst/pixel_counter_r_reg[22]/CE (clocked by clk_fpga_2). Large setup violations at the end of those stages might be difficult to fix during the post-placement implementation flow and could be the result of non-optimal XDC constraints or non-optimal design architecture
Related violations: <none>

TIMING-16#117 Warning
Large setup violation  
There is a large setup violation of -5.483 ns between signal_generator_i/axi_gpio_1/U0/gpio_core_1/Dual.gpio_Data_Out_reg[24]/C (clocked by clk_fpga_0) and signal_generator_i/laser/inst/laser_signal_generat_0/inst/pixel_counter_r_reg[25]/CE (clocked by clk_fpga_2). Large setup violations at the end of those stages might be difficult to fix during the post-placement implementation flow and could be the result of non-optimal XDC constraints or non-optimal design architecture
Related violations: <none>

TIMING-16#118 Warning
Large setup violation  
There is a large setup violation of -5.483 ns between signal_generator_i/axi_gpio_1/U0/gpio_core_1/Dual.gpio_Data_Out_reg[24]/C (clocked by clk_fpga_0) and signal_generator_i/laser/inst/laser_signal_generat_0/inst/pixel_counter_r_reg[4]/CE (clocked by clk_fpga_2). Large setup violations at the end of those stages might be difficult to fix during the post-placement implementation flow and could be the result of non-optimal XDC constraints or non-optimal design architecture
Related violations: <none>

TIMING-16#119 Warning
Large setup violation  
There is a large setup violation of -5.483 ns between signal_generator_i/axi_gpio_1/U0/gpio_core_1/Dual.gpio_Data_Out_reg[24]/C (clocked by clk_fpga_0) and signal_generator_i/laser/inst/laser_signal_generat_0/inst/pixel_counter_r_reg[5]/CE (clocked by clk_fpga_2). Large setup violations at the end of those stages might be difficult to fix during the post-placement implementation flow and could be the result of non-optimal XDC constraints or non-optimal design architecture
Related violations: <none>

TIMING-16#120 Warning
Large setup violation  
There is a large setup violation of -5.483 ns between signal_generator_i/axi_gpio_1/U0/gpio_core_1/Dual.gpio_Data_Out_reg[24]/C (clocked by clk_fpga_0) and signal_generator_i/laser/inst/laser_signal_generat_0/inst/pixel_counter_r_reg[8]/CE (clocked by clk_fpga_2). Large setup violations at the end of those stages might be difficult to fix during the post-placement implementation flow and could be the result of non-optimal XDC constraints or non-optimal design architecture
Related violations: <none>

TIMING-16#121 Warning
Large setup violation  
There is a large setup violation of -5.483 ns between signal_generator_i/axi_gpio_1/U0/gpio_core_1/Dual.gpio_Data_Out_reg[24]/C (clocked by clk_fpga_0) and signal_generator_i/laser/inst/laser_signal_generat_0/inst/pixel_counter_r_reg[9]/CE (clocked by clk_fpga_2). Large setup violations at the end of those stages might be difficult to fix during the post-placement implementation flow and could be the result of non-optimal XDC constraints or non-optimal design architecture
Related violations: <none>

TIMING-16#122 Warning
Large setup violation  
There is a large setup violation of -5.485 ns between signal_generator_i/axi_gpio_1/U0/gpio_core_1/Dual.gpio_Data_Out_reg[24]/C (clocked by clk_fpga_0) and signal_generator_i/laser/inst/laser_signal_generat_0/inst/DelayChain_inst/DELAY_CHAIN[1].IDELAYE2_inst_i/CNTVALUEIN[2] (clocked by clk_fpga_2). Large setup violations at the end of those stages might be difficult to fix during the post-placement implementation flow and could be the result of non-optimal XDC constraints or non-optimal design architecture
Related violations: <none>

TIMING-16#123 Warning
Large setup violation  
There is a large setup violation of -5.485 ns between signal_generator_i/axi_gpio_1/U0/gpio_core_1/Dual.gpio_Data_Out_reg[24]/C (clocked by clk_fpga_0) and signal_generator_i/laser/inst/laser_signal_generat_0/inst/m_rready_r_reg/D (clocked by clk_fpga_2). Large setup violations at the end of those stages might be difficult to fix during the post-placement implementation flow and could be the result of non-optimal XDC constraints or non-optimal design architecture
Related violations: <none>

TIMING-16#124 Warning
Large setup violation  
There is a large setup violation of -5.489 ns between signal_generator_i/axi_gpio_1/U0/gpio_core_1/Dual.gpio_Data_Out_reg[24]/C (clocked by clk_fpga_0) and signal_generator_i/laser/inst/laser_signal_generat_0/inst/DelayChain_inst/DELAY_CHAIN[5].IDELAYE2_inst_i/CNTVALUEIN[0] (clocked by clk_fpga_2). Large setup violations at the end of those stages might be difficult to fix during the post-placement implementation flow and could be the result of non-optimal XDC constraints or non-optimal design architecture
Related violations: <none>

TIMING-16#125 Warning
Large setup violation  
There is a large setup violation of -5.495 ns between signal_generator_i/axi_gpio_1/U0/gpio_core_1/Dual.gpio_Data_Out_reg[24]/C (clocked by clk_fpga_0) and signal_generator_i/laser/inst/laser_signal_generat_0/inst/DelayChain_inst/DELAY_CHAIN[5].IDELAYE2_inst_i/CNTVALUEIN[2] (clocked by clk_fpga_2). Large setup violations at the end of those stages might be difficult to fix during the post-placement implementation flow and could be the result of non-optimal XDC constraints or non-optimal design architecture
Related violations: <none>

TIMING-16#126 Warning
Large setup violation  
There is a large setup violation of -5.495 ns between signal_generator_i/axi_gpio_1/U0/gpio_core_1/Dual.gpio_Data_Out_reg[24]/C (clocked by clk_fpga_0) and signal_generator_i/laser/inst/laser_signal_generat_0/inst/m_araddr_r_reg[2]/CE (clocked by clk_fpga_2). Large setup violations at the end of those stages might be difficult to fix during the post-placement implementation flow and could be the result of non-optimal XDC constraints or non-optimal design architecture
Related violations: <none>

TIMING-16#127 Warning
Large setup violation  
There is a large setup violation of -5.495 ns between signal_generator_i/axi_gpio_1/U0/gpio_core_1/Dual.gpio_Data_Out_reg[24]/C (clocked by clk_fpga_0) and signal_generator_i/laser/inst/laser_signal_generat_0/inst/m_araddr_r_reg[3]/CE (clocked by clk_fpga_2). Large setup violations at the end of those stages might be difficult to fix during the post-placement implementation flow and could be the result of non-optimal XDC constraints or non-optimal design architecture
Related violations: <none>

TIMING-16#128 Warning
Large setup violation  
There is a large setup violation of -5.495 ns between signal_generator_i/axi_gpio_1/U0/gpio_core_1/Dual.gpio_Data_Out_reg[24]/C (clocked by clk_fpga_0) and signal_generator_i/laser/inst/laser_signal_generat_0/inst/m_araddr_r_reg[4]/CE (clocked by clk_fpga_2). Large setup violations at the end of those stages might be difficult to fix during the post-placement implementation flow and could be the result of non-optimal XDC constraints or non-optimal design architecture
Related violations: <none>

TIMING-16#129 Warning
Large setup violation  
There is a large setup violation of -5.495 ns between signal_generator_i/axi_gpio_1/U0/gpio_core_1/Dual.gpio_Data_Out_reg[24]/C (clocked by clk_fpga_0) and signal_generator_i/laser/inst/laser_signal_generat_0/inst/m_araddr_r_reg[5]/CE (clocked by clk_fpga_2). Large setup violations at the end of those stages might be difficult to fix during the post-placement implementation flow and could be the result of non-optimal XDC constraints or non-optimal design architecture
Related violations: <none>

TIMING-16#130 Warning
Large setup violation  
There is a large setup violation of -5.498 ns between signal_generator_i/axi_gpio_1/U0/gpio_core_1/Dual.gpio_Data_Out_reg[24]/C (clocked by clk_fpga_0) and signal_generator_i/laser/inst/laser_signal_generat_0/inst/DelayChain_inst/DELAY_CHAIN[4].IDELAYE2_inst_i/CNTVALUEIN[2] (clocked by clk_fpga_2). Large setup violations at the end of those stages might be difficult to fix during the post-placement implementation flow and could be the result of non-optimal XDC constraints or non-optimal design architecture
Related violations: <none>

TIMING-16#131 Warning
Large setup violation  
There is a large setup violation of -5.501 ns between signal_generator_i/axi_gpio_1/U0/gpio_core_1/Dual.gpio_Data_Out_reg[24]/C (clocked by clk_fpga_0) and signal_generator_i/laser/inst/laser_signal_generat_0/inst/pixel_clk_r_reg/D (clocked by clk_fpga_2). Large setup violations at the end of those stages might be difficult to fix during the post-placement implementation flow and could be the result of non-optimal XDC constraints or non-optimal design architecture
Related violations: <none>

TIMING-16#132 Warning
Large setup violation  
There is a large setup violation of -5.505 ns between signal_generator_i/axi_gpio_1/U0/gpio_core_1/Dual.gpio_Data_Out_reg[24]/C (clocked by clk_fpga_0) and signal_generator_i/laser/inst/laser_signal_generat_0/inst/DelayChain_inst/DELAY_CHAIN[8].IDELAYE2_inst_i/CNTVALUEIN[0] (clocked by clk_fpga_2). Large setup violations at the end of those stages might be difficult to fix during the post-placement implementation flow and could be the result of non-optimal XDC constraints or non-optimal design architecture
Related violations: <none>

TIMING-16#133 Warning
Large setup violation  
There is a large setup violation of -5.505 ns between signal_generator_i/axi_gpio_1/U0/gpio_core_1/Dual.gpio_Data_Out_reg[24]/C (clocked by clk_fpga_0) and signal_generator_i/laser/inst/laser_signal_generat_0/inst/pixel_counter_r_reg[18]/CE (clocked by clk_fpga_2). Large setup violations at the end of those stages might be difficult to fix during the post-placement implementation flow and could be the result of non-optimal XDC constraints or non-optimal design architecture
Related violations: <none>

TIMING-16#134 Warning
Large setup violation  
There is a large setup violation of -5.505 ns between signal_generator_i/axi_gpio_1/U0/gpio_core_1/Dual.gpio_Data_Out_reg[24]/C (clocked by clk_fpga_0) and signal_generator_i/laser/inst/laser_signal_generat_0/inst/pixel_counter_r_reg[21]/CE (clocked by clk_fpga_2). Large setup violations at the end of those stages might be difficult to fix during the post-placement implementation flow and could be the result of non-optimal XDC constraints or non-optimal design architecture
Related violations: <none>

TIMING-16#135 Warning
Large setup violation  
There is a large setup violation of -5.505 ns between signal_generator_i/axi_gpio_1/U0/gpio_core_1/Dual.gpio_Data_Out_reg[24]/C (clocked by clk_fpga_0) and signal_generator_i/laser/inst/laser_signal_generat_0/inst/pixel_counter_r_reg[27]/CE (clocked by clk_fpga_2). Large setup violations at the end of those stages might be difficult to fix during the post-placement implementation flow and could be the result of non-optimal XDC constraints or non-optimal design architecture
Related violations: <none>

TIMING-16#136 Warning
Large setup violation  
There is a large setup violation of -5.505 ns between signal_generator_i/axi_gpio_1/U0/gpio_core_1/Dual.gpio_Data_Out_reg[24]/C (clocked by clk_fpga_0) and signal_generator_i/laser/inst/laser_signal_generat_0/inst/pixel_counter_r_reg[28]/CE (clocked by clk_fpga_2). Large setup violations at the end of those stages might be difficult to fix during the post-placement implementation flow and could be the result of non-optimal XDC constraints or non-optimal design architecture
Related violations: <none>

TIMING-16#137 Warning
Large setup violation  
There is a large setup violation of -5.505 ns between signal_generator_i/axi_gpio_1/U0/gpio_core_1/Dual.gpio_Data_Out_reg[24]/C (clocked by clk_fpga_0) and signal_generator_i/laser/inst/laser_signal_generat_0/inst/pixel_counter_r_reg[2]/CE (clocked by clk_fpga_2). Large setup violations at the end of those stages might be difficult to fix during the post-placement implementation flow and could be the result of non-optimal XDC constraints or non-optimal design architecture
Related violations: <none>

TIMING-16#138 Warning
Large setup violation  
There is a large setup violation of -5.505 ns between signal_generator_i/axi_gpio_1/U0/gpio_core_1/Dual.gpio_Data_Out_reg[24]/C (clocked by clk_fpga_0) and signal_generator_i/laser/inst/laser_signal_generat_0/inst/pixel_counter_r_reg[30]/CE (clocked by clk_fpga_2). Large setup violations at the end of those stages might be difficult to fix during the post-placement implementation flow and could be the result of non-optimal XDC constraints or non-optimal design architecture
Related violations: <none>

TIMING-16#139 Warning
Large setup violation  
There is a large setup violation of -5.505 ns between signal_generator_i/axi_gpio_1/U0/gpio_core_1/Dual.gpio_Data_Out_reg[24]/C (clocked by clk_fpga_0) and signal_generator_i/laser/inst/laser_signal_generat_0/inst/pixel_counter_r_reg[31]/CE (clocked by clk_fpga_2). Large setup violations at the end of those stages might be difficult to fix during the post-placement implementation flow and could be the result of non-optimal XDC constraints or non-optimal design architecture
Related violations: <none>

TIMING-16#140 Warning
Large setup violation  
There is a large setup violation of -5.505 ns between signal_generator_i/axi_gpio_1/U0/gpio_core_1/Dual.gpio_Data_Out_reg[24]/C (clocked by clk_fpga_0) and signal_generator_i/laser/inst/laser_signal_generat_0/inst/pixel_counter_r_reg[3]/CE (clocked by clk_fpga_2). Large setup violations at the end of those stages might be difficult to fix during the post-placement implementation flow and could be the result of non-optimal XDC constraints or non-optimal design architecture
Related violations: <none>

TIMING-16#141 Warning
Large setup violation  
There is a large setup violation of -5.511 ns between signal_generator_i/axi_gpio_1/U0/gpio_core_1/Dual.gpio_Data_Out_reg[24]/C (clocked by clk_fpga_0) and signal_generator_i/laser/inst/laser_signal_generat_0/inst/line_counter_r_reg[22]/CE (clocked by clk_fpga_2). Large setup violations at the end of those stages might be difficult to fix during the post-placement implementation flow and could be the result of non-optimal XDC constraints or non-optimal design architecture
Related violations: <none>

TIMING-16#142 Warning
Large setup violation  
There is a large setup violation of -5.511 ns between signal_generator_i/axi_gpio_1/U0/gpio_core_1/Dual.gpio_Data_Out_reg[24]/C (clocked by clk_fpga_0) and signal_generator_i/laser/inst/laser_signal_generat_0/inst/line_counter_r_reg[25]/CE (clocked by clk_fpga_2). Large setup violations at the end of those stages might be difficult to fix during the post-placement implementation flow and could be the result of non-optimal XDC constraints or non-optimal design architecture
Related violations: <none>

TIMING-16#143 Warning
Large setup violation  
There is a large setup violation of -5.523 ns between signal_generator_i/axi_gpio_1/U0/gpio_core_1/Dual.gpio_Data_Out_reg[24]/C (clocked by clk_fpga_0) and signal_generator_i/laser/inst/laser_signal_generat_0/inst/DelayChain_inst/DELAY_CHAIN[1].IDELAYE2_inst_i/CNTVALUEIN[0] (clocked by clk_fpga_2). Large setup violations at the end of those stages might be difficult to fix during the post-placement implementation flow and could be the result of non-optimal XDC constraints or non-optimal design architecture
Related violations: <none>

TIMING-16#144 Warning
Large setup violation  
There is a large setup violation of -5.528 ns between signal_generator_i/axi_gpio_1/U0/gpio_core_1/Dual.gpio_Data_Out_reg[24]/C (clocked by clk_fpga_0) and signal_generator_i/laser/inst/laser_signal_generat_0/inst/DelayChain_inst/DELAY_CHAIN[9].IDELAYE2_inst_i/CNTVALUEIN[1] (clocked by clk_fpga_2). Large setup violations at the end of those stages might be difficult to fix during the post-placement implementation flow and could be the result of non-optimal XDC constraints or non-optimal design architecture
Related violations: <none>

TIMING-16#145 Warning
Large setup violation  
There is a large setup violation of -5.532 ns between signal_generator_i/axi_gpio_1/U0/gpio_core_1/Dual.gpio_Data_Out_reg[24]/C (clocked by clk_fpga_0) and signal_generator_i/laser/inst/laser_signal_generat_0/inst/DelayChain_inst/DELAY_CHAIN[0].IDELAYE2_inst_i/CNTVALUEIN[2] (clocked by clk_fpga_2). Large setup violations at the end of those stages might be difficult to fix during the post-placement implementation flow and could be the result of non-optimal XDC constraints or non-optimal design architecture
Related violations: <none>

TIMING-16#146 Warning
Large setup violation  
There is a large setup violation of -5.534 ns between signal_generator_i/axi_gpio_1/U0/gpio_core_1/Dual.gpio_Data_Out_reg[24]/C (clocked by clk_fpga_0) and signal_generator_i/laser/inst/laser_signal_generat_0/inst/DelayChain_inst/DELAY_CHAIN[2].IDELAYE2_inst_i/CNTVALUEIN[2] (clocked by clk_fpga_2). Large setup violations at the end of those stages might be difficult to fix during the post-placement implementation flow and could be the result of non-optimal XDC constraints or non-optimal design architecture
Related violations: <none>

TIMING-16#147 Warning
Large setup violation  
There is a large setup violation of -5.535 ns between signal_generator_i/axi_gpio_1/U0/gpio_core_1/Dual.gpio_Data_Out_reg[24]/C (clocked by clk_fpga_0) and signal_generator_i/laser/inst/laser_signal_generat_0/inst/DelayChain_inst/DELAY_CHAIN[1].IDELAYE2_inst_i/CNTVALUEIN[4] (clocked by clk_fpga_2). Large setup violations at the end of those stages might be difficult to fix during the post-placement implementation flow and could be the result of non-optimal XDC constraints or non-optimal design architecture
Related violations: <none>

TIMING-16#148 Warning
Large setup violation  
There is a large setup violation of -5.535 ns between signal_generator_i/axi_gpio_1/U0/gpio_core_1/Dual.gpio_Data_Out_reg[24]/C (clocked by clk_fpga_0) and signal_generator_i/laser/inst/laser_signal_generat_0/inst/return_counter_r_reg[11]/CE (clocked by clk_fpga_2). Large setup violations at the end of those stages might be difficult to fix during the post-placement implementation flow and could be the result of non-optimal XDC constraints or non-optimal design architecture
Related violations: <none>

TIMING-16#149 Warning
Large setup violation  
There is a large setup violation of -5.535 ns between signal_generator_i/axi_gpio_1/U0/gpio_core_1/Dual.gpio_Data_Out_reg[24]/C (clocked by clk_fpga_0) and signal_generator_i/laser/inst/laser_signal_generat_0/inst/return_counter_r_reg[12]/CE (clocked by clk_fpga_2). Large setup violations at the end of those stages might be difficult to fix during the post-placement implementation flow and could be the result of non-optimal XDC constraints or non-optimal design architecture
Related violations: <none>

TIMING-16#150 Warning
Large setup violation  
There is a large setup violation of -5.541 ns between signal_generator_i/axi_gpio_1/U0/gpio_core_1/Dual.gpio_Data_Out_reg[24]/C (clocked by clk_fpga_0) and signal_generator_i/laser/inst/laser_signal_generat_0/inst/pixel_counter_r_reg[19]/CE (clocked by clk_fpga_2). Large setup violations at the end of those stages might be difficult to fix during the post-placement implementation flow and could be the result of non-optimal XDC constraints or non-optimal design architecture
Related violations: <none>

TIMING-16#151 Warning
Large setup violation  
There is a large setup violation of -5.541 ns between signal_generator_i/axi_gpio_1/U0/gpio_core_1/Dual.gpio_Data_Out_reg[24]/C (clocked by clk_fpga_0) and signal_generator_i/laser/inst/laser_signal_generat_0/inst/pixel_counter_r_reg[20]/CE (clocked by clk_fpga_2). Large setup violations at the end of those stages might be difficult to fix during the post-placement implementation flow and could be the result of non-optimal XDC constraints or non-optimal design architecture
Related violations: <none>

TIMING-16#152 Warning
Large setup violation  
There is a large setup violation of -5.541 ns between signal_generator_i/axi_gpio_1/U0/gpio_core_1/Dual.gpio_Data_Out_reg[24]/C (clocked by clk_fpga_0) and signal_generator_i/laser/inst/laser_signal_generat_0/inst/pixel_counter_r_reg[26]/CE (clocked by clk_fpga_2). Large setup violations at the end of those stages might be difficult to fix during the post-placement implementation flow and could be the result of non-optimal XDC constraints or non-optimal design architecture
Related violations: <none>

TIMING-16#153 Warning
Large setup violation  
There is a large setup violation of -5.541 ns between signal_generator_i/axi_gpio_1/U0/gpio_core_1/Dual.gpio_Data_Out_reg[24]/C (clocked by clk_fpga_0) and signal_generator_i/laser/inst/laser_signal_generat_0/inst/pixel_counter_r_reg[29]/CE (clocked by clk_fpga_2). Large setup violations at the end of those stages might be difficult to fix during the post-placement implementation flow and could be the result of non-optimal XDC constraints or non-optimal design architecture
Related violations: <none>

TIMING-16#154 Warning
Large setup violation  
There is a large setup violation of -5.543 ns between signal_generator_i/axi_gpio_1/U0/gpio_core_1/Dual.gpio_Data_Out_reg[24]/C (clocked by clk_fpga_0) and signal_generator_i/laser/inst/laser_signal_generat_0/inst/LD_r_reg/D (clocked by clk_fpga_2). Large setup violations at the end of those stages might be difficult to fix during the post-placement implementation flow and could be the result of non-optimal XDC constraints or non-optimal design architecture
Related violations: <none>

TIMING-16#155 Warning
Large setup violation  
There is a large setup violation of -5.548 ns between signal_generator_i/axi_gpio_1/U0/gpio_core_1/Dual.gpio_Data_Out_reg[24]/C (clocked by clk_fpga_0) and signal_generator_i/laser/inst/laser_signal_generat_0/inst/DelayChain_inst/DELAY_CHAIN[7].IDELAYE2_inst_i/CNTVALUEIN[0] (clocked by clk_fpga_2). Large setup violations at the end of those stages might be difficult to fix during the post-placement implementation flow and could be the result of non-optimal XDC constraints or non-optimal design architecture
Related violations: <none>

TIMING-16#156 Warning
Large setup violation  
There is a large setup violation of -5.550 ns between signal_generator_i/axi_gpio_1/U0/gpio_core_1/Dual.gpio_Data_Out_reg[24]/C (clocked by clk_fpga_0) and signal_generator_i/laser/inst/laser_signal_generat_0/inst/DelayChain_inst/DELAY_CHAIN[8].IDELAYE2_inst_i/CNTVALUEIN[4] (clocked by clk_fpga_2). Large setup violations at the end of those stages might be difficult to fix during the post-placement implementation flow and could be the result of non-optimal XDC constraints or non-optimal design architecture
Related violations: <none>

TIMING-16#157 Warning
Large setup violation  
There is a large setup violation of -5.552 ns between signal_generator_i/axi_gpio_1/U0/gpio_core_1/Dual.gpio_Data_Out_reg[24]/C (clocked by clk_fpga_0) and signal_generator_i/laser/inst/laser_signal_generat_0/inst/DelayChain_inst/DELAY_CHAIN[3].IDELAYE2_inst_i/CNTVALUEIN[4] (clocked by clk_fpga_2). Large setup violations at the end of those stages might be difficult to fix during the post-placement implementation flow and could be the result of non-optimal XDC constraints or non-optimal design architecture
Related violations: <none>

TIMING-16#158 Warning
Large setup violation  
There is a large setup violation of -5.552 ns between signal_generator_i/axi_gpio_1/U0/gpio_core_1/Dual.gpio_Data_Out_reg[24]/C (clocked by clk_fpga_0) and signal_generator_i/laser/inst/laser_signal_generat_0/inst/DelayChain_inst/DELAY_CHAIN[9].IDELAYE2_inst_i/CNTVALUEIN[4] (clocked by clk_fpga_2). Large setup violations at the end of those stages might be difficult to fix during the post-placement implementation flow and could be the result of non-optimal XDC constraints or non-optimal design architecture
Related violations: <none>

TIMING-16#159 Warning
Large setup violation  
There is a large setup violation of -5.563 ns between signal_generator_i/axi_gpio_1/U0/gpio_core_1/Dual.gpio_Data_Out_reg[24]/C (clocked by clk_fpga_0) and signal_generator_i/laser/inst/laser_signal_generat_0/inst/DelayChain_inst/DELAY_CHAIN[2].IDELAYE2_inst_i/CNTVALUEIN[0] (clocked by clk_fpga_2). Large setup violations at the end of those stages might be difficult to fix during the post-placement implementation flow and could be the result of non-optimal XDC constraints or non-optimal design architecture
Related violations: <none>

TIMING-16#160 Warning
Large setup violation  
There is a large setup violation of -5.568 ns between signal_generator_i/axi_gpio_1/U0/gpio_core_1/Dual.gpio_Data_Out_reg[24]/C (clocked by clk_fpga_0) and signal_generator_i/laser/inst/laser_signal_generat_0/inst/DelayChain_inst/DELAY_CHAIN[0].IDELAYE2_inst_i/CNTVALUEIN[0] (clocked by clk_fpga_2). Large setup violations at the end of those stages might be difficult to fix during the post-placement implementation flow and could be the result of non-optimal XDC constraints or non-optimal design architecture
Related violations: <none>

TIMING-16#161 Warning
Large setup violation  
There is a large setup violation of -5.570 ns between signal_generator_i/axi_gpio_1/U0/gpio_core_1/Dual.gpio_Data_Out_reg[24]/C (clocked by clk_fpga_0) and signal_generator_i/laser/inst/laser_signal_generat_0/inst/DelayChain_inst/DELAY_CHAIN[0].IDELAYE2_inst_i/CNTVALUEIN[4] (clocked by clk_fpga_2). Large setup violations at the end of those stages might be difficult to fix during the post-placement implementation flow and could be the result of non-optimal XDC constraints or non-optimal design architecture
Related violations: <none>

TIMING-16#162 Warning
Large setup violation  
There is a large setup violation of -5.571 ns between signal_generator_i/axi_gpio_1/U0/gpio_core_1/Dual.gpio_Data_Out_reg[24]/C (clocked by clk_fpga_0) and signal_generator_i/laser/inst/laser_signal_generat_0/inst/DelayChain_inst/DELAY_CHAIN[7].IDELAYE2_inst_i/CNTVALUEIN[4] (clocked by clk_fpga_2). Large setup violations at the end of those stages might be difficult to fix during the post-placement implementation flow and could be the result of non-optimal XDC constraints or non-optimal design architecture
Related violations: <none>

TIMING-16#163 Warning
Large setup violation  
There is a large setup violation of -5.572 ns between signal_generator_i/axi_gpio_1/U0/gpio_core_1/Dual.gpio_Data_Out_reg[24]/C (clocked by clk_fpga_0) and signal_generator_i/laser/inst/laser_signal_generat_0/inst/return_counter_r_reg[19]/CE (clocked by clk_fpga_2). Large setup violations at the end of those stages might be difficult to fix during the post-placement implementation flow and could be the result of non-optimal XDC constraints or non-optimal design architecture
Related violations: <none>

TIMING-16#164 Warning
Large setup violation  
There is a large setup violation of -5.572 ns between signal_generator_i/axi_gpio_1/U0/gpio_core_1/Dual.gpio_Data_Out_reg[24]/C (clocked by clk_fpga_0) and signal_generator_i/laser/inst/laser_signal_generat_0/inst/return_counter_r_reg[20]/CE (clocked by clk_fpga_2). Large setup violations at the end of those stages might be difficult to fix during the post-placement implementation flow and could be the result of non-optimal XDC constraints or non-optimal design architecture
Related violations: <none>

TIMING-16#165 Warning
Large setup violation  
There is a large setup violation of -5.572 ns between signal_generator_i/axi_gpio_1/U0/gpio_core_1/Dual.gpio_Data_Out_reg[24]/C (clocked by clk_fpga_0) and signal_generator_i/laser/inst/laser_signal_generat_0/inst/return_counter_r_reg[23]/CE (clocked by clk_fpga_2). Large setup violations at the end of those stages might be difficult to fix during the post-placement implementation flow and could be the result of non-optimal XDC constraints or non-optimal design architecture
Related violations: <none>

TIMING-16#166 Warning
Large setup violation  
There is a large setup violation of -5.572 ns between signal_generator_i/axi_gpio_1/U0/gpio_core_1/Dual.gpio_Data_Out_reg[24]/C (clocked by clk_fpga_0) and signal_generator_i/laser/inst/laser_signal_generat_0/inst/return_counter_r_reg[24]/CE (clocked by clk_fpga_2). Large setup violations at the end of those stages might be difficult to fix during the post-placement implementation flow and could be the result of non-optimal XDC constraints or non-optimal design architecture
Related violations: <none>

TIMING-16#167 Warning
Large setup violation  
There is a large setup violation of -5.582 ns between signal_generator_i/axi_gpio_1/U0/gpio_core_1/Dual.gpio_Data_Out_reg[24]/C (clocked by clk_fpga_0) and signal_generator_i/laser/inst/laser_signal_generat_0/inst/line_counter_r_reg[10]/CE (clocked by clk_fpga_2). Large setup violations at the end of those stages might be difficult to fix during the post-placement implementation flow and could be the result of non-optimal XDC constraints or non-optimal design architecture
Related violations: <none>

TIMING-16#168 Warning
Large setup violation  
There is a large setup violation of -5.582 ns between signal_generator_i/axi_gpio_1/U0/gpio_core_1/Dual.gpio_Data_Out_reg[24]/C (clocked by clk_fpga_0) and signal_generator_i/laser/inst/laser_signal_generat_0/inst/line_counter_r_reg[13]/CE (clocked by clk_fpga_2). Large setup violations at the end of those stages might be difficult to fix during the post-placement implementation flow and could be the result of non-optimal XDC constraints or non-optimal design architecture
Related violations: <none>

TIMING-16#169 Warning
Large setup violation  
There is a large setup violation of -5.582 ns between signal_generator_i/axi_gpio_1/U0/gpio_core_1/Dual.gpio_Data_Out_reg[24]/C (clocked by clk_fpga_0) and signal_generator_i/laser/inst/laser_signal_generat_0/inst/line_counter_r_reg[18]/CE (clocked by clk_fpga_2). Large setup violations at the end of those stages might be difficult to fix during the post-placement implementation flow and could be the result of non-optimal XDC constraints or non-optimal design architecture
Related violations: <none>

TIMING-16#170 Warning
Large setup violation  
There is a large setup violation of -5.582 ns between signal_generator_i/axi_gpio_1/U0/gpio_core_1/Dual.gpio_Data_Out_reg[24]/C (clocked by clk_fpga_0) and signal_generator_i/laser/inst/laser_signal_generat_0/inst/line_counter_r_reg[19]/CE (clocked by clk_fpga_2). Large setup violations at the end of those stages might be difficult to fix during the post-placement implementation flow and could be the result of non-optimal XDC constraints or non-optimal design architecture
Related violations: <none>

TIMING-16#171 Warning
Large setup violation  
There is a large setup violation of -5.582 ns between signal_generator_i/axi_gpio_1/U0/gpio_core_1/Dual.gpio_Data_Out_reg[24]/C (clocked by clk_fpga_0) and signal_generator_i/laser/inst/laser_signal_generat_0/inst/line_counter_r_reg[20]/CE (clocked by clk_fpga_2). Large setup violations at the end of those stages might be difficult to fix during the post-placement implementation flow and could be the result of non-optimal XDC constraints or non-optimal design architecture
Related violations: <none>

TIMING-16#172 Warning
Large setup violation  
There is a large setup violation of -5.582 ns between signal_generator_i/axi_gpio_1/U0/gpio_core_1/Dual.gpio_Data_Out_reg[24]/C (clocked by clk_fpga_0) and signal_generator_i/laser/inst/laser_signal_generat_0/inst/line_counter_r_reg[21]/CE (clocked by clk_fpga_2). Large setup violations at the end of those stages might be difficult to fix during the post-placement implementation flow and could be the result of non-optimal XDC constraints or non-optimal design architecture
Related violations: <none>

TIMING-16#173 Warning
Large setup violation  
There is a large setup violation of -5.582 ns between signal_generator_i/axi_gpio_1/U0/gpio_core_1/Dual.gpio_Data_Out_reg[24]/C (clocked by clk_fpga_0) and signal_generator_i/laser/inst/laser_signal_generat_0/inst/line_counter_r_reg[3]/CE (clocked by clk_fpga_2). Large setup violations at the end of those stages might be difficult to fix during the post-placement implementation flow and could be the result of non-optimal XDC constraints or non-optimal design architecture
Related violations: <none>

TIMING-16#174 Warning
Large setup violation  
There is a large setup violation of -5.582 ns between signal_generator_i/axi_gpio_1/U0/gpio_core_1/Dual.gpio_Data_Out_reg[24]/C (clocked by clk_fpga_0) and signal_generator_i/laser/inst/laser_signal_generat_0/inst/line_counter_r_reg[4]/CE (clocked by clk_fpga_2). Large setup violations at the end of those stages might be difficult to fix during the post-placement implementation flow and could be the result of non-optimal XDC constraints or non-optimal design architecture
Related violations: <none>

TIMING-16#175 Warning
Large setup violation  
There is a large setup violation of -5.583 ns between signal_generator_i/axi_gpio_1/U0/gpio_core_1/Dual.gpio_Data_Out_reg[24]/C (clocked by clk_fpga_0) and signal_generator_i/laser/inst/laser_signal_generat_0/inst/DelayChain_inst/DELAY_CHAIN[2].IDELAYE2_inst_i/CNTVALUEIN[4] (clocked by clk_fpga_2). Large setup violations at the end of those stages might be difficult to fix during the post-placement implementation flow and could be the result of non-optimal XDC constraints or non-optimal design architecture
Related violations: <none>

TIMING-16#176 Warning
Large setup violation  
There is a large setup violation of -5.584 ns between signal_generator_i/axi_gpio_1/U0/gpio_core_1/Dual.gpio_Data_Out_reg[24]/C (clocked by clk_fpga_0) and signal_generator_i/laser/inst/laser_signal_generat_0/inst/DelayChain_inst/DELAY_CHAIN[4].IDELAYE2_inst_i/CNTVALUEIN[4] (clocked by clk_fpga_2). Large setup violations at the end of those stages might be difficult to fix during the post-placement implementation flow and could be the result of non-optimal XDC constraints or non-optimal design architecture
Related violations: <none>

TIMING-16#177 Warning
Large setup violation  
There is a large setup violation of -5.585 ns between signal_generator_i/axi_gpio_1/U0/gpio_core_1/Dual.gpio_Data_Out_reg[24]/C (clocked by clk_fpga_0) and signal_generator_i/laser/inst/laser_signal_generat_0/inst/DelayChain_inst/DELAY_CHAIN[7].IDELAYE2_inst_i/CNTVALUEIN[3] (clocked by clk_fpga_2). Large setup violations at the end of those stages might be difficult to fix during the post-placement implementation flow and could be the result of non-optimal XDC constraints or non-optimal design architecture
Related violations: <none>

TIMING-16#178 Warning
Large setup violation  
There is a large setup violation of -5.593 ns between signal_generator_i/axi_gpio_1/U0/gpio_core_1/Dual.gpio_Data_Out_reg[24]/C (clocked by clk_fpga_0) and signal_generator_i/laser/inst/laser_signal_generat_0/inst/DelayChain_inst/DELAY_CHAIN[5].IDELAYE2_inst_i/CNTVALUEIN[3] (clocked by clk_fpga_2). Large setup violations at the end of those stages might be difficult to fix during the post-placement implementation flow and could be the result of non-optimal XDC constraints or non-optimal design architecture
Related violations: <none>

TIMING-16#179 Warning
Large setup violation  
There is a large setup violation of -5.595 ns between signal_generator_i/axi_gpio_1/U0/gpio_core_1/Dual.gpio_Data_Out_reg[24]/C (clocked by clk_fpga_0) and signal_generator_i/laser/inst/laser_signal_generat_0/inst/DelayChain_inst/DELAY_CHAIN[3].IDELAYE2_inst_i/CNTVALUEIN[3] (clocked by clk_fpga_2). Large setup violations at the end of those stages might be difficult to fix during the post-placement implementation flow and could be the result of non-optimal XDC constraints or non-optimal design architecture
Related violations: <none>

TIMING-16#180 Warning
Large setup violation  
There is a large setup violation of -5.600 ns between signal_generator_i/axi_gpio_1/U0/gpio_core_1/Dual.gpio_Data_Out_reg[24]/C (clocked by clk_fpga_0) and signal_generator_i/laser/inst/laser_signal_generat_0/inst/return_counter_r_reg[0]/CE (clocked by clk_fpga_2). Large setup violations at the end of those stages might be difficult to fix during the post-placement implementation flow and could be the result of non-optimal XDC constraints or non-optimal design architecture
Related violations: <none>

TIMING-16#181 Warning
Large setup violation  
There is a large setup violation of -5.600 ns between signal_generator_i/axi_gpio_1/U0/gpio_core_1/Dual.gpio_Data_Out_reg[24]/C (clocked by clk_fpga_0) and signal_generator_i/laser/inst/laser_signal_generat_0/inst/return_counter_r_reg[10]/CE (clocked by clk_fpga_2). Large setup violations at the end of those stages might be difficult to fix during the post-placement implementation flow and could be the result of non-optimal XDC constraints or non-optimal design architecture
Related violations: <none>

TIMING-16#182 Warning
Large setup violation  
There is a large setup violation of -5.600 ns between signal_generator_i/axi_gpio_1/U0/gpio_core_1/Dual.gpio_Data_Out_reg[24]/C (clocked by clk_fpga_0) and signal_generator_i/laser/inst/laser_signal_generat_0/inst/return_counter_r_reg[13]/CE (clocked by clk_fpga_2). Large setup violations at the end of those stages might be difficult to fix during the post-placement implementation flow and could be the result of non-optimal XDC constraints or non-optimal design architecture
Related violations: <none>

TIMING-16#183 Warning
Large setup violation  
There is a large setup violation of -5.600 ns between signal_generator_i/axi_gpio_1/U0/gpio_core_1/Dual.gpio_Data_Out_reg[24]/C (clocked by clk_fpga_0) and signal_generator_i/laser/inst/laser_signal_generat_0/inst/return_counter_r_reg[2]/CE (clocked by clk_fpga_2). Large setup violations at the end of those stages might be difficult to fix during the post-placement implementation flow and could be the result of non-optimal XDC constraints or non-optimal design architecture
Related violations: <none>

TIMING-16#184 Warning
Large setup violation  
There is a large setup violation of -5.600 ns between signal_generator_i/axi_gpio_1/U0/gpio_core_1/Dual.gpio_Data_Out_reg[24]/C (clocked by clk_fpga_0) and signal_generator_i/laser/inst/laser_signal_generat_0/inst/return_counter_r_reg[3]/CE (clocked by clk_fpga_2). Large setup violations at the end of those stages might be difficult to fix during the post-placement implementation flow and could be the result of non-optimal XDC constraints or non-optimal design architecture
Related violations: <none>

TIMING-16#185 Warning
Large setup violation  
There is a large setup violation of -5.600 ns between signal_generator_i/axi_gpio_1/U0/gpio_core_1/Dual.gpio_Data_Out_reg[24]/C (clocked by clk_fpga_0) and signal_generator_i/laser/inst/laser_signal_generat_0/inst/return_counter_r_reg[4]/CE (clocked by clk_fpga_2). Large setup violations at the end of those stages might be difficult to fix during the post-placement implementation flow and could be the result of non-optimal XDC constraints or non-optimal design architecture
Related violations: <none>

TIMING-16#186 Warning
Large setup violation  
There is a large setup violation of -5.600 ns between signal_generator_i/axi_gpio_1/U0/gpio_core_1/Dual.gpio_Data_Out_reg[24]/C (clocked by clk_fpga_0) and signal_generator_i/laser/inst/laser_signal_generat_0/inst/return_counter_r_reg[5]/CE (clocked by clk_fpga_2). Large setup violations at the end of those stages might be difficult to fix during the post-placement implementation flow and could be the result of non-optimal XDC constraints or non-optimal design architecture
Related violations: <none>

TIMING-16#187 Warning
Large setup violation  
There is a large setup violation of -5.602 ns between signal_generator_i/axi_gpio_1/U0/gpio_core_1/Dual.gpio_Data_Out_reg[24]/C (clocked by clk_fpga_0) and signal_generator_i/laser/inst/laser_signal_generat_0/inst/DelayChain_inst/DELAY_CHAIN[6].IDELAYE2_inst_i/CNTVALUEIN[4] (clocked by clk_fpga_2). Large setup violations at the end of those stages might be difficult to fix during the post-placement implementation flow and could be the result of non-optimal XDC constraints or non-optimal design architecture
Related violations: <none>

TIMING-16#188 Warning
Large setup violation  
There is a large setup violation of -5.618 ns between signal_generator_i/axi_gpio_1/U0/gpio_core_1/Dual.gpio_Data_Out_reg[24]/C (clocked by clk_fpga_0) and signal_generator_i/laser/inst/ila_laser/inst/ila_core_inst/shifted_data_in_reg[7][9]_srl8/D (clocked by clk_fpga_2). Large setup violations at the end of those stages might be difficult to fix during the post-placement implementation flow and could be the result of non-optimal XDC constraints or non-optimal design architecture
Related violations: <none>

TIMING-16#189 Warning
Large setup violation  
There is a large setup violation of -5.618 ns between signal_generator_i/axi_gpio_1/U0/gpio_core_1/Dual.gpio_Data_Out_reg[24]/C (clocked by clk_fpga_0) and signal_generator_i/laser/inst/laser_signal_generat_0/inst/DelayChain_inst/DELAY_CHAIN[8].IDELAYE2_inst_i/CNTVALUEIN[3] (clocked by clk_fpga_2). Large setup violations at the end of those stages might be difficult to fix during the post-placement implementation flow and could be the result of non-optimal XDC constraints or non-optimal design architecture
Related violations: <none>

TIMING-16#190 Warning
Large setup violation  
There is a large setup violation of -5.618 ns between signal_generator_i/axi_gpio_1/U0/gpio_core_1/Dual.gpio_Data_Out_reg[24]/C (clocked by clk_fpga_0) and signal_generator_i/laser/inst/laser_signal_generat_0/inst/line_counter_r_reg[14]/CE (clocked by clk_fpga_2). Large setup violations at the end of those stages might be difficult to fix during the post-placement implementation flow and could be the result of non-optimal XDC constraints or non-optimal design architecture
Related violations: <none>

TIMING-16#191 Warning
Large setup violation  
There is a large setup violation of -5.618 ns between signal_generator_i/axi_gpio_1/U0/gpio_core_1/Dual.gpio_Data_Out_reg[24]/C (clocked by clk_fpga_0) and signal_generator_i/laser/inst/laser_signal_generat_0/inst/line_counter_r_reg[15]/CE (clocked by clk_fpga_2). Large setup violations at the end of those stages might be difficult to fix during the post-placement implementation flow and could be the result of non-optimal XDC constraints or non-optimal design architecture
Related violations: <none>

TIMING-16#192 Warning
Large setup violation  
There is a large setup violation of -5.618 ns between signal_generator_i/axi_gpio_1/U0/gpio_core_1/Dual.gpio_Data_Out_reg[24]/C (clocked by clk_fpga_0) and signal_generator_i/laser/inst/laser_signal_generat_0/inst/line_counter_r_reg[16]/CE (clocked by clk_fpga_2). Large setup violations at the end of those stages might be difficult to fix during the post-placement implementation flow and could be the result of non-optimal XDC constraints or non-optimal design architecture
Related violations: <none>

TIMING-16#193 Warning
Large setup violation  
There is a large setup violation of -5.618 ns between signal_generator_i/axi_gpio_1/U0/gpio_core_1/Dual.gpio_Data_Out_reg[24]/C (clocked by clk_fpga_0) and signal_generator_i/laser/inst/laser_signal_generat_0/inst/line_counter_r_reg[17]/CE (clocked by clk_fpga_2). Large setup violations at the end of those stages might be difficult to fix during the post-placement implementation flow and could be the result of non-optimal XDC constraints or non-optimal design architecture
Related violations: <none>

TIMING-16#194 Warning
Large setup violation  
There is a large setup violation of -5.618 ns between signal_generator_i/axi_gpio_1/U0/gpio_core_1/Dual.gpio_Data_Out_reg[24]/C (clocked by clk_fpga_0) and signal_generator_i/laser/inst/laser_signal_generat_0/inst/line_counter_r_reg[23]/CE (clocked by clk_fpga_2). Large setup violations at the end of those stages might be difficult to fix during the post-placement implementation flow and could be the result of non-optimal XDC constraints or non-optimal design architecture
Related violations: <none>

TIMING-16#195 Warning
Large setup violation  
There is a large setup violation of -5.618 ns between signal_generator_i/axi_gpio_1/U0/gpio_core_1/Dual.gpio_Data_Out_reg[24]/C (clocked by clk_fpga_0) and signal_generator_i/laser/inst/laser_signal_generat_0/inst/line_counter_r_reg[24]/CE (clocked by clk_fpga_2). Large setup violations at the end of those stages might be difficult to fix during the post-placement implementation flow and could be the result of non-optimal XDC constraints or non-optimal design architecture
Related violations: <none>

TIMING-16#196 Warning
Large setup violation  
There is a large setup violation of -5.618 ns between signal_generator_i/axi_gpio_1/U0/gpio_core_1/Dual.gpio_Data_Out_reg[24]/C (clocked by clk_fpga_0) and signal_generator_i/laser/inst/laser_signal_generat_0/inst/line_counter_r_reg[7]/CE (clocked by clk_fpga_2). Large setup violations at the end of those stages might be difficult to fix during the post-placement implementation flow and could be the result of non-optimal XDC constraints or non-optimal design architecture
Related violations: <none>

TIMING-16#197 Warning
Large setup violation  
There is a large setup violation of -5.618 ns between signal_generator_i/axi_gpio_1/U0/gpio_core_1/Dual.gpio_Data_Out_reg[24]/C (clocked by clk_fpga_0) and signal_generator_i/laser/inst/laser_signal_generat_0/inst/line_counter_r_reg[8]/CE (clocked by clk_fpga_2). Large setup violations at the end of those stages might be difficult to fix during the post-placement implementation flow and could be the result of non-optimal XDC constraints or non-optimal design architecture
Related violations: <none>

TIMING-16#198 Warning
Large setup violation  
There is a large setup violation of -5.631 ns between signal_generator_i/axi_gpio_1/U0/gpio_core_1/Dual.gpio_Data_Out_reg[24]/C (clocked by clk_fpga_0) and signal_generator_i/laser/inst/laser_signal_generat_0/inst/DelayChain_inst/DELAY_CHAIN[4].IDELAYE2_inst_i/CNTVALUEIN[3] (clocked by clk_fpga_2). Large setup violations at the end of those stages might be difficult to fix during the post-placement implementation flow and could be the result of non-optimal XDC constraints or non-optimal design architecture
Related violations: <none>

TIMING-16#199 Warning
Large setup violation  
There is a large setup violation of -5.636 ns between signal_generator_i/axi_gpio_1/U0/gpio_core_1/Dual.gpio_Data_Out_reg[24]/C (clocked by clk_fpga_0) and signal_generator_i/laser/inst/laser_signal_generat_0/inst/DelayChain_inst/DELAY_CHAIN[9].IDELAYE2_inst_i/CNTVALUEIN[3] (clocked by clk_fpga_2). Large setup violations at the end of those stages might be difficult to fix during the post-placement implementation flow and could be the result of non-optimal XDC constraints or non-optimal design architecture
Related violations: <none>

TIMING-16#200 Warning
Large setup violation  
There is a large setup violation of -5.640 ns between signal_generator_i/axi_gpio_1/U0/gpio_core_1/Dual.gpio_Data_Out_reg[24]/C (clocked by clk_fpga_0) and signal_generator_i/laser/inst/laser_signal_generat_0/inst/DelayChain_inst/DELAY_CHAIN[6].IDELAYE2_inst_i/CNTVALUEIN[3] (clocked by clk_fpga_2). Large setup violations at the end of those stages might be difficult to fix during the post-placement implementation flow and could be the result of non-optimal XDC constraints or non-optimal design architecture
Related violations: <none>

TIMING-16#201 Warning
Large setup violation  
There is a large setup violation of -5.643 ns between signal_generator_i/axi_gpio_1/U0/gpio_core_1/Dual.gpio_Data_Out_reg[24]/C (clocked by clk_fpga_0) and signal_generator_i/laser/inst/laser_signal_generat_0/inst/DelayChain_inst/DELAY_CHAIN[7].IDELAYE2_inst_i/CNTVALUEIN[2] (clocked by clk_fpga_2). Large setup violations at the end of those stages might be difficult to fix during the post-placement implementation flow and could be the result of non-optimal XDC constraints or non-optimal design architecture
Related violations: <none>

TIMING-16#202 Warning
Large setup violation  
There is a large setup violation of -5.659 ns between signal_generator_i/axi_gpio_1/U0/gpio_core_1/Dual.gpio_Data_Out_reg[24]/C (clocked by clk_fpga_0) and signal_generator_i/laser/inst/laser_signal_generat_0/inst/DelayChain_inst/DELAY_CHAIN[8].IDELAYE2_inst_i/CNTVALUEIN[2] (clocked by clk_fpga_2). Large setup violations at the end of those stages might be difficult to fix during the post-placement implementation flow and could be the result of non-optimal XDC constraints or non-optimal design architecture
Related violations: <none>

TIMING-16#203 Warning
Large setup violation  
There is a large setup violation of -5.662 ns between signal_generator_i/axi_gpio_1/U0/gpio_core_1/Dual.gpio_Data_Out_reg[24]/C (clocked by clk_fpga_0) and signal_generator_i/laser/inst/laser_signal_generat_0/inst/DelayChain_inst/DELAY_CHAIN[9].IDELAYE2_inst_i/CNTVALUEIN[2] (clocked by clk_fpga_2). Large setup violations at the end of those stages might be difficult to fix during the post-placement implementation flow and could be the result of non-optimal XDC constraints or non-optimal design architecture
Related violations: <none>

TIMING-16#204 Warning
Large setup violation  
There is a large setup violation of -5.670 ns between signal_generator_i/axi_gpio_1/U0/gpio_core_1/Dual.gpio_Data_Out_reg[24]/C (clocked by clk_fpga_0) and signal_generator_i/laser/inst/laser_signal_generat_0/inst/DelayChain_inst/DELAY_CHAIN[2].IDELAYE2_inst_i/CNTVALUEIN[3] (clocked by clk_fpga_2). Large setup violations at the end of those stages might be difficult to fix during the post-placement implementation flow and could be the result of non-optimal XDC constraints or non-optimal design architecture
Related violations: <none>

TIMING-16#205 Warning
Large setup violation  
There is a large setup violation of -5.673 ns between signal_generator_i/axi_gpio_1/U0/gpio_core_1/Dual.gpio_Data_Out_reg[24]/C (clocked by clk_fpga_0) and signal_generator_i/laser/inst/laser_signal_generat_0/inst/DelayChain_inst/DELAY_CHAIN[4].IDELAYE2_inst_i/CNTVALUEIN[0] (clocked by clk_fpga_2). Large setup violations at the end of those stages might be difficult to fix during the post-placement implementation flow and could be the result of non-optimal XDC constraints or non-optimal design architecture
Related violations: <none>

TIMING-16#206 Warning
Large setup violation  
There is a large setup violation of -5.678 ns between signal_generator_i/axi_gpio_1/U0/gpio_core_1/Dual.gpio_Data_Out_reg[24]/C (clocked by clk_fpga_0) and signal_generator_i/laser/inst/laser_signal_generat_0/inst/DelayChain_inst/DELAY_CHAIN[6].IDELAYE2_inst_i/CNTVALUEIN[0] (clocked by clk_fpga_2). Large setup violations at the end of those stages might be difficult to fix during the post-placement implementation flow and could be the result of non-optimal XDC constraints or non-optimal design architecture
Related violations: <none>

TIMING-16#207 Warning
Large setup violation  
There is a large setup violation of -5.679 ns between signal_generator_i/axi_gpio_1/U0/gpio_core_1/Dual.gpio_Data_Out_reg[24]/C (clocked by clk_fpga_0) and signal_generator_i/laser/inst/laser_signal_generat_0/inst/DelayChain_inst/DELAY_CHAIN[9].IDELAYE2_inst_i/CNTVALUEIN[0] (clocked by clk_fpga_2). Large setup violations at the end of those stages might be difficult to fix during the post-placement implementation flow and could be the result of non-optimal XDC constraints or non-optimal design architecture
Related violations: <none>

TIMING-16#208 Warning
Large setup violation  
There is a large setup violation of -5.683 ns between signal_generator_i/axi_gpio_1/U0/gpio_core_1/Dual.gpio_Data_Out_reg[24]/C (clocked by clk_fpga_0) and signal_generator_i/laser/inst/laser_signal_generat_0/inst/DelayChain_inst/DELAY_CHAIN[0].IDELAYE2_inst_i/CNTVALUEIN[3] (clocked by clk_fpga_2). Large setup violations at the end of those stages might be difficult to fix during the post-placement implementation flow and could be the result of non-optimal XDC constraints or non-optimal design architecture
Related violations: <none>

TIMING-16#209 Warning
Large setup violation  
There is a large setup violation of -5.688 ns between signal_generator_i/axi_gpio_1/U0/gpio_core_1/Dual.gpio_Data_Out_reg[24]/C (clocked by clk_fpga_0) and signal_generator_i/laser/inst/laser_signal_generat_0/inst/DelayChain_inst/DELAY_CHAIN[3].IDELAYE2_inst_i/CNTVALUEIN[0] (clocked by clk_fpga_2). Large setup violations at the end of those stages might be difficult to fix during the post-placement implementation flow and could be the result of non-optimal XDC constraints or non-optimal design architecture
Related violations: <none>

TIMING-16#210 Warning
Large setup violation  
There is a large setup violation of -5.691 ns between signal_generator_i/axi_gpio_1/U0/gpio_core_1/Dual.gpio_Data_Out_reg[24]/C (clocked by clk_fpga_0) and signal_generator_i/laser/inst/laser_signal_generat_0/inst/DelayChain_inst/DELAY_CHAIN[1].IDELAYE2_inst_i/CNTVALUEIN[3] (clocked by clk_fpga_2). Large setup violations at the end of those stages might be difficult to fix during the post-placement implementation flow and could be the result of non-optimal XDC constraints or non-optimal design architecture
Related violations: <none>

TIMING-16#211 Warning
Large setup violation  
There is a large setup violation of -5.700 ns between signal_generator_i/axi_gpio_1/U0/gpio_core_1/Dual.gpio_Data_Out_reg[24]/C (clocked by clk_fpga_0) and signal_generator_i/laser/inst/laser_signal_generat_0/inst/DelayChain_inst/DELAY_CHAIN[5].IDELAYE2_inst_i/CNTVALUEIN[4] (clocked by clk_fpga_2). Large setup violations at the end of those stages might be difficult to fix during the post-placement implementation flow and could be the result of non-optimal XDC constraints or non-optimal design architecture
Related violations: <none>

TIMING-16#212 Warning
Large setup violation  
There is a large setup violation of -5.712 ns between signal_generator_i/axi_gpio_1/U0/gpio_core_1/Dual.gpio_Data_Out_reg[24]/C (clocked by clk_fpga_0) and signal_generator_i/laser/inst/laser_signal_generat_0/inst/line_counter_r_reg[5]/CE (clocked by clk_fpga_2). Large setup violations at the end of those stages might be difficult to fix during the post-placement implementation flow and could be the result of non-optimal XDC constraints or non-optimal design architecture
Related violations: <none>

TIMING-16#213 Warning
Large setup violation  
There is a large setup violation of -5.712 ns between signal_generator_i/axi_gpio_1/U0/gpio_core_1/Dual.gpio_Data_Out_reg[24]/C (clocked by clk_fpga_0) and signal_generator_i/laser/inst/laser_signal_generat_0/inst/line_counter_r_reg[6]/CE (clocked by clk_fpga_2). Large setup violations at the end of those stages might be difficult to fix during the post-placement implementation flow and could be the result of non-optimal XDC constraints or non-optimal design architecture
Related violations: <none>

TIMING-16#214 Warning
Large setup violation  
There is a large setup violation of -5.747 ns between signal_generator_i/axi_gpio_1/U0/gpio_core_1/Dual.gpio_Data_Out_reg[24]/C (clocked by clk_fpga_0) and signal_generator_i/laser/inst/laser_signal_generat_0/inst/line_counter_r_reg[0]/CE (clocked by clk_fpga_2). Large setup violations at the end of those stages might be difficult to fix during the post-placement implementation flow and could be the result of non-optimal XDC constraints or non-optimal design architecture
Related violations: <none>

TIMING-16#215 Warning
Large setup violation  
There is a large setup violation of -5.747 ns between signal_generator_i/axi_gpio_1/U0/gpio_core_1/Dual.gpio_Data_Out_reg[24]/C (clocked by clk_fpga_0) and signal_generator_i/laser/inst/laser_signal_generat_0/inst/line_counter_r_reg[11]/CE (clocked by clk_fpga_2). Large setup violations at the end of those stages might be difficult to fix during the post-placement implementation flow and could be the result of non-optimal XDC constraints or non-optimal design architecture
Related violations: <none>

TIMING-16#216 Warning
Large setup violation  
There is a large setup violation of -5.747 ns between signal_generator_i/axi_gpio_1/U0/gpio_core_1/Dual.gpio_Data_Out_reg[24]/C (clocked by clk_fpga_0) and signal_generator_i/laser/inst/laser_signal_generat_0/inst/line_counter_r_reg[12]/CE (clocked by clk_fpga_2). Large setup violations at the end of those stages might be difficult to fix during the post-placement implementation flow and could be the result of non-optimal XDC constraints or non-optimal design architecture
Related violations: <none>

TIMING-16#217 Warning
Large setup violation  
There is a large setup violation of -5.747 ns between signal_generator_i/axi_gpio_1/U0/gpio_core_1/Dual.gpio_Data_Out_reg[24]/C (clocked by clk_fpga_0) and signal_generator_i/laser/inst/laser_signal_generat_0/inst/line_counter_r_reg[30]/CE (clocked by clk_fpga_2). Large setup violations at the end of those stages might be difficult to fix during the post-placement implementation flow and could be the result of non-optimal XDC constraints or non-optimal design architecture
Related violations: <none>

TIMING-16#218 Warning
Large setup violation  
There is a large setup violation of -5.747 ns between signal_generator_i/axi_gpio_1/U0/gpio_core_1/Dual.gpio_Data_Out_reg[24]/C (clocked by clk_fpga_0) and signal_generator_i/laser/inst/laser_signal_generat_0/inst/line_counter_r_reg[31]/CE (clocked by clk_fpga_2). Large setup violations at the end of those stages might be difficult to fix during the post-placement implementation flow and could be the result of non-optimal XDC constraints or non-optimal design architecture
Related violations: <none>

TIMING-16#219 Warning
Large setup violation  
There is a large setup violation of -5.747 ns between signal_generator_i/axi_gpio_1/U0/gpio_core_1/Dual.gpio_Data_Out_reg[24]/C (clocked by clk_fpga_0) and signal_generator_i/laser/inst/laser_signal_generat_0/inst/line_counter_r_reg[9]/CE (clocked by clk_fpga_2). Large setup violations at the end of those stages might be difficult to fix during the post-placement implementation flow and could be the result of non-optimal XDC constraints or non-optimal design architecture
Related violations: <none>

TIMING-18#1 Warning
Missing input or output delay  
An input delay is missing on frame_p relative to the rising and/or falling clock edge(s) of clk_fpga_3, l_clk_in_p.
Related violations: <none>

TIMING-18#2 Warning
Missing input or output delay  
An input delay is missing on sdo_p relative to the rising and/or falling clock edge(s) of clk_fpga_3, l_clk_in_p.
Related violations: <none>

TIMING-18#3 Warning
Missing input or output delay  
An input delay is missing on spi_miso relative to the rising and/or falling clock edge(s) of clk_fpga_0.
Related violations: <none>

TIMING-18#4 Warning
Missing input or output delay  
An output delay is missing on buffer_overflow[0] relative to the rising and/or falling clock edge(s) of l_clk_in_p.
Related violations: <none>

TIMING-18#5 Warning
Missing input or output delay  
An output delay is missing on disable_p[0] relative to the rising and/or falling clock edge(s) of clk_fpga_2.
Related violations: <none>

TIMING-18#6 Warning
Missing input or output delay  
An output delay is missing on refres_p[0] relative to the rising and/or falling clock edge(s) of clk_fpga_0.
Related violations: <none>

TIMING-18#7 Warning
Missing input or output delay  
An output delay is missing on spi_cs_n[0] relative to the rising and/or falling clock edge(s) of clk_fpga_0.
Related violations: <none>

TIMING-18#8 Warning
Missing input or output delay  
An output delay is missing on spi_mosi relative to the rising and/or falling clock edge(s) of clk_fpga_0.
Related violations: <none>

TIMING-18#9 Warning
Missing input or output delay  
An output delay is missing on spi_sclk relative to the rising and/or falling clock edge(s) of clk_fpga_0.
Related violations: <none>

TIMING-20#1 Warning
Non-clocked latch  
The latch signal_generator_i/histo_0/inst/HISTOGRAM_ARBITER_FSM_0/inst/FILL_FSM_DOUT_reg[0] cannot be properly analyzed as its control pin signal_generator_i/histo_0/inst/HISTOGRAM_ARBITER_FSM_0/inst/FILL_FSM_DOUT_reg[0]/G is not reached by a timing clock
Related violations: <none>

TIMING-20#2 Warning
Non-clocked latch  
The latch signal_generator_i/histo_0/inst/HISTOGRAM_ARBITER_FSM_0/inst/FILL_FSM_DOUT_reg[10] cannot be properly analyzed as its control pin signal_generator_i/histo_0/inst/HISTOGRAM_ARBITER_FSM_0/inst/FILL_FSM_DOUT_reg[10]/G is not reached by a timing clock
Related violations: <none>

TIMING-20#3 Warning
Non-clocked latch  
The latch signal_generator_i/histo_0/inst/HISTOGRAM_ARBITER_FSM_0/inst/FILL_FSM_DOUT_reg[11] cannot be properly analyzed as its control pin signal_generator_i/histo_0/inst/HISTOGRAM_ARBITER_FSM_0/inst/FILL_FSM_DOUT_reg[11]/G is not reached by a timing clock
Related violations: <none>

TIMING-20#4 Warning
Non-clocked latch  
The latch signal_generator_i/histo_0/inst/HISTOGRAM_ARBITER_FSM_0/inst/FILL_FSM_DOUT_reg[12] cannot be properly analyzed as its control pin signal_generator_i/histo_0/inst/HISTOGRAM_ARBITER_FSM_0/inst/FILL_FSM_DOUT_reg[12]/G is not reached by a timing clock
Related violations: <none>

TIMING-20#5 Warning
Non-clocked latch  
The latch signal_generator_i/histo_0/inst/HISTOGRAM_ARBITER_FSM_0/inst/FILL_FSM_DOUT_reg[13] cannot be properly analyzed as its control pin signal_generator_i/histo_0/inst/HISTOGRAM_ARBITER_FSM_0/inst/FILL_FSM_DOUT_reg[13]/G is not reached by a timing clock
Related violations: <none>

TIMING-20#6 Warning
Non-clocked latch  
The latch signal_generator_i/histo_0/inst/HISTOGRAM_ARBITER_FSM_0/inst/FILL_FSM_DOUT_reg[14] cannot be properly analyzed as its control pin signal_generator_i/histo_0/inst/HISTOGRAM_ARBITER_FSM_0/inst/FILL_FSM_DOUT_reg[14]/G is not reached by a timing clock
Related violations: <none>

TIMING-20#7 Warning
Non-clocked latch  
The latch signal_generator_i/histo_0/inst/HISTOGRAM_ARBITER_FSM_0/inst/FILL_FSM_DOUT_reg[15] cannot be properly analyzed as its control pin signal_generator_i/histo_0/inst/HISTOGRAM_ARBITER_FSM_0/inst/FILL_FSM_DOUT_reg[15]/G is not reached by a timing clock
Related violations: <none>

TIMING-20#8 Warning
Non-clocked latch  
The latch signal_generator_i/histo_0/inst/HISTOGRAM_ARBITER_FSM_0/inst/FILL_FSM_DOUT_reg[16] cannot be properly analyzed as its control pin signal_generator_i/histo_0/inst/HISTOGRAM_ARBITER_FSM_0/inst/FILL_FSM_DOUT_reg[16]/G is not reached by a timing clock
Related violations: <none>

TIMING-20#9 Warning
Non-clocked latch  
The latch signal_generator_i/histo_0/inst/HISTOGRAM_ARBITER_FSM_0/inst/FILL_FSM_DOUT_reg[17] cannot be properly analyzed as its control pin signal_generator_i/histo_0/inst/HISTOGRAM_ARBITER_FSM_0/inst/FILL_FSM_DOUT_reg[17]/G is not reached by a timing clock
Related violations: <none>

TIMING-20#10 Warning
Non-clocked latch  
The latch signal_generator_i/histo_0/inst/HISTOGRAM_ARBITER_FSM_0/inst/FILL_FSM_DOUT_reg[1] cannot be properly analyzed as its control pin signal_generator_i/histo_0/inst/HISTOGRAM_ARBITER_FSM_0/inst/FILL_FSM_DOUT_reg[1]/G is not reached by a timing clock
Related violations: <none>

TIMING-20#11 Warning
Non-clocked latch  
The latch signal_generator_i/histo_0/inst/HISTOGRAM_ARBITER_FSM_0/inst/FILL_FSM_DOUT_reg[2] cannot be properly analyzed as its control pin signal_generator_i/histo_0/inst/HISTOGRAM_ARBITER_FSM_0/inst/FILL_FSM_DOUT_reg[2]/G is not reached by a timing clock
Related violations: <none>

TIMING-20#12 Warning
Non-clocked latch  
The latch signal_generator_i/histo_0/inst/HISTOGRAM_ARBITER_FSM_0/inst/FILL_FSM_DOUT_reg[3] cannot be properly analyzed as its control pin signal_generator_i/histo_0/inst/HISTOGRAM_ARBITER_FSM_0/inst/FILL_FSM_DOUT_reg[3]/G is not reached by a timing clock
Related violations: <none>

TIMING-20#13 Warning
Non-clocked latch  
The latch signal_generator_i/histo_0/inst/HISTOGRAM_ARBITER_FSM_0/inst/FILL_FSM_DOUT_reg[4] cannot be properly analyzed as its control pin signal_generator_i/histo_0/inst/HISTOGRAM_ARBITER_FSM_0/inst/FILL_FSM_DOUT_reg[4]/G is not reached by a timing clock
Related violations: <none>

TIMING-20#14 Warning
Non-clocked latch  
The latch signal_generator_i/histo_0/inst/HISTOGRAM_ARBITER_FSM_0/inst/FILL_FSM_DOUT_reg[5] cannot be properly analyzed as its control pin signal_generator_i/histo_0/inst/HISTOGRAM_ARBITER_FSM_0/inst/FILL_FSM_DOUT_reg[5]/G is not reached by a timing clock
Related violations: <none>

TIMING-20#15 Warning
Non-clocked latch  
The latch signal_generator_i/histo_0/inst/HISTOGRAM_ARBITER_FSM_0/inst/FILL_FSM_DOUT_reg[6] cannot be properly analyzed as its control pin signal_generator_i/histo_0/inst/HISTOGRAM_ARBITER_FSM_0/inst/FILL_FSM_DOUT_reg[6]/G is not reached by a timing clock
Related violations: <none>

TIMING-20#16 Warning
Non-clocked latch  
The latch signal_generator_i/histo_0/inst/HISTOGRAM_ARBITER_FSM_0/inst/FILL_FSM_DOUT_reg[7] cannot be properly analyzed as its control pin signal_generator_i/histo_0/inst/HISTOGRAM_ARBITER_FSM_0/inst/FILL_FSM_DOUT_reg[7]/G is not reached by a timing clock
Related violations: <none>

TIMING-20#17 Warning
Non-clocked latch  
The latch signal_generator_i/histo_0/inst/HISTOGRAM_ARBITER_FSM_0/inst/FILL_FSM_DOUT_reg[8] cannot be properly analyzed as its control pin signal_generator_i/histo_0/inst/HISTOGRAM_ARBITER_FSM_0/inst/FILL_FSM_DOUT_reg[8]/G is not reached by a timing clock
Related violations: <none>

TIMING-20#18 Warning
Non-clocked latch  
The latch signal_generator_i/histo_0/inst/HISTOGRAM_ARBITER_FSM_0/inst/FILL_FSM_DOUT_reg[9] cannot be properly analyzed as its control pin signal_generator_i/histo_0/inst/HISTOGRAM_ARBITER_FSM_0/inst/FILL_FSM_DOUT_reg[9]/G is not reached by a timing clock
Related violations: <none>

TIMING-20#19 Warning
Non-clocked latch  
The latch signal_generator_i/histo_0/inst/HISTOGRAM_ARBITER_FSM_0/inst/READ_FSM_DOUT_reg[0] cannot be properly analyzed as its control pin signal_generator_i/histo_0/inst/HISTOGRAM_ARBITER_FSM_0/inst/READ_FSM_DOUT_reg[0]/G is not reached by a timing clock
Related violations: <none>

TIMING-20#20 Warning
Non-clocked latch  
The latch signal_generator_i/histo_0/inst/HISTOGRAM_ARBITER_FSM_0/inst/READ_FSM_DOUT_reg[10] cannot be properly analyzed as its control pin signal_generator_i/histo_0/inst/HISTOGRAM_ARBITER_FSM_0/inst/READ_FSM_DOUT_reg[10]/G is not reached by a timing clock
Related violations: <none>

TIMING-20#21 Warning
Non-clocked latch  
The latch signal_generator_i/histo_0/inst/HISTOGRAM_ARBITER_FSM_0/inst/READ_FSM_DOUT_reg[11] cannot be properly analyzed as its control pin signal_generator_i/histo_0/inst/HISTOGRAM_ARBITER_FSM_0/inst/READ_FSM_DOUT_reg[11]/G is not reached by a timing clock
Related violations: <none>

TIMING-20#22 Warning
Non-clocked latch  
The latch signal_generator_i/histo_0/inst/HISTOGRAM_ARBITER_FSM_0/inst/READ_FSM_DOUT_reg[12] cannot be properly analyzed as its control pin signal_generator_i/histo_0/inst/HISTOGRAM_ARBITER_FSM_0/inst/READ_FSM_DOUT_reg[12]/G is not reached by a timing clock
Related violations: <none>

TIMING-20#23 Warning
Non-clocked latch  
The latch signal_generator_i/histo_0/inst/HISTOGRAM_ARBITER_FSM_0/inst/READ_FSM_DOUT_reg[13] cannot be properly analyzed as its control pin signal_generator_i/histo_0/inst/HISTOGRAM_ARBITER_FSM_0/inst/READ_FSM_DOUT_reg[13]/G is not reached by a timing clock
Related violations: <none>

TIMING-20#24 Warning
Non-clocked latch  
The latch signal_generator_i/histo_0/inst/HISTOGRAM_ARBITER_FSM_0/inst/READ_FSM_DOUT_reg[14] cannot be properly analyzed as its control pin signal_generator_i/histo_0/inst/HISTOGRAM_ARBITER_FSM_0/inst/READ_FSM_DOUT_reg[14]/G is not reached by a timing clock
Related violations: <none>

TIMING-20#25 Warning
Non-clocked latch  
The latch signal_generator_i/histo_0/inst/HISTOGRAM_ARBITER_FSM_0/inst/READ_FSM_DOUT_reg[15] cannot be properly analyzed as its control pin signal_generator_i/histo_0/inst/HISTOGRAM_ARBITER_FSM_0/inst/READ_FSM_DOUT_reg[15]/G is not reached by a timing clock
Related violations: <none>

TIMING-20#26 Warning
Non-clocked latch  
The latch signal_generator_i/histo_0/inst/HISTOGRAM_ARBITER_FSM_0/inst/READ_FSM_DOUT_reg[16] cannot be properly analyzed as its control pin signal_generator_i/histo_0/inst/HISTOGRAM_ARBITER_FSM_0/inst/READ_FSM_DOUT_reg[16]/G is not reached by a timing clock
Related violations: <none>

TIMING-20#27 Warning
Non-clocked latch  
The latch signal_generator_i/histo_0/inst/HISTOGRAM_ARBITER_FSM_0/inst/READ_FSM_DOUT_reg[17] cannot be properly analyzed as its control pin signal_generator_i/histo_0/inst/HISTOGRAM_ARBITER_FSM_0/inst/READ_FSM_DOUT_reg[17]/G is not reached by a timing clock
Related violations: <none>

TIMING-20#28 Warning
Non-clocked latch  
The latch signal_generator_i/histo_0/inst/HISTOGRAM_ARBITER_FSM_0/inst/READ_FSM_DOUT_reg[1] cannot be properly analyzed as its control pin signal_generator_i/histo_0/inst/HISTOGRAM_ARBITER_FSM_0/inst/READ_FSM_DOUT_reg[1]/G is not reached by a timing clock
Related violations: <none>

TIMING-20#29 Warning
Non-clocked latch  
The latch signal_generator_i/histo_0/inst/HISTOGRAM_ARBITER_FSM_0/inst/READ_FSM_DOUT_reg[2] cannot be properly analyzed as its control pin signal_generator_i/histo_0/inst/HISTOGRAM_ARBITER_FSM_0/inst/READ_FSM_DOUT_reg[2]/G is not reached by a timing clock
Related violations: <none>

TIMING-20#30 Warning
Non-clocked latch  
The latch signal_generator_i/histo_0/inst/HISTOGRAM_ARBITER_FSM_0/inst/READ_FSM_DOUT_reg[3] cannot be properly analyzed as its control pin signal_generator_i/histo_0/inst/HISTOGRAM_ARBITER_FSM_0/inst/READ_FSM_DOUT_reg[3]/G is not reached by a timing clock
Related violations: <none>

TIMING-20#31 Warning
Non-clocked latch  
The latch signal_generator_i/histo_0/inst/HISTOGRAM_ARBITER_FSM_0/inst/READ_FSM_DOUT_reg[4] cannot be properly analyzed as its control pin signal_generator_i/histo_0/inst/HISTOGRAM_ARBITER_FSM_0/inst/READ_FSM_DOUT_reg[4]/G is not reached by a timing clock
Related violations: <none>

TIMING-20#32 Warning
Non-clocked latch  
The latch signal_generator_i/histo_0/inst/HISTOGRAM_ARBITER_FSM_0/inst/READ_FSM_DOUT_reg[5] cannot be properly analyzed as its control pin signal_generator_i/histo_0/inst/HISTOGRAM_ARBITER_FSM_0/inst/READ_FSM_DOUT_reg[5]/G is not reached by a timing clock
Related violations: <none>

TIMING-20#33 Warning
Non-clocked latch  
The latch signal_generator_i/histo_0/inst/HISTOGRAM_ARBITER_FSM_0/inst/READ_FSM_DOUT_reg[6] cannot be properly analyzed as its control pin signal_generator_i/histo_0/inst/HISTOGRAM_ARBITER_FSM_0/inst/READ_FSM_DOUT_reg[6]/G is not reached by a timing clock
Related violations: <none>

TIMING-20#34 Warning
Non-clocked latch  
The latch signal_generator_i/histo_0/inst/HISTOGRAM_ARBITER_FSM_0/inst/READ_FSM_DOUT_reg[7] cannot be properly analyzed as its control pin signal_generator_i/histo_0/inst/HISTOGRAM_ARBITER_FSM_0/inst/READ_FSM_DOUT_reg[7]/G is not reached by a timing clock
Related violations: <none>

TIMING-20#35 Warning
Non-clocked latch  
The latch signal_generator_i/histo_0/inst/HISTOGRAM_ARBITER_FSM_0/inst/READ_FSM_DOUT_reg[8] cannot be properly analyzed as its control pin signal_generator_i/histo_0/inst/HISTOGRAM_ARBITER_FSM_0/inst/READ_FSM_DOUT_reg[8]/G is not reached by a timing clock
Related violations: <none>

TIMING-20#36 Warning
Non-clocked latch  
The latch signal_generator_i/histo_0/inst/HISTOGRAM_ARBITER_FSM_0/inst/READ_FSM_DOUT_reg[9] cannot be properly analyzed as its control pin signal_generator_i/histo_0/inst/HISTOGRAM_ARBITER_FSM_0/inst/READ_FSM_DOUT_reg[9]/G is not reached by a timing clock
Related violations: <none>

TIMING-20#37 Warning
Non-clocked latch  
The latch signal_generator_i/histo_0/inst/HISTOGRAM_ARBITER_FSM_0/inst/bram_0_addr_reg[0] cannot be properly analyzed as its control pin signal_generator_i/histo_0/inst/HISTOGRAM_ARBITER_FSM_0/inst/bram_0_addr_reg[0]/G is not reached by a timing clock
Related violations: <none>

TIMING-20#38 Warning
Non-clocked latch  
The latch signal_generator_i/histo_0/inst/HISTOGRAM_ARBITER_FSM_0/inst/bram_0_addr_reg[10] cannot be properly analyzed as its control pin signal_generator_i/histo_0/inst/HISTOGRAM_ARBITER_FSM_0/inst/bram_0_addr_reg[10]/G is not reached by a timing clock
Related violations: <none>

TIMING-20#39 Warning
Non-clocked latch  
The latch signal_generator_i/histo_0/inst/HISTOGRAM_ARBITER_FSM_0/inst/bram_0_addr_reg[11] cannot be properly analyzed as its control pin signal_generator_i/histo_0/inst/HISTOGRAM_ARBITER_FSM_0/inst/bram_0_addr_reg[11]/G is not reached by a timing clock
Related violations: <none>

TIMING-20#40 Warning
Non-clocked latch  
The latch signal_generator_i/histo_0/inst/HISTOGRAM_ARBITER_FSM_0/inst/bram_0_addr_reg[12] cannot be properly analyzed as its control pin signal_generator_i/histo_0/inst/HISTOGRAM_ARBITER_FSM_0/inst/bram_0_addr_reg[12]/G is not reached by a timing clock
Related violations: <none>

TIMING-20#41 Warning
Non-clocked latch  
The latch signal_generator_i/histo_0/inst/HISTOGRAM_ARBITER_FSM_0/inst/bram_0_addr_reg[13] cannot be properly analyzed as its control pin signal_generator_i/histo_0/inst/HISTOGRAM_ARBITER_FSM_0/inst/bram_0_addr_reg[13]/G is not reached by a timing clock
Related violations: <none>

TIMING-20#42 Warning
Non-clocked latch  
The latch signal_generator_i/histo_0/inst/HISTOGRAM_ARBITER_FSM_0/inst/bram_0_addr_reg[1] cannot be properly analyzed as its control pin signal_generator_i/histo_0/inst/HISTOGRAM_ARBITER_FSM_0/inst/bram_0_addr_reg[1]/G is not reached by a timing clock
Related violations: <none>

TIMING-20#43 Warning
Non-clocked latch  
The latch signal_generator_i/histo_0/inst/HISTOGRAM_ARBITER_FSM_0/inst/bram_0_addr_reg[2] cannot be properly analyzed as its control pin signal_generator_i/histo_0/inst/HISTOGRAM_ARBITER_FSM_0/inst/bram_0_addr_reg[2]/G is not reached by a timing clock
Related violations: <none>

TIMING-20#44 Warning
Non-clocked latch  
The latch signal_generator_i/histo_0/inst/HISTOGRAM_ARBITER_FSM_0/inst/bram_0_addr_reg[3] cannot be properly analyzed as its control pin signal_generator_i/histo_0/inst/HISTOGRAM_ARBITER_FSM_0/inst/bram_0_addr_reg[3]/G is not reached by a timing clock
Related violations: <none>

TIMING-20#45 Warning
Non-clocked latch  
The latch signal_generator_i/histo_0/inst/HISTOGRAM_ARBITER_FSM_0/inst/bram_0_addr_reg[4] cannot be properly analyzed as its control pin signal_generator_i/histo_0/inst/HISTOGRAM_ARBITER_FSM_0/inst/bram_0_addr_reg[4]/G is not reached by a timing clock
Related violations: <none>

TIMING-20#46 Warning
Non-clocked latch  
The latch signal_generator_i/histo_0/inst/HISTOGRAM_ARBITER_FSM_0/inst/bram_0_addr_reg[5] cannot be properly analyzed as its control pin signal_generator_i/histo_0/inst/HISTOGRAM_ARBITER_FSM_0/inst/bram_0_addr_reg[5]/G is not reached by a timing clock
Related violations: <none>

TIMING-20#47 Warning
Non-clocked latch  
The latch signal_generator_i/histo_0/inst/HISTOGRAM_ARBITER_FSM_0/inst/bram_0_addr_reg[6] cannot be properly analyzed as its control pin signal_generator_i/histo_0/inst/HISTOGRAM_ARBITER_FSM_0/inst/bram_0_addr_reg[6]/G is not reached by a timing clock
Related violations: <none>

TIMING-20#48 Warning
Non-clocked latch  
The latch signal_generator_i/histo_0/inst/HISTOGRAM_ARBITER_FSM_0/inst/bram_0_addr_reg[7] cannot be properly analyzed as its control pin signal_generator_i/histo_0/inst/HISTOGRAM_ARBITER_FSM_0/inst/bram_0_addr_reg[7]/G is not reached by a timing clock
Related violations: <none>

TIMING-20#49 Warning
Non-clocked latch  
The latch signal_generator_i/histo_0/inst/HISTOGRAM_ARBITER_FSM_0/inst/bram_0_addr_reg[8] cannot be properly analyzed as its control pin signal_generator_i/histo_0/inst/HISTOGRAM_ARBITER_FSM_0/inst/bram_0_addr_reg[8]/G is not reached by a timing clock
Related violations: <none>

TIMING-20#50 Warning
Non-clocked latch  
The latch signal_generator_i/histo_0/inst/HISTOGRAM_ARBITER_FSM_0/inst/bram_0_addr_reg[9] cannot be properly analyzed as its control pin signal_generator_i/histo_0/inst/HISTOGRAM_ARBITER_FSM_0/inst/bram_0_addr_reg[9]/G is not reached by a timing clock
Related violations: <none>

TIMING-20#51 Warning
Non-clocked latch  
The latch signal_generator_i/histo_0/inst/HISTOGRAM_ARBITER_FSM_0/inst/bram_0_din_reg[0] cannot be properly analyzed as its control pin signal_generator_i/histo_0/inst/HISTOGRAM_ARBITER_FSM_0/inst/bram_0_din_reg[0]/G is not reached by a timing clock
Related violations: <none>

TIMING-20#52 Warning
Non-clocked latch  
The latch signal_generator_i/histo_0/inst/HISTOGRAM_ARBITER_FSM_0/inst/bram_0_din_reg[10] cannot be properly analyzed as its control pin signal_generator_i/histo_0/inst/HISTOGRAM_ARBITER_FSM_0/inst/bram_0_din_reg[10]/G is not reached by a timing clock
Related violations: <none>

TIMING-20#53 Warning
Non-clocked latch  
The latch signal_generator_i/histo_0/inst/HISTOGRAM_ARBITER_FSM_0/inst/bram_0_din_reg[11] cannot be properly analyzed as its control pin signal_generator_i/histo_0/inst/HISTOGRAM_ARBITER_FSM_0/inst/bram_0_din_reg[11]/G is not reached by a timing clock
Related violations: <none>

TIMING-20#54 Warning
Non-clocked latch  
The latch signal_generator_i/histo_0/inst/HISTOGRAM_ARBITER_FSM_0/inst/bram_0_din_reg[12] cannot be properly analyzed as its control pin signal_generator_i/histo_0/inst/HISTOGRAM_ARBITER_FSM_0/inst/bram_0_din_reg[12]/G is not reached by a timing clock
Related violations: <none>

TIMING-20#55 Warning
Non-clocked latch  
The latch signal_generator_i/histo_0/inst/HISTOGRAM_ARBITER_FSM_0/inst/bram_0_din_reg[13] cannot be properly analyzed as its control pin signal_generator_i/histo_0/inst/HISTOGRAM_ARBITER_FSM_0/inst/bram_0_din_reg[13]/G is not reached by a timing clock
Related violations: <none>

TIMING-20#56 Warning
Non-clocked latch  
The latch signal_generator_i/histo_0/inst/HISTOGRAM_ARBITER_FSM_0/inst/bram_0_din_reg[14] cannot be properly analyzed as its control pin signal_generator_i/histo_0/inst/HISTOGRAM_ARBITER_FSM_0/inst/bram_0_din_reg[14]/G is not reached by a timing clock
Related violations: <none>

TIMING-20#57 Warning
Non-clocked latch  
The latch signal_generator_i/histo_0/inst/HISTOGRAM_ARBITER_FSM_0/inst/bram_0_din_reg[15] cannot be properly analyzed as its control pin signal_generator_i/histo_0/inst/HISTOGRAM_ARBITER_FSM_0/inst/bram_0_din_reg[15]/G is not reached by a timing clock
Related violations: <none>

TIMING-20#58 Warning
Non-clocked latch  
The latch signal_generator_i/histo_0/inst/HISTOGRAM_ARBITER_FSM_0/inst/bram_0_din_reg[16] cannot be properly analyzed as its control pin signal_generator_i/histo_0/inst/HISTOGRAM_ARBITER_FSM_0/inst/bram_0_din_reg[16]/G is not reached by a timing clock
Related violations: <none>

TIMING-20#59 Warning
Non-clocked latch  
The latch signal_generator_i/histo_0/inst/HISTOGRAM_ARBITER_FSM_0/inst/bram_0_din_reg[17] cannot be properly analyzed as its control pin signal_generator_i/histo_0/inst/HISTOGRAM_ARBITER_FSM_0/inst/bram_0_din_reg[17]/G is not reached by a timing clock
Related violations: <none>

TIMING-20#60 Warning
Non-clocked latch  
The latch signal_generator_i/histo_0/inst/HISTOGRAM_ARBITER_FSM_0/inst/bram_0_din_reg[1] cannot be properly analyzed as its control pin signal_generator_i/histo_0/inst/HISTOGRAM_ARBITER_FSM_0/inst/bram_0_din_reg[1]/G is not reached by a timing clock
Related violations: <none>

TIMING-20#61 Warning
Non-clocked latch  
The latch signal_generator_i/histo_0/inst/HISTOGRAM_ARBITER_FSM_0/inst/bram_0_din_reg[2] cannot be properly analyzed as its control pin signal_generator_i/histo_0/inst/HISTOGRAM_ARBITER_FSM_0/inst/bram_0_din_reg[2]/G is not reached by a timing clock
Related violations: <none>

TIMING-20#62 Warning
Non-clocked latch  
The latch signal_generator_i/histo_0/inst/HISTOGRAM_ARBITER_FSM_0/inst/bram_0_din_reg[3] cannot be properly analyzed as its control pin signal_generator_i/histo_0/inst/HISTOGRAM_ARBITER_FSM_0/inst/bram_0_din_reg[3]/G is not reached by a timing clock
Related violations: <none>

TIMING-20#63 Warning
Non-clocked latch  
The latch signal_generator_i/histo_0/inst/HISTOGRAM_ARBITER_FSM_0/inst/bram_0_din_reg[4] cannot be properly analyzed as its control pin signal_generator_i/histo_0/inst/HISTOGRAM_ARBITER_FSM_0/inst/bram_0_din_reg[4]/G is not reached by a timing clock
Related violations: <none>

TIMING-20#64 Warning
Non-clocked latch  
The latch signal_generator_i/histo_0/inst/HISTOGRAM_ARBITER_FSM_0/inst/bram_0_din_reg[5] cannot be properly analyzed as its control pin signal_generator_i/histo_0/inst/HISTOGRAM_ARBITER_FSM_0/inst/bram_0_din_reg[5]/G is not reached by a timing clock
Related violations: <none>

TIMING-20#65 Warning
Non-clocked latch  
The latch signal_generator_i/histo_0/inst/HISTOGRAM_ARBITER_FSM_0/inst/bram_0_din_reg[6] cannot be properly analyzed as its control pin signal_generator_i/histo_0/inst/HISTOGRAM_ARBITER_FSM_0/inst/bram_0_din_reg[6]/G is not reached by a timing clock
Related violations: <none>

TIMING-20#66 Warning
Non-clocked latch  
The latch signal_generator_i/histo_0/inst/HISTOGRAM_ARBITER_FSM_0/inst/bram_0_din_reg[7] cannot be properly analyzed as its control pin signal_generator_i/histo_0/inst/HISTOGRAM_ARBITER_FSM_0/inst/bram_0_din_reg[7]/G is not reached by a timing clock
Related violations: <none>

TIMING-20#67 Warning
Non-clocked latch  
The latch signal_generator_i/histo_0/inst/HISTOGRAM_ARBITER_FSM_0/inst/bram_0_din_reg[8] cannot be properly analyzed as its control pin signal_generator_i/histo_0/inst/HISTOGRAM_ARBITER_FSM_0/inst/bram_0_din_reg[8]/G is not reached by a timing clock
Related violations: <none>

TIMING-20#68 Warning
Non-clocked latch  
The latch signal_generator_i/histo_0/inst/HISTOGRAM_ARBITER_FSM_0/inst/bram_0_din_reg[9] cannot be properly analyzed as its control pin signal_generator_i/histo_0/inst/HISTOGRAM_ARBITER_FSM_0/inst/bram_0_din_reg[9]/G is not reached by a timing clock
Related violations: <none>

TIMING-20#69 Warning
Non-clocked latch  
The latch signal_generator_i/histo_0/inst/HISTOGRAM_ARBITER_FSM_0/inst/bram_0_we_reg_rep cannot be properly analyzed as its control pin signal_generator_i/histo_0/inst/HISTOGRAM_ARBITER_FSM_0/inst/bram_0_we_reg_rep/G is not reached by a timing clock
Related violations: <none>

TIMING-20#70 Warning
Non-clocked latch  
The latch signal_generator_i/histo_0/inst/HISTOGRAM_ARBITER_FSM_0/inst/bram_0_we_reg_rep__0 cannot be properly analyzed as its control pin signal_generator_i/histo_0/inst/HISTOGRAM_ARBITER_FSM_0/inst/bram_0_we_reg_rep__0/G is not reached by a timing clock
Related violations: <none>

TIMING-20#71 Warning
Non-clocked latch  
The latch signal_generator_i/histo_0/inst/HISTOGRAM_ARBITER_FSM_0/inst/bram_0_we_reg_rep__1 cannot be properly analyzed as its control pin signal_generator_i/histo_0/inst/HISTOGRAM_ARBITER_FSM_0/inst/bram_0_we_reg_rep__1/G is not reached by a timing clock
Related violations: <none>

TIMING-20#72 Warning
Non-clocked latch  
The latch signal_generator_i/histo_0/inst/HISTOGRAM_ARBITER_FSM_0/inst/bram_0_we_reg_rep__2 cannot be properly analyzed as its control pin signal_generator_i/histo_0/inst/HISTOGRAM_ARBITER_FSM_0/inst/bram_0_we_reg_rep__2/G is not reached by a timing clock
Related violations: <none>

TIMING-20#73 Warning
Non-clocked latch  
The latch signal_generator_i/histo_0/inst/HISTOGRAM_ARBITER_FSM_0/inst/bram_1_addr_reg[0] cannot be properly analyzed as its control pin signal_generator_i/histo_0/inst/HISTOGRAM_ARBITER_FSM_0/inst/bram_1_addr_reg[0]/G is not reached by a timing clock
Related violations: <none>

TIMING-20#74 Warning
Non-clocked latch  
The latch signal_generator_i/histo_0/inst/HISTOGRAM_ARBITER_FSM_0/inst/bram_1_addr_reg[10] cannot be properly analyzed as its control pin signal_generator_i/histo_0/inst/HISTOGRAM_ARBITER_FSM_0/inst/bram_1_addr_reg[10]/G is not reached by a timing clock
Related violations: <none>

TIMING-20#75 Warning
Non-clocked latch  
The latch signal_generator_i/histo_0/inst/HISTOGRAM_ARBITER_FSM_0/inst/bram_1_addr_reg[11] cannot be properly analyzed as its control pin signal_generator_i/histo_0/inst/HISTOGRAM_ARBITER_FSM_0/inst/bram_1_addr_reg[11]/G is not reached by a timing clock
Related violations: <none>

TIMING-20#76 Warning
Non-clocked latch  
The latch signal_generator_i/histo_0/inst/HISTOGRAM_ARBITER_FSM_0/inst/bram_1_addr_reg[12] cannot be properly analyzed as its control pin signal_generator_i/histo_0/inst/HISTOGRAM_ARBITER_FSM_0/inst/bram_1_addr_reg[12]/G is not reached by a timing clock
Related violations: <none>

TIMING-20#77 Warning
Non-clocked latch  
The latch signal_generator_i/histo_0/inst/HISTOGRAM_ARBITER_FSM_0/inst/bram_1_addr_reg[13] cannot be properly analyzed as its control pin signal_generator_i/histo_0/inst/HISTOGRAM_ARBITER_FSM_0/inst/bram_1_addr_reg[13]/G is not reached by a timing clock
Related violations: <none>

TIMING-20#78 Warning
Non-clocked latch  
The latch signal_generator_i/histo_0/inst/HISTOGRAM_ARBITER_FSM_0/inst/bram_1_addr_reg[1] cannot be properly analyzed as its control pin signal_generator_i/histo_0/inst/HISTOGRAM_ARBITER_FSM_0/inst/bram_1_addr_reg[1]/G is not reached by a timing clock
Related violations: <none>

TIMING-20#79 Warning
Non-clocked latch  
The latch signal_generator_i/histo_0/inst/HISTOGRAM_ARBITER_FSM_0/inst/bram_1_addr_reg[2] cannot be properly analyzed as its control pin signal_generator_i/histo_0/inst/HISTOGRAM_ARBITER_FSM_0/inst/bram_1_addr_reg[2]/G is not reached by a timing clock
Related violations: <none>

TIMING-20#80 Warning
Non-clocked latch  
The latch signal_generator_i/histo_0/inst/HISTOGRAM_ARBITER_FSM_0/inst/bram_1_addr_reg[3] cannot be properly analyzed as its control pin signal_generator_i/histo_0/inst/HISTOGRAM_ARBITER_FSM_0/inst/bram_1_addr_reg[3]/G is not reached by a timing clock
Related violations: <none>

TIMING-20#81 Warning
Non-clocked latch  
The latch signal_generator_i/histo_0/inst/HISTOGRAM_ARBITER_FSM_0/inst/bram_1_addr_reg[4] cannot be properly analyzed as its control pin signal_generator_i/histo_0/inst/HISTOGRAM_ARBITER_FSM_0/inst/bram_1_addr_reg[4]/G is not reached by a timing clock
Related violations: <none>

TIMING-20#82 Warning
Non-clocked latch  
The latch signal_generator_i/histo_0/inst/HISTOGRAM_ARBITER_FSM_0/inst/bram_1_addr_reg[5] cannot be properly analyzed as its control pin signal_generator_i/histo_0/inst/HISTOGRAM_ARBITER_FSM_0/inst/bram_1_addr_reg[5]/G is not reached by a timing clock
Related violations: <none>

TIMING-20#83 Warning
Non-clocked latch  
The latch signal_generator_i/histo_0/inst/HISTOGRAM_ARBITER_FSM_0/inst/bram_1_addr_reg[6] cannot be properly analyzed as its control pin signal_generator_i/histo_0/inst/HISTOGRAM_ARBITER_FSM_0/inst/bram_1_addr_reg[6]/G is not reached by a timing clock
Related violations: <none>

TIMING-20#84 Warning
Non-clocked latch  
The latch signal_generator_i/histo_0/inst/HISTOGRAM_ARBITER_FSM_0/inst/bram_1_addr_reg[7] cannot be properly analyzed as its control pin signal_generator_i/histo_0/inst/HISTOGRAM_ARBITER_FSM_0/inst/bram_1_addr_reg[7]/G is not reached by a timing clock
Related violations: <none>

TIMING-20#85 Warning
Non-clocked latch  
The latch signal_generator_i/histo_0/inst/HISTOGRAM_ARBITER_FSM_0/inst/bram_1_addr_reg[8] cannot be properly analyzed as its control pin signal_generator_i/histo_0/inst/HISTOGRAM_ARBITER_FSM_0/inst/bram_1_addr_reg[8]/G is not reached by a timing clock
Related violations: <none>

TIMING-20#86 Warning
Non-clocked latch  
The latch signal_generator_i/histo_0/inst/HISTOGRAM_ARBITER_FSM_0/inst/bram_1_addr_reg[9] cannot be properly analyzed as its control pin signal_generator_i/histo_0/inst/HISTOGRAM_ARBITER_FSM_0/inst/bram_1_addr_reg[9]/G is not reached by a timing clock
Related violations: <none>

TIMING-20#87 Warning
Non-clocked latch  
The latch signal_generator_i/histo_0/inst/HISTOGRAM_ARBITER_FSM_0/inst/bram_1_din_reg[0] cannot be properly analyzed as its control pin signal_generator_i/histo_0/inst/HISTOGRAM_ARBITER_FSM_0/inst/bram_1_din_reg[0]/G is not reached by a timing clock
Related violations: <none>

TIMING-20#88 Warning
Non-clocked latch  
The latch signal_generator_i/histo_0/inst/HISTOGRAM_ARBITER_FSM_0/inst/bram_1_din_reg[10] cannot be properly analyzed as its control pin signal_generator_i/histo_0/inst/HISTOGRAM_ARBITER_FSM_0/inst/bram_1_din_reg[10]/G is not reached by a timing clock
Related violations: <none>

TIMING-20#89 Warning
Non-clocked latch  
The latch signal_generator_i/histo_0/inst/HISTOGRAM_ARBITER_FSM_0/inst/bram_1_din_reg[11] cannot be properly analyzed as its control pin signal_generator_i/histo_0/inst/HISTOGRAM_ARBITER_FSM_0/inst/bram_1_din_reg[11]/G is not reached by a timing clock
Related violations: <none>

TIMING-20#90 Warning
Non-clocked latch  
The latch signal_generator_i/histo_0/inst/HISTOGRAM_ARBITER_FSM_0/inst/bram_1_din_reg[12] cannot be properly analyzed as its control pin signal_generator_i/histo_0/inst/HISTOGRAM_ARBITER_FSM_0/inst/bram_1_din_reg[12]/G is not reached by a timing clock
Related violations: <none>

TIMING-20#91 Warning
Non-clocked latch  
The latch signal_generator_i/histo_0/inst/HISTOGRAM_ARBITER_FSM_0/inst/bram_1_din_reg[13] cannot be properly analyzed as its control pin signal_generator_i/histo_0/inst/HISTOGRAM_ARBITER_FSM_0/inst/bram_1_din_reg[13]/G is not reached by a timing clock
Related violations: <none>

TIMING-20#92 Warning
Non-clocked latch  
The latch signal_generator_i/histo_0/inst/HISTOGRAM_ARBITER_FSM_0/inst/bram_1_din_reg[14] cannot be properly analyzed as its control pin signal_generator_i/histo_0/inst/HISTOGRAM_ARBITER_FSM_0/inst/bram_1_din_reg[14]/G is not reached by a timing clock
Related violations: <none>

TIMING-20#93 Warning
Non-clocked latch  
The latch signal_generator_i/histo_0/inst/HISTOGRAM_ARBITER_FSM_0/inst/bram_1_din_reg[15] cannot be properly analyzed as its control pin signal_generator_i/histo_0/inst/HISTOGRAM_ARBITER_FSM_0/inst/bram_1_din_reg[15]/G is not reached by a timing clock
Related violations: <none>

TIMING-20#94 Warning
Non-clocked latch  
The latch signal_generator_i/histo_0/inst/HISTOGRAM_ARBITER_FSM_0/inst/bram_1_din_reg[16] cannot be properly analyzed as its control pin signal_generator_i/histo_0/inst/HISTOGRAM_ARBITER_FSM_0/inst/bram_1_din_reg[16]/G is not reached by a timing clock
Related violations: <none>

TIMING-20#95 Warning
Non-clocked latch  
The latch signal_generator_i/histo_0/inst/HISTOGRAM_ARBITER_FSM_0/inst/bram_1_din_reg[17] cannot be properly analyzed as its control pin signal_generator_i/histo_0/inst/HISTOGRAM_ARBITER_FSM_0/inst/bram_1_din_reg[17]/G is not reached by a timing clock
Related violations: <none>

TIMING-20#96 Warning
Non-clocked latch  
The latch signal_generator_i/histo_0/inst/HISTOGRAM_ARBITER_FSM_0/inst/bram_1_din_reg[1] cannot be properly analyzed as its control pin signal_generator_i/histo_0/inst/HISTOGRAM_ARBITER_FSM_0/inst/bram_1_din_reg[1]/G is not reached by a timing clock
Related violations: <none>

TIMING-20#97 Warning
Non-clocked latch  
The latch signal_generator_i/histo_0/inst/HISTOGRAM_ARBITER_FSM_0/inst/bram_1_din_reg[2] cannot be properly analyzed as its control pin signal_generator_i/histo_0/inst/HISTOGRAM_ARBITER_FSM_0/inst/bram_1_din_reg[2]/G is not reached by a timing clock
Related violations: <none>

TIMING-20#98 Warning
Non-clocked latch  
The latch signal_generator_i/histo_0/inst/HISTOGRAM_ARBITER_FSM_0/inst/bram_1_din_reg[3] cannot be properly analyzed as its control pin signal_generator_i/histo_0/inst/HISTOGRAM_ARBITER_FSM_0/inst/bram_1_din_reg[3]/G is not reached by a timing clock
Related violations: <none>

TIMING-20#99 Warning
Non-clocked latch  
The latch signal_generator_i/histo_0/inst/HISTOGRAM_ARBITER_FSM_0/inst/bram_1_din_reg[4] cannot be properly analyzed as its control pin signal_generator_i/histo_0/inst/HISTOGRAM_ARBITER_FSM_0/inst/bram_1_din_reg[4]/G is not reached by a timing clock
Related violations: <none>

TIMING-20#100 Warning
Non-clocked latch  
The latch signal_generator_i/histo_0/inst/HISTOGRAM_ARBITER_FSM_0/inst/bram_1_din_reg[5] cannot be properly analyzed as its control pin signal_generator_i/histo_0/inst/HISTOGRAM_ARBITER_FSM_0/inst/bram_1_din_reg[5]/G is not reached by a timing clock
Related violations: <none>

TIMING-20#101 Warning
Non-clocked latch  
The latch signal_generator_i/histo_0/inst/HISTOGRAM_ARBITER_FSM_0/inst/bram_1_din_reg[6] cannot be properly analyzed as its control pin signal_generator_i/histo_0/inst/HISTOGRAM_ARBITER_FSM_0/inst/bram_1_din_reg[6]/G is not reached by a timing clock
Related violations: <none>

TIMING-20#102 Warning
Non-clocked latch  
The latch signal_generator_i/histo_0/inst/HISTOGRAM_ARBITER_FSM_0/inst/bram_1_din_reg[7] cannot be properly analyzed as its control pin signal_generator_i/histo_0/inst/HISTOGRAM_ARBITER_FSM_0/inst/bram_1_din_reg[7]/G is not reached by a timing clock
Related violations: <none>

TIMING-20#103 Warning
Non-clocked latch  
The latch signal_generator_i/histo_0/inst/HISTOGRAM_ARBITER_FSM_0/inst/bram_1_din_reg[8] cannot be properly analyzed as its control pin signal_generator_i/histo_0/inst/HISTOGRAM_ARBITER_FSM_0/inst/bram_1_din_reg[8]/G is not reached by a timing clock
Related violations: <none>

TIMING-20#104 Warning
Non-clocked latch  
The latch signal_generator_i/histo_0/inst/HISTOGRAM_ARBITER_FSM_0/inst/bram_1_din_reg[9] cannot be properly analyzed as its control pin signal_generator_i/histo_0/inst/HISTOGRAM_ARBITER_FSM_0/inst/bram_1_din_reg[9]/G is not reached by a timing clock
Related violations: <none>

TIMING-20#105 Warning
Non-clocked latch  
The latch signal_generator_i/histo_0/inst/HISTOGRAM_ARBITER_FSM_0/inst/bram_1_we_reg_rep cannot be properly analyzed as its control pin signal_generator_i/histo_0/inst/HISTOGRAM_ARBITER_FSM_0/inst/bram_1_we_reg_rep/G is not reached by a timing clock
Related violations: <none>

TIMING-20#106 Warning
Non-clocked latch  
The latch signal_generator_i/histo_0/inst/HISTOGRAM_ARBITER_FSM_0/inst/bram_1_we_reg_rep__0 cannot be properly analyzed as its control pin signal_generator_i/histo_0/inst/HISTOGRAM_ARBITER_FSM_0/inst/bram_1_we_reg_rep__0/G is not reached by a timing clock
Related violations: <none>

TIMING-20#107 Warning
Non-clocked latch  
The latch signal_generator_i/histo_0/inst/HISTOGRAM_ARBITER_FSM_0/inst/bram_1_we_reg_rep__1 cannot be properly analyzed as its control pin signal_generator_i/histo_0/inst/HISTOGRAM_ARBITER_FSM_0/inst/bram_1_we_reg_rep__1/G is not reached by a timing clock
Related violations: <none>

TIMING-20#108 Warning
Non-clocked latch  
The latch signal_generator_i/histo_0/inst/HISTOGRAM_ARBITER_FSM_0/inst/bram_1_we_reg_rep__2 cannot be properly analyzed as its control pin signal_generator_i/histo_0/inst/HISTOGRAM_ARBITER_FSM_0/inst/bram_1_we_reg_rep__2/G is not reached by a timing clock
Related violations: <none>

TIMING-20#109 Warning
Non-clocked latch  
The latch signal_generator_i/histo_0/inst/HISTOGRAM_ARBITER_FSM_0/inst/bram_2_addr_reg[0] cannot be properly analyzed as its control pin signal_generator_i/histo_0/inst/HISTOGRAM_ARBITER_FSM_0/inst/bram_2_addr_reg[0]/G is not reached by a timing clock
Related violations: <none>

TIMING-20#110 Warning
Non-clocked latch  
The latch signal_generator_i/histo_0/inst/HISTOGRAM_ARBITER_FSM_0/inst/bram_2_addr_reg[10] cannot be properly analyzed as its control pin signal_generator_i/histo_0/inst/HISTOGRAM_ARBITER_FSM_0/inst/bram_2_addr_reg[10]/G is not reached by a timing clock
Related violations: <none>

TIMING-20#111 Warning
Non-clocked latch  
The latch signal_generator_i/histo_0/inst/HISTOGRAM_ARBITER_FSM_0/inst/bram_2_addr_reg[11] cannot be properly analyzed as its control pin signal_generator_i/histo_0/inst/HISTOGRAM_ARBITER_FSM_0/inst/bram_2_addr_reg[11]/G is not reached by a timing clock
Related violations: <none>

TIMING-20#112 Warning
Non-clocked latch  
The latch signal_generator_i/histo_0/inst/HISTOGRAM_ARBITER_FSM_0/inst/bram_2_addr_reg[12] cannot be properly analyzed as its control pin signal_generator_i/histo_0/inst/HISTOGRAM_ARBITER_FSM_0/inst/bram_2_addr_reg[12]/G is not reached by a timing clock
Related violations: <none>

TIMING-20#113 Warning
Non-clocked latch  
The latch signal_generator_i/histo_0/inst/HISTOGRAM_ARBITER_FSM_0/inst/bram_2_addr_reg[13] cannot be properly analyzed as its control pin signal_generator_i/histo_0/inst/HISTOGRAM_ARBITER_FSM_0/inst/bram_2_addr_reg[13]/G is not reached by a timing clock
Related violations: <none>

TIMING-20#114 Warning
Non-clocked latch  
The latch signal_generator_i/histo_0/inst/HISTOGRAM_ARBITER_FSM_0/inst/bram_2_addr_reg[1] cannot be properly analyzed as its control pin signal_generator_i/histo_0/inst/HISTOGRAM_ARBITER_FSM_0/inst/bram_2_addr_reg[1]/G is not reached by a timing clock
Related violations: <none>

TIMING-20#115 Warning
Non-clocked latch  
The latch signal_generator_i/histo_0/inst/HISTOGRAM_ARBITER_FSM_0/inst/bram_2_addr_reg[2] cannot be properly analyzed as its control pin signal_generator_i/histo_0/inst/HISTOGRAM_ARBITER_FSM_0/inst/bram_2_addr_reg[2]/G is not reached by a timing clock
Related violations: <none>

TIMING-20#116 Warning
Non-clocked latch  
The latch signal_generator_i/histo_0/inst/HISTOGRAM_ARBITER_FSM_0/inst/bram_2_addr_reg[3] cannot be properly analyzed as its control pin signal_generator_i/histo_0/inst/HISTOGRAM_ARBITER_FSM_0/inst/bram_2_addr_reg[3]/G is not reached by a timing clock
Related violations: <none>

TIMING-20#117 Warning
Non-clocked latch  
The latch signal_generator_i/histo_0/inst/HISTOGRAM_ARBITER_FSM_0/inst/bram_2_addr_reg[4] cannot be properly analyzed as its control pin signal_generator_i/histo_0/inst/HISTOGRAM_ARBITER_FSM_0/inst/bram_2_addr_reg[4]/G is not reached by a timing clock
Related violations: <none>

TIMING-20#118 Warning
Non-clocked latch  
The latch signal_generator_i/histo_0/inst/HISTOGRAM_ARBITER_FSM_0/inst/bram_2_addr_reg[5] cannot be properly analyzed as its control pin signal_generator_i/histo_0/inst/HISTOGRAM_ARBITER_FSM_0/inst/bram_2_addr_reg[5]/G is not reached by a timing clock
Related violations: <none>

TIMING-20#119 Warning
Non-clocked latch  
The latch signal_generator_i/histo_0/inst/HISTOGRAM_ARBITER_FSM_0/inst/bram_2_addr_reg[6] cannot be properly analyzed as its control pin signal_generator_i/histo_0/inst/HISTOGRAM_ARBITER_FSM_0/inst/bram_2_addr_reg[6]/G is not reached by a timing clock
Related violations: <none>

TIMING-20#120 Warning
Non-clocked latch  
The latch signal_generator_i/histo_0/inst/HISTOGRAM_ARBITER_FSM_0/inst/bram_2_addr_reg[7] cannot be properly analyzed as its control pin signal_generator_i/histo_0/inst/HISTOGRAM_ARBITER_FSM_0/inst/bram_2_addr_reg[7]/G is not reached by a timing clock
Related violations: <none>

TIMING-20#121 Warning
Non-clocked latch  
The latch signal_generator_i/histo_0/inst/HISTOGRAM_ARBITER_FSM_0/inst/bram_2_addr_reg[8] cannot be properly analyzed as its control pin signal_generator_i/histo_0/inst/HISTOGRAM_ARBITER_FSM_0/inst/bram_2_addr_reg[8]/G is not reached by a timing clock
Related violations: <none>

TIMING-20#122 Warning
Non-clocked latch  
The latch signal_generator_i/histo_0/inst/HISTOGRAM_ARBITER_FSM_0/inst/bram_2_addr_reg[9] cannot be properly analyzed as its control pin signal_generator_i/histo_0/inst/HISTOGRAM_ARBITER_FSM_0/inst/bram_2_addr_reg[9]/G is not reached by a timing clock
Related violations: <none>

TIMING-20#123 Warning
Non-clocked latch  
The latch signal_generator_i/histo_0/inst/HISTOGRAM_ARBITER_FSM_0/inst/bram_2_din_reg[0] cannot be properly analyzed as its control pin signal_generator_i/histo_0/inst/HISTOGRAM_ARBITER_FSM_0/inst/bram_2_din_reg[0]/G is not reached by a timing clock
Related violations: <none>

TIMING-20#124 Warning
Non-clocked latch  
The latch signal_generator_i/histo_0/inst/HISTOGRAM_ARBITER_FSM_0/inst/bram_2_din_reg[10] cannot be properly analyzed as its control pin signal_generator_i/histo_0/inst/HISTOGRAM_ARBITER_FSM_0/inst/bram_2_din_reg[10]/G is not reached by a timing clock
Related violations: <none>

TIMING-20#125 Warning
Non-clocked latch  
The latch signal_generator_i/histo_0/inst/HISTOGRAM_ARBITER_FSM_0/inst/bram_2_din_reg[11] cannot be properly analyzed as its control pin signal_generator_i/histo_0/inst/HISTOGRAM_ARBITER_FSM_0/inst/bram_2_din_reg[11]/G is not reached by a timing clock
Related violations: <none>

TIMING-20#126 Warning
Non-clocked latch  
The latch signal_generator_i/histo_0/inst/HISTOGRAM_ARBITER_FSM_0/inst/bram_2_din_reg[12] cannot be properly analyzed as its control pin signal_generator_i/histo_0/inst/HISTOGRAM_ARBITER_FSM_0/inst/bram_2_din_reg[12]/G is not reached by a timing clock
Related violations: <none>

TIMING-20#127 Warning
Non-clocked latch  
The latch signal_generator_i/histo_0/inst/HISTOGRAM_ARBITER_FSM_0/inst/bram_2_din_reg[13] cannot be properly analyzed as its control pin signal_generator_i/histo_0/inst/HISTOGRAM_ARBITER_FSM_0/inst/bram_2_din_reg[13]/G is not reached by a timing clock
Related violations: <none>

TIMING-20#128 Warning
Non-clocked latch  
The latch signal_generator_i/histo_0/inst/HISTOGRAM_ARBITER_FSM_0/inst/bram_2_din_reg[14] cannot be properly analyzed as its control pin signal_generator_i/histo_0/inst/HISTOGRAM_ARBITER_FSM_0/inst/bram_2_din_reg[14]/G is not reached by a timing clock
Related violations: <none>

TIMING-20#129 Warning
Non-clocked latch  
The latch signal_generator_i/histo_0/inst/HISTOGRAM_ARBITER_FSM_0/inst/bram_2_din_reg[15] cannot be properly analyzed as its control pin signal_generator_i/histo_0/inst/HISTOGRAM_ARBITER_FSM_0/inst/bram_2_din_reg[15]/G is not reached by a timing clock
Related violations: <none>

TIMING-20#130 Warning
Non-clocked latch  
The latch signal_generator_i/histo_0/inst/HISTOGRAM_ARBITER_FSM_0/inst/bram_2_din_reg[16] cannot be properly analyzed as its control pin signal_generator_i/histo_0/inst/HISTOGRAM_ARBITER_FSM_0/inst/bram_2_din_reg[16]/G is not reached by a timing clock
Related violations: <none>

TIMING-20#131 Warning
Non-clocked latch  
The latch signal_generator_i/histo_0/inst/HISTOGRAM_ARBITER_FSM_0/inst/bram_2_din_reg[17] cannot be properly analyzed as its control pin signal_generator_i/histo_0/inst/HISTOGRAM_ARBITER_FSM_0/inst/bram_2_din_reg[17]/G is not reached by a timing clock
Related violations: <none>

TIMING-20#132 Warning
Non-clocked latch  
The latch signal_generator_i/histo_0/inst/HISTOGRAM_ARBITER_FSM_0/inst/bram_2_din_reg[1] cannot be properly analyzed as its control pin signal_generator_i/histo_0/inst/HISTOGRAM_ARBITER_FSM_0/inst/bram_2_din_reg[1]/G is not reached by a timing clock
Related violations: <none>

TIMING-20#133 Warning
Non-clocked latch  
The latch signal_generator_i/histo_0/inst/HISTOGRAM_ARBITER_FSM_0/inst/bram_2_din_reg[2] cannot be properly analyzed as its control pin signal_generator_i/histo_0/inst/HISTOGRAM_ARBITER_FSM_0/inst/bram_2_din_reg[2]/G is not reached by a timing clock
Related violations: <none>

TIMING-20#134 Warning
Non-clocked latch  
The latch signal_generator_i/histo_0/inst/HISTOGRAM_ARBITER_FSM_0/inst/bram_2_din_reg[3] cannot be properly analyzed as its control pin signal_generator_i/histo_0/inst/HISTOGRAM_ARBITER_FSM_0/inst/bram_2_din_reg[3]/G is not reached by a timing clock
Related violations: <none>

TIMING-20#135 Warning
Non-clocked latch  
The latch signal_generator_i/histo_0/inst/HISTOGRAM_ARBITER_FSM_0/inst/bram_2_din_reg[4] cannot be properly analyzed as its control pin signal_generator_i/histo_0/inst/HISTOGRAM_ARBITER_FSM_0/inst/bram_2_din_reg[4]/G is not reached by a timing clock
Related violations: <none>

TIMING-20#136 Warning
Non-clocked latch  
The latch signal_generator_i/histo_0/inst/HISTOGRAM_ARBITER_FSM_0/inst/bram_2_din_reg[5] cannot be properly analyzed as its control pin signal_generator_i/histo_0/inst/HISTOGRAM_ARBITER_FSM_0/inst/bram_2_din_reg[5]/G is not reached by a timing clock
Related violations: <none>

TIMING-20#137 Warning
Non-clocked latch  
The latch signal_generator_i/histo_0/inst/HISTOGRAM_ARBITER_FSM_0/inst/bram_2_din_reg[6] cannot be properly analyzed as its control pin signal_generator_i/histo_0/inst/HISTOGRAM_ARBITER_FSM_0/inst/bram_2_din_reg[6]/G is not reached by a timing clock
Related violations: <none>

TIMING-20#138 Warning
Non-clocked latch  
The latch signal_generator_i/histo_0/inst/HISTOGRAM_ARBITER_FSM_0/inst/bram_2_din_reg[7] cannot be properly analyzed as its control pin signal_generator_i/histo_0/inst/HISTOGRAM_ARBITER_FSM_0/inst/bram_2_din_reg[7]/G is not reached by a timing clock
Related violations: <none>

TIMING-20#139 Warning
Non-clocked latch  
The latch signal_generator_i/histo_0/inst/HISTOGRAM_ARBITER_FSM_0/inst/bram_2_din_reg[8] cannot be properly analyzed as its control pin signal_generator_i/histo_0/inst/HISTOGRAM_ARBITER_FSM_0/inst/bram_2_din_reg[8]/G is not reached by a timing clock
Related violations: <none>

TIMING-20#140 Warning
Non-clocked latch  
The latch signal_generator_i/histo_0/inst/HISTOGRAM_ARBITER_FSM_0/inst/bram_2_din_reg[9] cannot be properly analyzed as its control pin signal_generator_i/histo_0/inst/HISTOGRAM_ARBITER_FSM_0/inst/bram_2_din_reg[9]/G is not reached by a timing clock
Related violations: <none>

TIMING-20#141 Warning
Non-clocked latch  
The latch signal_generator_i/histo_0/inst/HISTOGRAM_ARBITER_FSM_0/inst/bram_2_we_reg_rep cannot be properly analyzed as its control pin signal_generator_i/histo_0/inst/HISTOGRAM_ARBITER_FSM_0/inst/bram_2_we_reg_rep/G is not reached by a timing clock
Related violations: <none>

TIMING-20#142 Warning
Non-clocked latch  
The latch signal_generator_i/histo_0/inst/HISTOGRAM_ARBITER_FSM_0/inst/bram_2_we_reg_rep__0 cannot be properly analyzed as its control pin signal_generator_i/histo_0/inst/HISTOGRAM_ARBITER_FSM_0/inst/bram_2_we_reg_rep__0/G is not reached by a timing clock
Related violations: <none>

TIMING-20#143 Warning
Non-clocked latch  
The latch signal_generator_i/histo_0/inst/HISTOGRAM_ARBITER_FSM_0/inst/bram_2_we_reg_rep__1 cannot be properly analyzed as its control pin signal_generator_i/histo_0/inst/HISTOGRAM_ARBITER_FSM_0/inst/bram_2_we_reg_rep__1/G is not reached by a timing clock
Related violations: <none>

TIMING-20#144 Warning
Non-clocked latch  
The latch signal_generator_i/histo_0/inst/HISTOGRAM_ARBITER_FSM_0/inst/bram_2_we_reg_rep__2 cannot be properly analyzed as its control pin signal_generator_i/histo_0/inst/HISTOGRAM_ARBITER_FSM_0/inst/bram_2_we_reg_rep__2/G is not reached by a timing clock
Related violations: <none>

TIMING-20#145 Warning
Non-clocked latch  
The latch signal_generator_i/histo_0/inst/HISTOGRAM_ARBITER_FSM_0/inst/clearing_fsm/bram_we_n_reg cannot be properly analyzed as its control pin signal_generator_i/histo_0/inst/HISTOGRAM_ARBITER_FSM_0/inst/clearing_fsm/bram_we_n_reg/G is not reached by a timing clock
Related violations: <none>

TIMING-20#146 Warning
Non-clocked latch  
The latch signal_generator_i/histo_0/inst/HISTOGRAM_ARBITER_FSM_0/inst/filling_fsm/bram_addr_reg[0] cannot be properly analyzed as its control pin signal_generator_i/histo_0/inst/HISTOGRAM_ARBITER_FSM_0/inst/filling_fsm/bram_addr_reg[0]/G is not reached by a timing clock
Related violations: <none>

TIMING-20#147 Warning
Non-clocked latch  
The latch signal_generator_i/histo_0/inst/HISTOGRAM_ARBITER_FSM_0/inst/filling_fsm/bram_addr_reg[10] cannot be properly analyzed as its control pin signal_generator_i/histo_0/inst/HISTOGRAM_ARBITER_FSM_0/inst/filling_fsm/bram_addr_reg[10]/G is not reached by a timing clock
Related violations: <none>

TIMING-20#148 Warning
Non-clocked latch  
The latch signal_generator_i/histo_0/inst/HISTOGRAM_ARBITER_FSM_0/inst/filling_fsm/bram_addr_reg[11] cannot be properly analyzed as its control pin signal_generator_i/histo_0/inst/HISTOGRAM_ARBITER_FSM_0/inst/filling_fsm/bram_addr_reg[11]/G is not reached by a timing clock
Related violations: <none>

TIMING-20#149 Warning
Non-clocked latch  
The latch signal_generator_i/histo_0/inst/HISTOGRAM_ARBITER_FSM_0/inst/filling_fsm/bram_addr_reg[12] cannot be properly analyzed as its control pin signal_generator_i/histo_0/inst/HISTOGRAM_ARBITER_FSM_0/inst/filling_fsm/bram_addr_reg[12]/G is not reached by a timing clock
Related violations: <none>

TIMING-20#150 Warning
Non-clocked latch  
The latch signal_generator_i/histo_0/inst/HISTOGRAM_ARBITER_FSM_0/inst/filling_fsm/bram_addr_reg[13] cannot be properly analyzed as its control pin signal_generator_i/histo_0/inst/HISTOGRAM_ARBITER_FSM_0/inst/filling_fsm/bram_addr_reg[13]/G is not reached by a timing clock
Related violations: <none>

TIMING-20#151 Warning
Non-clocked latch  
The latch signal_generator_i/histo_0/inst/HISTOGRAM_ARBITER_FSM_0/inst/filling_fsm/bram_addr_reg[1] cannot be properly analyzed as its control pin signal_generator_i/histo_0/inst/HISTOGRAM_ARBITER_FSM_0/inst/filling_fsm/bram_addr_reg[1]/G is not reached by a timing clock
Related violations: <none>

TIMING-20#152 Warning
Non-clocked latch  
The latch signal_generator_i/histo_0/inst/HISTOGRAM_ARBITER_FSM_0/inst/filling_fsm/bram_addr_reg[2] cannot be properly analyzed as its control pin signal_generator_i/histo_0/inst/HISTOGRAM_ARBITER_FSM_0/inst/filling_fsm/bram_addr_reg[2]/G is not reached by a timing clock
Related violations: <none>

TIMING-20#153 Warning
Non-clocked latch  
The latch signal_generator_i/histo_0/inst/HISTOGRAM_ARBITER_FSM_0/inst/filling_fsm/bram_addr_reg[3] cannot be properly analyzed as its control pin signal_generator_i/histo_0/inst/HISTOGRAM_ARBITER_FSM_0/inst/filling_fsm/bram_addr_reg[3]/G is not reached by a timing clock
Related violations: <none>

TIMING-20#154 Warning
Non-clocked latch  
The latch signal_generator_i/histo_0/inst/HISTOGRAM_ARBITER_FSM_0/inst/filling_fsm/bram_addr_reg[4] cannot be properly analyzed as its control pin signal_generator_i/histo_0/inst/HISTOGRAM_ARBITER_FSM_0/inst/filling_fsm/bram_addr_reg[4]/G is not reached by a timing clock
Related violations: <none>

TIMING-20#155 Warning
Non-clocked latch  
The latch signal_generator_i/histo_0/inst/HISTOGRAM_ARBITER_FSM_0/inst/filling_fsm/bram_addr_reg[5] cannot be properly analyzed as its control pin signal_generator_i/histo_0/inst/HISTOGRAM_ARBITER_FSM_0/inst/filling_fsm/bram_addr_reg[5]/G is not reached by a timing clock
Related violations: <none>

TIMING-20#156 Warning
Non-clocked latch  
The latch signal_generator_i/histo_0/inst/HISTOGRAM_ARBITER_FSM_0/inst/filling_fsm/bram_addr_reg[6] cannot be properly analyzed as its control pin signal_generator_i/histo_0/inst/HISTOGRAM_ARBITER_FSM_0/inst/filling_fsm/bram_addr_reg[6]/G is not reached by a timing clock
Related violations: <none>

TIMING-20#157 Warning
Non-clocked latch  
The latch signal_generator_i/histo_0/inst/HISTOGRAM_ARBITER_FSM_0/inst/filling_fsm/bram_addr_reg[7] cannot be properly analyzed as its control pin signal_generator_i/histo_0/inst/HISTOGRAM_ARBITER_FSM_0/inst/filling_fsm/bram_addr_reg[7]/G is not reached by a timing clock
Related violations: <none>

TIMING-20#158 Warning
Non-clocked latch  
The latch signal_generator_i/histo_0/inst/HISTOGRAM_ARBITER_FSM_0/inst/filling_fsm/bram_addr_reg[8] cannot be properly analyzed as its control pin signal_generator_i/histo_0/inst/HISTOGRAM_ARBITER_FSM_0/inst/filling_fsm/bram_addr_reg[8]/G is not reached by a timing clock
Related violations: <none>

TIMING-20#159 Warning
Non-clocked latch  
The latch signal_generator_i/histo_0/inst/HISTOGRAM_ARBITER_FSM_0/inst/filling_fsm/bram_addr_reg[9] cannot be properly analyzed as its control pin signal_generator_i/histo_0/inst/HISTOGRAM_ARBITER_FSM_0/inst/filling_fsm/bram_addr_reg[9]/G is not reached by a timing clock
Related violations: <none>

TIMING-20#160 Warning
Non-clocked latch  
The latch signal_generator_i/histo_0/inst/HISTOGRAM_ARBITER_FSM_0/inst/filling_fsm/bram_din_reg[0] cannot be properly analyzed as its control pin signal_generator_i/histo_0/inst/HISTOGRAM_ARBITER_FSM_0/inst/filling_fsm/bram_din_reg[0]/G is not reached by a timing clock
Related violations: <none>

TIMING-20#161 Warning
Non-clocked latch  
The latch signal_generator_i/histo_0/inst/HISTOGRAM_ARBITER_FSM_0/inst/filling_fsm/bram_din_reg[10] cannot be properly analyzed as its control pin signal_generator_i/histo_0/inst/HISTOGRAM_ARBITER_FSM_0/inst/filling_fsm/bram_din_reg[10]/G is not reached by a timing clock
Related violations: <none>

TIMING-20#162 Warning
Non-clocked latch  
The latch signal_generator_i/histo_0/inst/HISTOGRAM_ARBITER_FSM_0/inst/filling_fsm/bram_din_reg[11] cannot be properly analyzed as its control pin signal_generator_i/histo_0/inst/HISTOGRAM_ARBITER_FSM_0/inst/filling_fsm/bram_din_reg[11]/G is not reached by a timing clock
Related violations: <none>

TIMING-20#163 Warning
Non-clocked latch  
The latch signal_generator_i/histo_0/inst/HISTOGRAM_ARBITER_FSM_0/inst/filling_fsm/bram_din_reg[12] cannot be properly analyzed as its control pin signal_generator_i/histo_0/inst/HISTOGRAM_ARBITER_FSM_0/inst/filling_fsm/bram_din_reg[12]/G is not reached by a timing clock
Related violations: <none>

TIMING-20#164 Warning
Non-clocked latch  
The latch signal_generator_i/histo_0/inst/HISTOGRAM_ARBITER_FSM_0/inst/filling_fsm/bram_din_reg[13] cannot be properly analyzed as its control pin signal_generator_i/histo_0/inst/HISTOGRAM_ARBITER_FSM_0/inst/filling_fsm/bram_din_reg[13]/G is not reached by a timing clock
Related violations: <none>

TIMING-20#165 Warning
Non-clocked latch  
The latch signal_generator_i/histo_0/inst/HISTOGRAM_ARBITER_FSM_0/inst/filling_fsm/bram_din_reg[14] cannot be properly analyzed as its control pin signal_generator_i/histo_0/inst/HISTOGRAM_ARBITER_FSM_0/inst/filling_fsm/bram_din_reg[14]/G is not reached by a timing clock
Related violations: <none>

TIMING-20#166 Warning
Non-clocked latch  
The latch signal_generator_i/histo_0/inst/HISTOGRAM_ARBITER_FSM_0/inst/filling_fsm/bram_din_reg[15] cannot be properly analyzed as its control pin signal_generator_i/histo_0/inst/HISTOGRAM_ARBITER_FSM_0/inst/filling_fsm/bram_din_reg[15]/G is not reached by a timing clock
Related violations: <none>

TIMING-20#167 Warning
Non-clocked latch  
The latch signal_generator_i/histo_0/inst/HISTOGRAM_ARBITER_FSM_0/inst/filling_fsm/bram_din_reg[16] cannot be properly analyzed as its control pin signal_generator_i/histo_0/inst/HISTOGRAM_ARBITER_FSM_0/inst/filling_fsm/bram_din_reg[16]/G is not reached by a timing clock
Related violations: <none>

TIMING-20#168 Warning
Non-clocked latch  
The latch signal_generator_i/histo_0/inst/HISTOGRAM_ARBITER_FSM_0/inst/filling_fsm/bram_din_reg[17] cannot be properly analyzed as its control pin signal_generator_i/histo_0/inst/HISTOGRAM_ARBITER_FSM_0/inst/filling_fsm/bram_din_reg[17]/G is not reached by a timing clock
Related violations: <none>

TIMING-20#169 Warning
Non-clocked latch  
The latch signal_generator_i/histo_0/inst/HISTOGRAM_ARBITER_FSM_0/inst/filling_fsm/bram_din_reg[1] cannot be properly analyzed as its control pin signal_generator_i/histo_0/inst/HISTOGRAM_ARBITER_FSM_0/inst/filling_fsm/bram_din_reg[1]/G is not reached by a timing clock
Related violations: <none>

TIMING-20#170 Warning
Non-clocked latch  
The latch signal_generator_i/histo_0/inst/HISTOGRAM_ARBITER_FSM_0/inst/filling_fsm/bram_din_reg[2] cannot be properly analyzed as its control pin signal_generator_i/histo_0/inst/HISTOGRAM_ARBITER_FSM_0/inst/filling_fsm/bram_din_reg[2]/G is not reached by a timing clock
Related violations: <none>

TIMING-20#171 Warning
Non-clocked latch  
The latch signal_generator_i/histo_0/inst/HISTOGRAM_ARBITER_FSM_0/inst/filling_fsm/bram_din_reg[3] cannot be properly analyzed as its control pin signal_generator_i/histo_0/inst/HISTOGRAM_ARBITER_FSM_0/inst/filling_fsm/bram_din_reg[3]/G is not reached by a timing clock
Related violations: <none>

TIMING-20#172 Warning
Non-clocked latch  
The latch signal_generator_i/histo_0/inst/HISTOGRAM_ARBITER_FSM_0/inst/filling_fsm/bram_din_reg[4] cannot be properly analyzed as its control pin signal_generator_i/histo_0/inst/HISTOGRAM_ARBITER_FSM_0/inst/filling_fsm/bram_din_reg[4]/G is not reached by a timing clock
Related violations: <none>

TIMING-20#173 Warning
Non-clocked latch  
The latch signal_generator_i/histo_0/inst/HISTOGRAM_ARBITER_FSM_0/inst/filling_fsm/bram_din_reg[5] cannot be properly analyzed as its control pin signal_generator_i/histo_0/inst/HISTOGRAM_ARBITER_FSM_0/inst/filling_fsm/bram_din_reg[5]/G is not reached by a timing clock
Related violations: <none>

TIMING-20#174 Warning
Non-clocked latch  
The latch signal_generator_i/histo_0/inst/HISTOGRAM_ARBITER_FSM_0/inst/filling_fsm/bram_din_reg[6] cannot be properly analyzed as its control pin signal_generator_i/histo_0/inst/HISTOGRAM_ARBITER_FSM_0/inst/filling_fsm/bram_din_reg[6]/G is not reached by a timing clock
Related violations: <none>

TIMING-20#175 Warning
Non-clocked latch  
The latch signal_generator_i/histo_0/inst/HISTOGRAM_ARBITER_FSM_0/inst/filling_fsm/bram_din_reg[7] cannot be properly analyzed as its control pin signal_generator_i/histo_0/inst/HISTOGRAM_ARBITER_FSM_0/inst/filling_fsm/bram_din_reg[7]/G is not reached by a timing clock
Related violations: <none>

TIMING-20#176 Warning
Non-clocked latch  
The latch signal_generator_i/histo_0/inst/HISTOGRAM_ARBITER_FSM_0/inst/filling_fsm/bram_din_reg[8] cannot be properly analyzed as its control pin signal_generator_i/histo_0/inst/HISTOGRAM_ARBITER_FSM_0/inst/filling_fsm/bram_din_reg[8]/G is not reached by a timing clock
Related violations: <none>

TIMING-20#177 Warning
Non-clocked latch  
The latch signal_generator_i/histo_0/inst/HISTOGRAM_ARBITER_FSM_0/inst/filling_fsm/bram_din_reg[9] cannot be properly analyzed as its control pin signal_generator_i/histo_0/inst/HISTOGRAM_ARBITER_FSM_0/inst/filling_fsm/bram_din_reg[9]/G is not reached by a timing clock
Related violations: <none>

TIMING-20#178 Warning
Non-clocked latch  
The latch signal_generator_i/histo_0/inst/HISTOGRAM_ARBITER_FSM_0/inst/filling_fsm/bram_we_reg cannot be properly analyzed as its control pin signal_generator_i/histo_0/inst/HISTOGRAM_ARBITER_FSM_0/inst/filling_fsm/bram_we_reg/G is not reached by a timing clock
Related violations: <none>

ULMTCS-1#1 Warning
Control Sets use limits recommend reduction  
This design uses 1547 control sets (vs. available limit of 13300, determined by 1 control set per CLB). This exceeds the control set use guideline of 7.5 percent. This is at a level where reduction is RECOMMENDED (see UG949). Use report_control_sets to get more details.
Related violations: <none>

XDCB-5#1 Warning
Runtime inefficient way to find pin objects  
The option '-from : [get_pins -hierarchical -filter {NAME =~ *ila_core_inst/u_trig/N_DDR_TC.N_DDR_TC_INST[*].U_TC/allx_typeA_match_detection.ltlib_v1_0_2_allx_typeA_inst/DUT/u_srl_drive/CLK}]' of constraint 'set_false_path' uses inefficient query to find pin objects (see constraint position '106' in the Timing Constraint window in Vivado IDE). To reduce runtime, it is recommended to get the pins through the cell objects. Please refer to Using Constraints Guide (Constraints Efficiency). An example of optimal query is: get_pins -filter {REF_PIN_NAME=~yy*} -of_objects [get_cells -hierarchical xx*].
Current XDC: c:/Users/marce/OneDrive/Dokumente/zynq_project/photonsorting/sg_stream/sg_stream.gen/sources_1/bd/signal_generator/ip/signal_generator_histo_0_0/src/histo_ila_sorter_0/ila_v6_2/constraints/ila.xdc (Line: 72)
Related violations: <none>

XDCB-5#2 Warning
Runtime inefficient way to find pin objects  
The option '-from : [get_pins -hierarchical -filter {NAME =~ *ila_core_inst/u_trig/N_DDR_TC.N_DDR_TC_INST[*].U_TC/allx_typeA_match_detection.ltlib_v1_0_2_allx_typeA_inst/DUT/u_srl_drive/CLK}]' of constraint 'set_false_path' uses inefficient query to find pin objects (see constraint position '162' in the Timing Constraint window in Vivado IDE). To reduce runtime, it is recommended to get the pins through the cell objects. Please refer to Using Constraints Guide (Constraints Efficiency). An example of optimal query is: get_pins -filter {REF_PIN_NAME=~yy*} -of_objects [get_cells -hierarchical xx*].
Current XDC: c:/Users/marce/OneDrive/Dokumente/zynq_project/photonsorting/sg_stream/sg_stream.gen/sources_1/bd/signal_generator/ip/signal_generator_ila_0_2/ila_v6_2/constraints/ila.xdc (Line: 72)
Related violations: <none>

XDCB-5#3 Warning
Runtime inefficient way to find pin objects  
The option '-from : [get_pins -hierarchical -filter {NAME =~ *ila_core_inst/u_trig/N_DDR_TC.N_DDR_TC_INST[*].U_TC/allx_typeA_match_detection.ltlib_v1_0_2_allx_typeA_inst/DUT/u_srl_drive/CLK}]' of constraint 'set_false_path' uses inefficient query to find pin objects (see constraint position '217' in the Timing Constraint window in Vivado IDE). To reduce runtime, it is recommended to get the pins through the cell objects. Please refer to Using Constraints Guide (Constraints Efficiency). An example of optimal query is: get_pins -filter {REF_PIN_NAME=~yy*} -of_objects [get_cells -hierarchical xx*].
Current XDC: c:/Users/marce/OneDrive/Dokumente/zynq_project/photonsorting/sg_stream/sg_stream.gen/sources_1/bd/signal_generator/ip/signal_generator_laser_0_0/src/laser_ila_0_1/ila_v6_2/constraints/ila.xdc (Line: 72)
Related violations: <none>

XDCB-5#4 Warning
Runtime inefficient way to find pin objects  
The option '-from : [get_pins -hierarchical -filter {NAME =~ *ila_core_inst/u_trig/N_DDR_TC.N_DDR_TC_INST[*].U_TC/allx_typeA_match_detection.ltlib_v1_0_2_allx_typeA_inst/DUT/u_srl_drive/CLK}]' of constraint 'set_false_path' uses inefficient query to find pin objects (see constraint position '274' in the Timing Constraint window in Vivado IDE). To reduce runtime, it is recommended to get the pins through the cell objects. Please refer to Using Constraints Guide (Constraints Efficiency). An example of optimal query is: get_pins -filter {REF_PIN_NAME=~yy*} -of_objects [get_cells -hierarchical xx*].
Current XDC: c:/Users/marce/OneDrive/Dokumente/zynq_project/photonsorting/sg_stream/sg_stream.gen/sources_1/bd/signal_generator/ip/signal_generator_ila_0_5/ila_v6_2/constraints/ila.xdc (Line: 72)
Related violations: <none>

XDCB-5#5 Warning
Runtime inefficient way to find pin objects  
The option '-from : [get_pins -hierarchical -filter {NAME =~ *ila_core_inst/u_trig/N_DDR_TC.N_DDR_TC_INST[*].U_TC/allx_typeA_match_detection.ltlib_v1_0_2_allx_typeA_inst/DUT/u_srl_drive/CLK}]' of constraint 'set_false_path' uses inefficient query to find pin objects (see constraint position '336' in the Timing Constraint window in Vivado IDE). To reduce runtime, it is recommended to get the pins through the cell objects. Please refer to Using Constraints Guide (Constraints Efficiency). An example of optimal query is: get_pins -filter {REF_PIN_NAME=~yy*} -of_objects [get_cells -hierarchical xx*].
Current XDC: c:/Users/marce/OneDrive/Dokumente/zynq_project/photonsorting/sg_stream/sg_stream.gen/sources_1/bd/signal_generator/ip/signal_generator_ila_0_6/ila_v6_2/constraints/ila.xdc (Line: 72)
Related violations: <none>

XDCB-5#6 Warning
Runtime inefficient way to find pin objects  
The option '-from : [get_pins -hierarchical -filter {NAME =~ *ila_core_inst/u_trig/N_DDR_TC.N_DDR_TC_INST[*].U_TC/allx_typeA_match_detection.ltlib_v1_0_2_allx_typeA_inst/DUT/u_srl_drive/CLK}]' of constraint 'set_false_path' uses inefficient query to find pin objects (see constraint position '400' in the Timing Constraint window in Vivado IDE). To reduce runtime, it is recommended to get the pins through the cell objects. Please refer to Using Constraints Guide (Constraints Efficiency). An example of optimal query is: get_pins -filter {REF_PIN_NAME=~yy*} -of_objects [get_cells -hierarchical xx*].
Current XDC: c:/Users/marce/OneDrive/Dokumente/zynq_project/photonsorting/sg_stream/sg_stream.gen/sources_1/bd/signal_generator/ip/signal_generator_ila_0_7/ila_v6_2/constraints/ila.xdc (Line: 72)
Related violations: <none>

XDCB-5#7 Warning
Runtime inefficient way to find pin objects  
The option '-from : [get_pins -hierarchical -filter {NAME =~ *ila_core_inst/u_trig/N_DDR_TC.N_DDR_TC_INST[*].U_TC/allx_typeA_match_detection.ltlib_v1_0_2_allx_typeA_inst/DUT/u_srl_drive/CLK}]' of constraint 'set_false_path' uses inefficient query to find pin objects (see constraint position '42' in the Timing Constraint window in Vivado IDE). To reduce runtime, it is recommended to get the pins through the cell objects. Please refer to Using Constraints Guide (Constraints Efficiency). An example of optimal query is: get_pins -filter {REF_PIN_NAME=~yy*} -of_objects [get_cells -hierarchical xx*].
Current XDC: c:/Users/marce/OneDrive/Dokumente/zynq_project/photonsorting/sg_stream/sg_stream.gen/sources_1/bd/signal_generator/ip/signal_generator_LVDS_to_AXIS_0_0/src/LVDS_to_AXIS_ila_0_0/ila_v6_2/constraints/ila.xdc (Line: 72)
Related violations: <none>

XDCB-5#8 Warning
Runtime inefficient way to find pin objects  
The option '-from : [get_pins -hierarchical -filter {NAME =~ *ila_core_inst/u_trig/N_DDR_TC.N_DDR_TC_INST[*].U_TC/allx_typeA_match_detection.ltlib_v1_0_2_allx_typeA_inst/DUT/u_srl_drive/CLK}]' of constraint 'set_false_path' uses inefficient query to find pin objects (see constraint position '464' in the Timing Constraint window in Vivado IDE). To reduce runtime, it is recommended to get the pins through the cell objects. Please refer to Using Constraints Guide (Constraints Efficiency). An example of optimal query is: get_pins -filter {REF_PIN_NAME=~yy*} -of_objects [get_cells -hierarchical xx*].
Current XDC: c:/Users/marce/OneDrive/Dokumente/zynq_project/photonsorting/sg_stream/sg_stream.gen/sources_1/bd/signal_generator/ip/signal_generator_ila_0_8/ila_v6_2/constraints/ila.xdc (Line: 72)
Related violations: <none>

XDCB-5#9 Warning
Runtime inefficient way to find pin objects  
The option '-from : [get_pins -hierarchical -filter {NAME =~ *pixel_clk*}]' of constraint 'set_false_path' uses inefficient query to find pin objects (see constraint position '490' in the Timing Constraint window in Vivado IDE). To reduce runtime, it is recommended to get the pins through the cell objects. Please refer to Using Constraints Guide (Constraints Efficiency). An example of optimal query is: get_pins -filter {REF_PIN_NAME=~yy*} -of_objects [get_cells -hierarchical xx*].
Current XDC: C:/Users/marce/OneDrive/Dokumente/zynq_project/photonsorting/sg_stream/sg_stream.srcs/constrs_1/new/timing.xdc (Line: 10)
Related violations: <none>

XDCB-5#10 Warning
Runtime inefficient way to find pin objects  
The option '-from : [get_pins -hierarchical -filter {NAME =~ *rst_ps7_0_100M*}]' of constraint 'set_false_path' uses inefficient query to find pin objects (see constraint position '489' in the Timing Constraint window in Vivado IDE). To reduce runtime, it is recommended to get the pins through the cell objects. Please refer to Using Constraints Guide (Constraints Efficiency). An example of optimal query is: get_pins -filter {REF_PIN_NAME=~yy*} -of_objects [get_cells -hierarchical xx*].
Current XDC: C:/Users/marce/OneDrive/Dokumente/zynq_project/photonsorting/sg_stream/sg_stream.srcs/constrs_1/new/timing.xdc (Line: 8)
Related violations: <none>

XDCB-5#11 Warning
Runtime inefficient way to find pin objects  
The option '-from : [get_pins -hierarchical -filter {NAME =~ *signal_generator_i/axi_gpio_0*}]' of constraint 'set_false_path' uses inefficient query to find pin objects (see constraint position '488' in the Timing Constraint window in Vivado IDE). To reduce runtime, it is recommended to get the pins through the cell objects. Please refer to Using Constraints Guide (Constraints Efficiency). An example of optimal query is: get_pins -filter {REF_PIN_NAME=~yy*} -of_objects [get_cells -hierarchical xx*].
Current XDC: C:/Users/marce/OneDrive/Dokumente/zynq_project/photonsorting/sg_stream/sg_stream.srcs/constrs_1/new/timing.xdc (Line: 6)
Related violations: <none>

XDCB-5#12 Warning
Runtime inefficient way to find pin objects  
The option '-to : [get_pins -hierarchical -filter {NAME =~ *ila_core_inst/u_trig/N_DDR_TC.N_DDR_TC_INST[*].U_TC/yes_output_reg.dout_reg_reg/D}]' of constraint 'set_false_path' uses inefficient query to find pin objects (see constraint position '106' in the Timing Constraint window in Vivado IDE). To reduce runtime, it is recommended to get the pins through the cell objects. Please refer to Using Constraints Guide (Constraints Efficiency). An example of optimal query is: get_pins -filter {REF_PIN_NAME=~yy*} -of_objects [get_cells -hierarchical xx*].
Current XDC: c:/Users/marce/OneDrive/Dokumente/zynq_project/photonsorting/sg_stream/sg_stream.gen/sources_1/bd/signal_generator/ip/signal_generator_histo_0_0/src/histo_ila_sorter_0/ila_v6_2/constraints/ila.xdc (Line: 72)
Related violations: <none>

XDCB-5#13 Warning
Runtime inefficient way to find pin objects  
The option '-to : [get_pins -hierarchical -filter {NAME =~ *ila_core_inst/u_trig/N_DDR_TC.N_DDR_TC_INST[*].U_TC/yes_output_reg.dout_reg_reg/D}]' of constraint 'set_false_path' uses inefficient query to find pin objects (see constraint position '162' in the Timing Constraint window in Vivado IDE). To reduce runtime, it is recommended to get the pins through the cell objects. Please refer to Using Constraints Guide (Constraints Efficiency). An example of optimal query is: get_pins -filter {REF_PIN_NAME=~yy*} -of_objects [get_cells -hierarchical xx*].
Current XDC: c:/Users/marce/OneDrive/Dokumente/zynq_project/photonsorting/sg_stream/sg_stream.gen/sources_1/bd/signal_generator/ip/signal_generator_ila_0_2/ila_v6_2/constraints/ila.xdc (Line: 72)
Related violations: <none>

XDCB-5#14 Warning
Runtime inefficient way to find pin objects  
The option '-to : [get_pins -hierarchical -filter {NAME =~ *ila_core_inst/u_trig/N_DDR_TC.N_DDR_TC_INST[*].U_TC/yes_output_reg.dout_reg_reg/D}]' of constraint 'set_false_path' uses inefficient query to find pin objects (see constraint position '217' in the Timing Constraint window in Vivado IDE). To reduce runtime, it is recommended to get the pins through the cell objects. Please refer to Using Constraints Guide (Constraints Efficiency). An example of optimal query is: get_pins -filter {REF_PIN_NAME=~yy*} -of_objects [get_cells -hierarchical xx*].
Current XDC: c:/Users/marce/OneDrive/Dokumente/zynq_project/photonsorting/sg_stream/sg_stream.gen/sources_1/bd/signal_generator/ip/signal_generator_laser_0_0/src/laser_ila_0_1/ila_v6_2/constraints/ila.xdc (Line: 72)
Related violations: <none>

XDCB-5#15 Warning
Runtime inefficient way to find pin objects  
The option '-to : [get_pins -hierarchical -filter {NAME =~ *ila_core_inst/u_trig/N_DDR_TC.N_DDR_TC_INST[*].U_TC/yes_output_reg.dout_reg_reg/D}]' of constraint 'set_false_path' uses inefficient query to find pin objects (see constraint position '274' in the Timing Constraint window in Vivado IDE). To reduce runtime, it is recommended to get the pins through the cell objects. Please refer to Using Constraints Guide (Constraints Efficiency). An example of optimal query is: get_pins -filter {REF_PIN_NAME=~yy*} -of_objects [get_cells -hierarchical xx*].
Current XDC: c:/Users/marce/OneDrive/Dokumente/zynq_project/photonsorting/sg_stream/sg_stream.gen/sources_1/bd/signal_generator/ip/signal_generator_ila_0_5/ila_v6_2/constraints/ila.xdc (Line: 72)
Related violations: <none>

XDCB-5#16 Warning
Runtime inefficient way to find pin objects  
The option '-to : [get_pins -hierarchical -filter {NAME =~ *ila_core_inst/u_trig/N_DDR_TC.N_DDR_TC_INST[*].U_TC/yes_output_reg.dout_reg_reg/D}]' of constraint 'set_false_path' uses inefficient query to find pin objects (see constraint position '336' in the Timing Constraint window in Vivado IDE). To reduce runtime, it is recommended to get the pins through the cell objects. Please refer to Using Constraints Guide (Constraints Efficiency). An example of optimal query is: get_pins -filter {REF_PIN_NAME=~yy*} -of_objects [get_cells -hierarchical xx*].
Current XDC: c:/Users/marce/OneDrive/Dokumente/zynq_project/photonsorting/sg_stream/sg_stream.gen/sources_1/bd/signal_generator/ip/signal_generator_ila_0_6/ila_v6_2/constraints/ila.xdc (Line: 72)
Related violations: <none>

XDCB-5#17 Warning
Runtime inefficient way to find pin objects  
The option '-to : [get_pins -hierarchical -filter {NAME =~ *ila_core_inst/u_trig/N_DDR_TC.N_DDR_TC_INST[*].U_TC/yes_output_reg.dout_reg_reg/D}]' of constraint 'set_false_path' uses inefficient query to find pin objects (see constraint position '400' in the Timing Constraint window in Vivado IDE). To reduce runtime, it is recommended to get the pins through the cell objects. Please refer to Using Constraints Guide (Constraints Efficiency). An example of optimal query is: get_pins -filter {REF_PIN_NAME=~yy*} -of_objects [get_cells -hierarchical xx*].
Current XDC: c:/Users/marce/OneDrive/Dokumente/zynq_project/photonsorting/sg_stream/sg_stream.gen/sources_1/bd/signal_generator/ip/signal_generator_ila_0_7/ila_v6_2/constraints/ila.xdc (Line: 72)
Related violations: <none>

XDCB-5#18 Warning
Runtime inefficient way to find pin objects  
The option '-to : [get_pins -hierarchical -filter {NAME =~ *ila_core_inst/u_trig/N_DDR_TC.N_DDR_TC_INST[*].U_TC/yes_output_reg.dout_reg_reg/D}]' of constraint 'set_false_path' uses inefficient query to find pin objects (see constraint position '42' in the Timing Constraint window in Vivado IDE). To reduce runtime, it is recommended to get the pins through the cell objects. Please refer to Using Constraints Guide (Constraints Efficiency). An example of optimal query is: get_pins -filter {REF_PIN_NAME=~yy*} -of_objects [get_cells -hierarchical xx*].
Current XDC: c:/Users/marce/OneDrive/Dokumente/zynq_project/photonsorting/sg_stream/sg_stream.gen/sources_1/bd/signal_generator/ip/signal_generator_LVDS_to_AXIS_0_0/src/LVDS_to_AXIS_ila_0_0/ila_v6_2/constraints/ila.xdc (Line: 72)
Related violations: <none>

XDCB-5#19 Warning
Runtime inefficient way to find pin objects  
The option '-to : [get_pins -hierarchical -filter {NAME =~ *ila_core_inst/u_trig/N_DDR_TC.N_DDR_TC_INST[*].U_TC/yes_output_reg.dout_reg_reg/D}]' of constraint 'set_false_path' uses inefficient query to find pin objects (see constraint position '464' in the Timing Constraint window in Vivado IDE). To reduce runtime, it is recommended to get the pins through the cell objects. Please refer to Using Constraints Guide (Constraints Efficiency). An example of optimal query is: get_pins -filter {REF_PIN_NAME=~yy*} -of_objects [get_cells -hierarchical xx*].
Current XDC: c:/Users/marce/OneDrive/Dokumente/zynq_project/photonsorting/sg_stream/sg_stream.gen/sources_1/bd/signal_generator/ip/signal_generator_ila_0_8/ila_v6_2/constraints/ila.xdc (Line: 72)
Related violations: <none>

LATCH-1#1 Advisory
Existing latches in the design  
There are 178 latches found in the design. Inferred latches are often the result of HDL coding mistakes, such as incomplete if or case statements.
Related violations: <none>


