
*** Running vivado
    with args -log signal_generator_ila_0_7.vds -m64 -product Vivado -mode batch -messageDb vivado.pb -notrace -source signal_generator_ila_0_7.tcl



****** Vivado v2024.2 (64-bit)
  **** SW Build 5239630 on Fri Nov 08 22:35:27 MST 2024
  **** IP Build 5239520 on Sun Nov 10 16:12:51 MST 2024
  **** SharedData Build 5239561 on Fri Nov 08 14:39:27 MST 2024
  **** Start of session at: Mon Feb 23 17:30:10 2026
    ** Copyright 1986-2022 Xilinx, Inc. All Rights Reserved.
    ** Copyright 2022-2024 Advanced Micro Devices, Inc. All Rights Reserved.

source signal_generator_ila_0_7.tcl -notrace
WARNING: [Common 17-1361] You have specified a new message control rule that is equivalent to an existing rule with attributes ' -id {17-179}  -suppress '. The existing rule will be replaced.
WARNING: [Common 17-1361] You have specified a new message control rule that is equivalent to an existing rule with attributes ' -id {17-179}  -suppress '. The existing rule will be replaced.
WARNING: [Common 17-1361] You have specified a new message control rule that is equivalent to an existing rule with attributes ' -id {17-179}  -suppress '. The existing rule will be replaced.
WARNING: [Common 17-1361] You have specified a new message control rule that is equivalent to an existing rule with attributes ' -id {17-179}  -suppress '. The existing rule will be replaced.
create_project: Time (s): cpu = 00:00:05 ; elapsed = 00:00:05 . Memory (MB): peak = 389.312 ; gain = 87.719
INFO: [IP_Flow 19-234] Refreshing IP repositories
INFO: [IP_Flow 19-1700] Loaded user IP repository 'c:/Users/marce/OneDrive/Dokumente/zynq_project/LVDS/IP/DDR_Fabric_2_always_debug'.
INFO: [IP_Flow 19-1700] Loaded user IP repository 'c:/Users/marce/OneDrive/Dokumente/zynq_project/photonsorting/IP/barrel_histo'.
INFO: [IP_Flow 19-1700] Loaded user IP repository 'c:/Users/marce/OneDrive/Dokumente/zynq_project/LVDS/IP/DDR_Fabric'.
INFO: [IP_Flow 19-1700] Loaded user IP repository 'c:/Users/marce/OneDrive/Dokumente/zynq_project/LVDS/IP/DDR_LVDS_Fabric_IP'.
INFO: [IP_Flow 19-1700] Loaded user IP repository 'c:/Users/marce/OneDrive/Dokumente/zynq_project/ip/laser_emulator'.
INFO: [IP_Flow 19-1700] Loaded user IP repository 'c:/Users/marce/OneDrive/Dokumente/zynq_project/photonsorting/IP/histo_stream'.
INFO: [IP_Flow 19-1700] Loaded user IP repository 'c:/Users/marce/OneDrive/Dokumente/zynq_project/ip/laser_emulator_xxl'.
INFO: [IP_Flow 19-2313] Loaded Vivado IP repository 'C:/Xilinx/Vivado/2024.2/data/ip'.
WARNING: [IP_Flow 19-4995] The host OS only allows 260 characters in a normal path. The IP cache path is more than 80 characters. If you experience issues with IP caching, please consider changing the IP cache to a location with a shorter path. Alternately consider using the OS subst command to map part of the path to a drive letter. 
Current IP cache path is c:/Users/marce/OneDrive/Dokumente/zynq_project/photonsorting/sg_stream/sg_stream.cache/ip 
INFO: [IP_Flow 19-6924] IPCACHE: Running cache check for IP inst: signal_generator_ila_0_7
Command: synth_design -top signal_generator_ila_0_7 -part xc7z020clg484-1 -incremental_mode off -mode out_of_context
Starting synth_design
Attempting to get a license for feature 'Synthesis' and/or device 'xc7z020'
INFO: [Common 17-349] Got license for feature 'Synthesis' and/or device 'xc7z020'
INFO: [Device 21-403] Loading part xc7z020clg484-1
INFO: [Synth 8-7079] Multithreading enabled for synth_design using a maximum of 2 processes.
INFO: [Synth 8-7078] Launching helper process for spawning children vivado processes
WARNING: [Common 17-1361] You have specified a new message control rule that is equivalent to an existing rule with attributes ' -id {17-179}  -suppress '. The existing rule will be replaced.
INFO: [Synth 8-7075] Helper process launched with PID 22836
---------------------------------------------------------------------------------
Starting RTL Elaboration : Time (s): cpu = 00:00:22 ; elapsed = 00:00:25 . Memory (MB): peak = 1130.730 ; gain = 466.152
---------------------------------------------------------------------------------
INFO: [Synth 8-11241] undeclared symbol 'tms_int', assumed default net type 'wire' [c:/Users/marce/OneDrive/Dokumente/zynq_project/photonsorting/sg_stream/sg_stream.gen/sources_1/bd/signal_generator/ipshared/52c0/hdl/verilog/xsdbm_v3_0_3_bs_core_ext.vh:30]
INFO: [Synth 8-11241] undeclared symbol 'runtest_int', assumed default net type 'wire' [c:/Users/marce/OneDrive/Dokumente/zynq_project/photonsorting/sg_stream/sg_stream.gen/sources_1/bd/signal_generator/ipshared/52c0/hdl/verilog/xsdbm_v3_0_3_bs_core_ext.vh:32]
INFO: [Synth 8-11241] undeclared symbol 'tms_int', assumed default net type 'wire' [c:/Users/marce/OneDrive/Dokumente/zynq_project/photonsorting/sg_stream/sg_stream.gen/sources_1/bd/signal_generator/ipshared/52c0/hdl/verilog/xsdbm_v3_0_3_bs_core_ext.vh:69]
INFO: [Synth 8-11241] undeclared symbol 'runtest_int', assumed default net type 'wire' [c:/Users/marce/OneDrive/Dokumente/zynq_project/photonsorting/sg_stream/sg_stream.gen/sources_1/bd/signal_generator/ipshared/52c0/hdl/verilog/xsdbm_v3_0_3_bs_core_ext.vh:71]
INFO: [Synth 8-11241] undeclared symbol 'tms_int', assumed default net type 'wire' [c:/Users/marce/OneDrive/Dokumente/zynq_project/photonsorting/sg_stream/sg_stream.gen/sources_1/bd/signal_generator/ipshared/52c0/hdl/verilog/xsdbm_v3_0_3_bs_core_ext.vh:109]
INFO: [Synth 8-11241] undeclared symbol 'runtest_int', assumed default net type 'wire' [c:/Users/marce/OneDrive/Dokumente/zynq_project/photonsorting/sg_stream/sg_stream.gen/sources_1/bd/signal_generator/ipshared/52c0/hdl/verilog/xsdbm_v3_0_3_bs_core_ext.vh:111]
INFO: [Synth 8-11241] undeclared symbol 'tms_int', assumed default net type 'wire' [c:/Users/marce/OneDrive/Dokumente/zynq_project/photonsorting/sg_stream/sg_stream.gen/sources_1/bd/signal_generator/ipshared/52c0/hdl/verilog/xsdbm_v3_0_3_bs_core_ext.vh:150]
INFO: [Synth 8-11241] undeclared symbol 'runtest_int', assumed default net type 'wire' [c:/Users/marce/OneDrive/Dokumente/zynq_project/photonsorting/sg_stream/sg_stream.gen/sources_1/bd/signal_generator/ipshared/52c0/hdl/verilog/xsdbm_v3_0_3_bs_core_ext.vh:152]
INFO: [Synth 8-11241] undeclared symbol 'tms_int', assumed default net type 'wire' [c:/Users/marce/OneDrive/Dokumente/zynq_project/photonsorting/sg_stream/sg_stream.gen/sources_1/bd/signal_generator/ipshared/52c0/hdl/verilog/xsdbm_v3_0_3_bs_core_ext.vh:192]
INFO: [Synth 8-11241] undeclared symbol 'runtest_int', assumed default net type 'wire' [c:/Users/marce/OneDrive/Dokumente/zynq_project/photonsorting/sg_stream/sg_stream.gen/sources_1/bd/signal_generator/ipshared/52c0/hdl/verilog/xsdbm_v3_0_3_bs_core_ext.vh:194]
INFO: [Synth 8-11241] undeclared symbol 'tms_int', assumed default net type 'wire' [c:/Users/marce/OneDrive/Dokumente/zynq_project/photonsorting/sg_stream/sg_stream.gen/sources_1/bd/signal_generator/ipshared/52c0/hdl/verilog/xsdbm_v3_0_3_bs_core_ext.vh:235]
INFO: [Synth 8-11241] undeclared symbol 'runtest_int', assumed default net type 'wire' [c:/Users/marce/OneDrive/Dokumente/zynq_project/photonsorting/sg_stream/sg_stream.gen/sources_1/bd/signal_generator/ipshared/52c0/hdl/verilog/xsdbm_v3_0_3_bs_core_ext.vh:237]
INFO: [Synth 8-11241] undeclared symbol 'tms_int', assumed default net type 'wire' [c:/Users/marce/OneDrive/Dokumente/zynq_project/photonsorting/sg_stream/sg_stream.gen/sources_1/bd/signal_generator/ipshared/52c0/hdl/verilog/xsdbm_v3_0_3_bs_core_ext.vh:279]
INFO: [Synth 8-11241] undeclared symbol 'runtest_int', assumed default net type 'wire' [c:/Users/marce/OneDrive/Dokumente/zynq_project/photonsorting/sg_stream/sg_stream.gen/sources_1/bd/signal_generator/ipshared/52c0/hdl/verilog/xsdbm_v3_0_3_bs_core_ext.vh:281]
INFO: [Synth 8-11241] undeclared symbol 'tms_int', assumed default net type 'wire' [c:/Users/marce/OneDrive/Dokumente/zynq_project/photonsorting/sg_stream/sg_stream.gen/sources_1/bd/signal_generator/ipshared/52c0/hdl/verilog/xsdbm_v3_0_3_bs_core_ext.vh:324]
INFO: [Synth 8-11241] undeclared symbol 'runtest_int', assumed default net type 'wire' [c:/Users/marce/OneDrive/Dokumente/zynq_project/photonsorting/sg_stream/sg_stream.gen/sources_1/bd/signal_generator/ipshared/52c0/hdl/verilog/xsdbm_v3_0_3_bs_core_ext.vh:326]
INFO: [Synth 8-11241] undeclared symbol 'tms_int', assumed default net type 'wire' [c:/Users/marce/OneDrive/Dokumente/zynq_project/photonsorting/sg_stream/sg_stream.gen/sources_1/bd/signal_generator/ipshared/52c0/hdl/verilog/xsdbm_v3_0_3_bs_core_ext.vh:370]
INFO: [Synth 8-11241] undeclared symbol 'runtest_int', assumed default net type 'wire' [c:/Users/marce/OneDrive/Dokumente/zynq_project/photonsorting/sg_stream/sg_stream.gen/sources_1/bd/signal_generator/ipshared/52c0/hdl/verilog/xsdbm_v3_0_3_bs_core_ext.vh:372]
INFO: [Synth 8-11241] undeclared symbol 'tms_int', assumed default net type 'wire' [c:/Users/marce/OneDrive/Dokumente/zynq_project/photonsorting/sg_stream/sg_stream.gen/sources_1/bd/signal_generator/ipshared/52c0/hdl/verilog/xsdbm_v3_0_3_bs_core_ext.vh:417]
INFO: [Synth 8-11241] undeclared symbol 'runtest_int', assumed default net type 'wire' [c:/Users/marce/OneDrive/Dokumente/zynq_project/photonsorting/sg_stream/sg_stream.gen/sources_1/bd/signal_generator/ipshared/52c0/hdl/verilog/xsdbm_v3_0_3_bs_core_ext.vh:419]
INFO: [Synth 8-11241] undeclared symbol 'tms_int', assumed default net type 'wire' [c:/Users/marce/OneDrive/Dokumente/zynq_project/photonsorting/sg_stream/sg_stream.gen/sources_1/bd/signal_generator/ipshared/52c0/hdl/verilog/xsdbm_v3_0_3_bs_core_ext.vh:465]
INFO: [Synth 8-11241] undeclared symbol 'runtest_int', assumed default net type 'wire' [c:/Users/marce/OneDrive/Dokumente/zynq_project/photonsorting/sg_stream/sg_stream.gen/sources_1/bd/signal_generator/ipshared/52c0/hdl/verilog/xsdbm_v3_0_3_bs_core_ext.vh:467]
INFO: [Synth 8-11241] undeclared symbol 'tms_int', assumed default net type 'wire' [c:/Users/marce/OneDrive/Dokumente/zynq_project/photonsorting/sg_stream/sg_stream.gen/sources_1/bd/signal_generator/ipshared/52c0/hdl/verilog/xsdbm_v3_0_3_bs_core_ext.vh:514]
INFO: [Synth 8-11241] undeclared symbol 'runtest_int', assumed default net type 'wire' [c:/Users/marce/OneDrive/Dokumente/zynq_project/photonsorting/sg_stream/sg_stream.gen/sources_1/bd/signal_generator/ipshared/52c0/hdl/verilog/xsdbm_v3_0_3_bs_core_ext.vh:516]
INFO: [Synth 8-11241] undeclared symbol 'tms_int', assumed default net type 'wire' [c:/Users/marce/OneDrive/Dokumente/zynq_project/photonsorting/sg_stream/sg_stream.gen/sources_1/bd/signal_generator/ipshared/52c0/hdl/verilog/xsdbm_v3_0_3_bs_core_ext.vh:564]
INFO: [Synth 8-11241] undeclared symbol 'runtest_int', assumed default net type 'wire' [c:/Users/marce/OneDrive/Dokumente/zynq_project/photonsorting/sg_stream/sg_stream.gen/sources_1/bd/signal_generator/ipshared/52c0/hdl/verilog/xsdbm_v3_0_3_bs_core_ext.vh:566]
INFO: [Synth 8-11241] undeclared symbol 'tms_int', assumed default net type 'wire' [c:/Users/marce/OneDrive/Dokumente/zynq_project/photonsorting/sg_stream/sg_stream.gen/sources_1/bd/signal_generator/ipshared/52c0/hdl/verilog/xsdbm_v3_0_3_bs_core_ext.vh:615]
INFO: [Synth 8-11241] undeclared symbol 'runtest_int', assumed default net type 'wire' [c:/Users/marce/OneDrive/Dokumente/zynq_project/photonsorting/sg_stream/sg_stream.gen/sources_1/bd/signal_generator/ipshared/52c0/hdl/verilog/xsdbm_v3_0_3_bs_core_ext.vh:617]
INFO: [Synth 8-11241] undeclared symbol 'tms_int', assumed default net type 'wire' [c:/Users/marce/OneDrive/Dokumente/zynq_project/photonsorting/sg_stream/sg_stream.gen/sources_1/bd/signal_generator/ipshared/52c0/hdl/verilog/xsdbm_v3_0_3_bs_core.vh:30]
INFO: [Synth 8-11241] undeclared symbol 'runtest_int', assumed default net type 'wire' [c:/Users/marce/OneDrive/Dokumente/zynq_project/photonsorting/sg_stream/sg_stream.gen/sources_1/bd/signal_generator/ipshared/52c0/hdl/verilog/xsdbm_v3_0_3_bs_core.vh:32]
INFO: [Synth 8-11241] undeclared symbol 'tms_int', assumed default net type 'wire' [c:/Users/marce/OneDrive/Dokumente/zynq_project/photonsorting/sg_stream/sg_stream.gen/sources_1/bd/signal_generator/ipshared/52c0/hdl/verilog/xsdbm_v3_0_3_bs_core.vh:69]
INFO: [Synth 8-11241] undeclared symbol 'runtest_int', assumed default net type 'wire' [c:/Users/marce/OneDrive/Dokumente/zynq_project/photonsorting/sg_stream/sg_stream.gen/sources_1/bd/signal_generator/ipshared/52c0/hdl/verilog/xsdbm_v3_0_3_bs_core.vh:71]
INFO: [Synth 8-11241] undeclared symbol 'tms_int', assumed default net type 'wire' [c:/Users/marce/OneDrive/Dokumente/zynq_project/photonsorting/sg_stream/sg_stream.gen/sources_1/bd/signal_generator/ipshared/52c0/hdl/verilog/xsdbm_v3_0_3_bs_core.vh:109]
INFO: [Synth 8-11241] undeclared symbol 'runtest_int', assumed default net type 'wire' [c:/Users/marce/OneDrive/Dokumente/zynq_project/photonsorting/sg_stream/sg_stream.gen/sources_1/bd/signal_generator/ipshared/52c0/hdl/verilog/xsdbm_v3_0_3_bs_core.vh:111]
INFO: [Synth 8-11241] undeclared symbol 'tms_int', assumed default net type 'wire' [c:/Users/marce/OneDrive/Dokumente/zynq_project/photonsorting/sg_stream/sg_stream.gen/sources_1/bd/signal_generator/ipshared/52c0/hdl/verilog/xsdbm_v3_0_3_bs_core.vh:150]
INFO: [Synth 8-11241] undeclared symbol 'runtest_int', assumed default net type 'wire' [c:/Users/marce/OneDrive/Dokumente/zynq_project/photonsorting/sg_stream/sg_stream.gen/sources_1/bd/signal_generator/ipshared/52c0/hdl/verilog/xsdbm_v3_0_3_bs_core.vh:152]
INFO: [Synth 8-11241] undeclared symbol 'tms_int', assumed default net type 'wire' [c:/Users/marce/OneDrive/Dokumente/zynq_project/photonsorting/sg_stream/sg_stream.gen/sources_1/bd/signal_generator/ipshared/52c0/hdl/verilog/xsdbm_v3_0_3_bs_core.vh:192]
INFO: [Synth 8-11241] undeclared symbol 'runtest_int', assumed default net type 'wire' [c:/Users/marce/OneDrive/Dokumente/zynq_project/photonsorting/sg_stream/sg_stream.gen/sources_1/bd/signal_generator/ipshared/52c0/hdl/verilog/xsdbm_v3_0_3_bs_core.vh:194]
INFO: [Synth 8-11241] undeclared symbol 'tms_int', assumed default net type 'wire' [c:/Users/marce/OneDrive/Dokumente/zynq_project/photonsorting/sg_stream/sg_stream.gen/sources_1/bd/signal_generator/ipshared/52c0/hdl/verilog/xsdbm_v3_0_3_bs_core.vh:235]
INFO: [Synth 8-11241] undeclared symbol 'runtest_int', assumed default net type 'wire' [c:/Users/marce/OneDrive/Dokumente/zynq_project/photonsorting/sg_stream/sg_stream.gen/sources_1/bd/signal_generator/ipshared/52c0/hdl/verilog/xsdbm_v3_0_3_bs_core.vh:237]
INFO: [Synth 8-11241] undeclared symbol 'tms_int', assumed default net type 'wire' [c:/Users/marce/OneDrive/Dokumente/zynq_project/photonsorting/sg_stream/sg_stream.gen/sources_1/bd/signal_generator/ipshared/52c0/hdl/verilog/xsdbm_v3_0_3_bs_core.vh:279]
INFO: [Synth 8-11241] undeclared symbol 'runtest_int', assumed default net type 'wire' [c:/Users/marce/OneDrive/Dokumente/zynq_project/photonsorting/sg_stream/sg_stream.gen/sources_1/bd/signal_generator/ipshared/52c0/hdl/verilog/xsdbm_v3_0_3_bs_core.vh:281]
INFO: [Synth 8-11241] undeclared symbol 'tms_int', assumed default net type 'wire' [c:/Users/marce/OneDrive/Dokumente/zynq_project/photonsorting/sg_stream/sg_stream.gen/sources_1/bd/signal_generator/ipshared/52c0/hdl/verilog/xsdbm_v3_0_3_bs_core.vh:324]
INFO: [Synth 8-11241] undeclared symbol 'runtest_int', assumed default net type 'wire' [c:/Users/marce/OneDrive/Dokumente/zynq_project/photonsorting/sg_stream/sg_stream.gen/sources_1/bd/signal_generator/ipshared/52c0/hdl/verilog/xsdbm_v3_0_3_bs_core.vh:326]
INFO: [Synth 8-11241] undeclared symbol 'tms_int', assumed default net type 'wire' [c:/Users/marce/OneDrive/Dokumente/zynq_project/photonsorting/sg_stream/sg_stream.gen/sources_1/bd/signal_generator/ipshared/52c0/hdl/verilog/xsdbm_v3_0_3_bs_core.vh:370]
INFO: [Synth 8-11241] undeclared symbol 'runtest_int', assumed default net type 'wire' [c:/Users/marce/OneDrive/Dokumente/zynq_project/photonsorting/sg_stream/sg_stream.gen/sources_1/bd/signal_generator/ipshared/52c0/hdl/verilog/xsdbm_v3_0_3_bs_core.vh:372]
INFO: [Synth 8-11241] undeclared symbol 'tms_int', assumed default net type 'wire' [c:/Users/marce/OneDrive/Dokumente/zynq_project/photonsorting/sg_stream/sg_stream.gen/sources_1/bd/signal_generator/ipshared/52c0/hdl/verilog/xsdbm_v3_0_3_bs_core.vh:417]
INFO: [Synth 8-11241] undeclared symbol 'runtest_int', assumed default net type 'wire' [c:/Users/marce/OneDrive/Dokumente/zynq_project/photonsorting/sg_stream/sg_stream.gen/sources_1/bd/signal_generator/ipshared/52c0/hdl/verilog/xsdbm_v3_0_3_bs_core.vh:419]
INFO: [Synth 8-11241] undeclared symbol 'tms_int', assumed default net type 'wire' [c:/Users/marce/OneDrive/Dokumente/zynq_project/photonsorting/sg_stream/sg_stream.gen/sources_1/bd/signal_generator/ipshared/52c0/hdl/verilog/xsdbm_v3_0_3_bs_core.vh:465]
INFO: [Synth 8-11241] undeclared symbol 'runtest_int', assumed default net type 'wire' [c:/Users/marce/OneDrive/Dokumente/zynq_project/photonsorting/sg_stream/sg_stream.gen/sources_1/bd/signal_generator/ipshared/52c0/hdl/verilog/xsdbm_v3_0_3_bs_core.vh:467]
INFO: [Synth 8-11241] undeclared symbol 'tms_int', assumed default net type 'wire' [c:/Users/marce/OneDrive/Dokumente/zynq_project/photonsorting/sg_stream/sg_stream.gen/sources_1/bd/signal_generator/ipshared/52c0/hdl/verilog/xsdbm_v3_0_3_bs_core.vh:514]
INFO: [Synth 8-11241] undeclared symbol 'runtest_int', assumed default net type 'wire' [c:/Users/marce/OneDrive/Dokumente/zynq_project/photonsorting/sg_stream/sg_stream.gen/sources_1/bd/signal_generator/ipshared/52c0/hdl/verilog/xsdbm_v3_0_3_bs_core.vh:516]
INFO: [Synth 8-11241] undeclared symbol 'tms_int', assumed default net type 'wire' [c:/Users/marce/OneDrive/Dokumente/zynq_project/photonsorting/sg_stream/sg_stream.gen/sources_1/bd/signal_generator/ipshared/52c0/hdl/verilog/xsdbm_v3_0_3_bs_core.vh:564]
INFO: [Synth 8-11241] undeclared symbol 'runtest_int', assumed default net type 'wire' [c:/Users/marce/OneDrive/Dokumente/zynq_project/photonsorting/sg_stream/sg_stream.gen/sources_1/bd/signal_generator/ipshared/52c0/hdl/verilog/xsdbm_v3_0_3_bs_core.vh:566]
INFO: [Synth 8-11241] undeclared symbol 'tms_int', assumed default net type 'wire' [c:/Users/marce/OneDrive/Dokumente/zynq_project/photonsorting/sg_stream/sg_stream.gen/sources_1/bd/signal_generator/ipshared/52c0/hdl/verilog/xsdbm_v3_0_3_bs_core.vh:615]
INFO: [Synth 8-11241] undeclared symbol 'runtest_int', assumed default net type 'wire' [c:/Users/marce/OneDrive/Dokumente/zynq_project/photonsorting/sg_stream/sg_stream.gen/sources_1/bd/signal_generator/ipshared/52c0/hdl/verilog/xsdbm_v3_0_3_bs_core.vh:617]
INFO: [Synth 8-11241] undeclared symbol 'tms_int', assumed default net type 'wire' [c:/Users/marce/OneDrive/Dokumente/zynq_project/photonsorting/sg_stream/sg_stream.gen/sources_1/bd/signal_generator/ipshared/52c0/hdl/verilog/xsdbm_v3_0_3_bs_core_vec.vh:30]
INFO: [Synth 8-11241] undeclared symbol 'runtest_int', assumed default net type 'wire' [c:/Users/marce/OneDrive/Dokumente/zynq_project/photonsorting/sg_stream/sg_stream.gen/sources_1/bd/signal_generator/ipshared/52c0/hdl/verilog/xsdbm_v3_0_3_bs_core_vec.vh:32]
INFO: [Synth 8-11241] undeclared symbol 'tms_int', assumed default net type 'wire' [c:/Users/marce/OneDrive/Dokumente/zynq_project/photonsorting/sg_stream/sg_stream.gen/sources_1/bd/signal_generator/ipshared/52c0/hdl/verilog/xsdbm_v3_0_3_bs_core_vec.vh:65]
INFO: [Synth 8-11241] undeclared symbol 'runtest_int', assumed default net type 'wire' [c:/Users/marce/OneDrive/Dokumente/zynq_project/photonsorting/sg_stream/sg_stream.gen/sources_1/bd/signal_generator/ipshared/52c0/hdl/verilog/xsdbm_v3_0_3_bs_core_vec.vh:67]
INFO: [Synth 8-11241] undeclared symbol 'tms_int', assumed default net type 'wire' [c:/Users/marce/OneDrive/Dokumente/zynq_project/photonsorting/sg_stream/sg_stream.gen/sources_1/bd/signal_generator/ipshared/52c0/hdl/verilog/xsdbm_v3_0_3_bs_core_vec.vh:100]
INFO: [Synth 8-11241] undeclared symbol 'runtest_int', assumed default net type 'wire' [c:/Users/marce/OneDrive/Dokumente/zynq_project/photonsorting/sg_stream/sg_stream.gen/sources_1/bd/signal_generator/ipshared/52c0/hdl/verilog/xsdbm_v3_0_3_bs_core_vec.vh:102]
INFO: [Synth 8-11241] undeclared symbol 'tms_int', assumed default net type 'wire' [c:/Users/marce/OneDrive/Dokumente/zynq_project/photonsorting/sg_stream/sg_stream.gen/sources_1/bd/signal_generator/ipshared/52c0/hdl/verilog/xsdbm_v3_0_3_bs_core_vec.vh:135]
INFO: [Synth 8-11241] undeclared symbol 'runtest_int', assumed default net type 'wire' [c:/Users/marce/OneDrive/Dokumente/zynq_project/photonsorting/sg_stream/sg_stream.gen/sources_1/bd/signal_generator/ipshared/52c0/hdl/verilog/xsdbm_v3_0_3_bs_core_vec.vh:137]
INFO: [Synth 8-11241] undeclared symbol 'tms_int', assumed default net type 'wire' [c:/Users/marce/OneDrive/Dokumente/zynq_project/photonsorting/sg_stream/sg_stream.gen/sources_1/bd/signal_generator/ipshared/52c0/hdl/verilog/xsdbm_v3_0_3_bs_core_vec.vh:170]
INFO: [Synth 8-11241] undeclared symbol 'runtest_int', assumed default net type 'wire' [c:/Users/marce/OneDrive/Dokumente/zynq_project/photonsorting/sg_stream/sg_stream.gen/sources_1/bd/signal_generator/ipshared/52c0/hdl/verilog/xsdbm_v3_0_3_bs_core_vec.vh:172]
INFO: [Synth 8-11241] undeclared symbol 'tms_int', assumed default net type 'wire' [c:/Users/marce/OneDrive/Dokumente/zynq_project/photonsorting/sg_stream/sg_stream.gen/sources_1/bd/signal_generator/ipshared/52c0/hdl/verilog/xsdbm_v3_0_3_bs_core_vec.vh:205]
INFO: [Synth 8-11241] undeclared symbol 'runtest_int', assumed default net type 'wire' [c:/Users/marce/OneDrive/Dokumente/zynq_project/photonsorting/sg_stream/sg_stream.gen/sources_1/bd/signal_generator/ipshared/52c0/hdl/verilog/xsdbm_v3_0_3_bs_core_vec.vh:207]
INFO: [Synth 8-11241] undeclared symbol 'tms_int', assumed default net type 'wire' [c:/Users/marce/OneDrive/Dokumente/zynq_project/photonsorting/sg_stream/sg_stream.gen/sources_1/bd/signal_generator/ipshared/52c0/hdl/verilog/xsdbm_v3_0_3_bs_core_vec.vh:240]
INFO: [Synth 8-11241] undeclared symbol 'runtest_int', assumed default net type 'wire' [c:/Users/marce/OneDrive/Dokumente/zynq_project/photonsorting/sg_stream/sg_stream.gen/sources_1/bd/signal_generator/ipshared/52c0/hdl/verilog/xsdbm_v3_0_3_bs_core_vec.vh:242]
INFO: [Synth 8-11241] undeclared symbol 'tms_int', assumed default net type 'wire' [c:/Users/marce/OneDrive/Dokumente/zynq_project/photonsorting/sg_stream/sg_stream.gen/sources_1/bd/signal_generator/ipshared/52c0/hdl/verilog/xsdbm_v3_0_3_bs_core_vec.vh:275]
INFO: [Synth 8-11241] undeclared symbol 'runtest_int', assumed default net type 'wire' [c:/Users/marce/OneDrive/Dokumente/zynq_project/photonsorting/sg_stream/sg_stream.gen/sources_1/bd/signal_generator/ipshared/52c0/hdl/verilog/xsdbm_v3_0_3_bs_core_vec.vh:277]
INFO: [Synth 8-11241] undeclared symbol 'tms_int', assumed default net type 'wire' [c:/Users/marce/OneDrive/Dokumente/zynq_project/photonsorting/sg_stream/sg_stream.gen/sources_1/bd/signal_generator/ipshared/52c0/hdl/verilog/xsdbm_v3_0_3_bs_core_vec.vh:310]
INFO: [Synth 8-11241] undeclared symbol 'runtest_int', assumed default net type 'wire' [c:/Users/marce/OneDrive/Dokumente/zynq_project/photonsorting/sg_stream/sg_stream.gen/sources_1/bd/signal_generator/ipshared/52c0/hdl/verilog/xsdbm_v3_0_3_bs_core_vec.vh:312]
INFO: [Synth 8-11241] undeclared symbol 'tms_int', assumed default net type 'wire' [c:/Users/marce/OneDrive/Dokumente/zynq_project/photonsorting/sg_stream/sg_stream.gen/sources_1/bd/signal_generator/ipshared/52c0/hdl/verilog/xsdbm_v3_0_3_bs_core_vec.vh:345]
INFO: [Synth 8-11241] undeclared symbol 'runtest_int', assumed default net type 'wire' [c:/Users/marce/OneDrive/Dokumente/zynq_project/photonsorting/sg_stream/sg_stream.gen/sources_1/bd/signal_generator/ipshared/52c0/hdl/verilog/xsdbm_v3_0_3_bs_core_vec.vh:347]
INFO: [Synth 8-11241] undeclared symbol 'tms_int', assumed default net type 'wire' [c:/Users/marce/OneDrive/Dokumente/zynq_project/photonsorting/sg_stream/sg_stream.gen/sources_1/bd/signal_generator/ipshared/52c0/hdl/verilog/xsdbm_v3_0_3_bs_core_vec.vh:380]
INFO: [Synth 8-11241] undeclared symbol 'runtest_int', assumed default net type 'wire' [c:/Users/marce/OneDrive/Dokumente/zynq_project/photonsorting/sg_stream/sg_stream.gen/sources_1/bd/signal_generator/ipshared/52c0/hdl/verilog/xsdbm_v3_0_3_bs_core_vec.vh:382]
INFO: [Synth 8-11241] undeclared symbol 'tms_int', assumed default net type 'wire' [c:/Users/marce/OneDrive/Dokumente/zynq_project/photonsorting/sg_stream/sg_stream.gen/sources_1/bd/signal_generator/ipshared/52c0/hdl/verilog/xsdbm_v3_0_3_bs_core_vec.vh:415]
INFO: [Synth 8-11241] undeclared symbol 'runtest_int', assumed default net type 'wire' [c:/Users/marce/OneDrive/Dokumente/zynq_project/photonsorting/sg_stream/sg_stream.gen/sources_1/bd/signal_generator/ipshared/52c0/hdl/verilog/xsdbm_v3_0_3_bs_core_vec.vh:417]
INFO: [Synth 8-11241] undeclared symbol 'tms_int', assumed default net type 'wire' [c:/Users/marce/OneDrive/Dokumente/zynq_project/photonsorting/sg_stream/sg_stream.gen/sources_1/bd/signal_generator/ipshared/52c0/hdl/verilog/xsdbm_v3_0_3_bs_core_vec.vh:450]
INFO: [Synth 8-11241] undeclared symbol 'runtest_int', assumed default net type 'wire' [c:/Users/marce/OneDrive/Dokumente/zynq_project/photonsorting/sg_stream/sg_stream.gen/sources_1/bd/signal_generator/ipshared/52c0/hdl/verilog/xsdbm_v3_0_3_bs_core_vec.vh:452]
INFO: [Synth 8-11241] undeclared symbol 'tms_int', assumed default net type 'wire' [c:/Users/marce/OneDrive/Dokumente/zynq_project/photonsorting/sg_stream/sg_stream.gen/sources_1/bd/signal_generator/ipshared/52c0/hdl/verilog/xsdbm_v3_0_3_bs_core_vec.vh:485]
INFO: [Synth 8-11241] undeclared symbol 'runtest_int', assumed default net type 'wire' [c:/Users/marce/OneDrive/Dokumente/zynq_project/photonsorting/sg_stream/sg_stream.gen/sources_1/bd/signal_generator/ipshared/52c0/hdl/verilog/xsdbm_v3_0_3_bs_core_vec.vh:487]
INFO: [Synth 8-11241] undeclared symbol 'tms_int', assumed default net type 'wire' [c:/Users/marce/OneDrive/Dokumente/zynq_project/photonsorting/sg_stream/sg_stream.gen/sources_1/bd/signal_generator/ipshared/52c0/hdl/verilog/xsdbm_v3_0_3_bs_core_vec.vh:30]
INFO: [Synth 8-11241] undeclared symbol 'runtest_int', assumed default net type 'wire' [c:/Users/marce/OneDrive/Dokumente/zynq_project/photonsorting/sg_stream/sg_stream.gen/sources_1/bd/signal_generator/ipshared/52c0/hdl/verilog/xsdbm_v3_0_3_bs_core_vec.vh:32]
INFO: [Synth 8-11241] undeclared symbol 'tms_int', assumed default net type 'wire' [c:/Users/marce/OneDrive/Dokumente/zynq_project/photonsorting/sg_stream/sg_stream.gen/sources_1/bd/signal_generator/ipshared/52c0/hdl/verilog/xsdbm_v3_0_3_bs_core_vec.vh:65]
INFO: [Synth 8-11241] undeclared symbol 'runtest_int', assumed default net type 'wire' [c:/Users/marce/OneDrive/Dokumente/zynq_project/photonsorting/sg_stream/sg_stream.gen/sources_1/bd/signal_generator/ipshared/52c0/hdl/verilog/xsdbm_v3_0_3_bs_core_vec.vh:67]
INFO: [Synth 8-11241] undeclared symbol 'tms_int', assumed default net type 'wire' [c:/Users/marce/OneDrive/Dokumente/zynq_project/photonsorting/sg_stream/sg_stream.gen/sources_1/bd/signal_generator/ipshared/52c0/hdl/verilog/xsdbm_v3_0_3_bs_core_vec.vh:100]
INFO: [Synth 8-11241] undeclared symbol 'runtest_int', assumed default net type 'wire' [c:/Users/marce/OneDrive/Dokumente/zynq_project/photonsorting/sg_stream/sg_stream.gen/sources_1/bd/signal_generator/ipshared/52c0/hdl/verilog/xsdbm_v3_0_3_bs_core_vec.vh:102]
INFO: [Synth 8-11241] undeclared symbol 'tms_int', assumed default net type 'wire' [c:/Users/marce/OneDrive/Dokumente/zynq_project/photonsorting/sg_stream/sg_stream.gen/sources_1/bd/signal_generator/ipshared/52c0/hdl/verilog/xsdbm_v3_0_3_bs_core_vec.vh:135]
INFO: [Synth 8-11241] undeclared symbol 'runtest_int', assumed default net type 'wire' [c:/Users/marce/OneDrive/Dokumente/zynq_project/photonsorting/sg_stream/sg_stream.gen/sources_1/bd/signal_generator/ipshared/52c0/hdl/verilog/xsdbm_v3_0_3_bs_core_vec.vh:137]
INFO: [Synth 8-11241] undeclared symbol 'tms_int', assumed default net type 'wire' [c:/Users/marce/OneDrive/Dokumente/zynq_project/photonsorting/sg_stream/sg_stream.gen/sources_1/bd/signal_generator/ipshared/52c0/hdl/verilog/xsdbm_v3_0_3_bs_core_vec.vh:170]
INFO: [Synth 8-11241] undeclared symbol 'runtest_int', assumed default net type 'wire' [c:/Users/marce/OneDrive/Dokumente/zynq_project/photonsorting/sg_stream/sg_stream.gen/sources_1/bd/signal_generator/ipshared/52c0/hdl/verilog/xsdbm_v3_0_3_bs_core_vec.vh:172]
INFO: [Synth 8-11241] undeclared symbol 'tms_int', assumed default net type 'wire' [c:/Users/marce/OneDrive/Dokumente/zynq_project/photonsorting/sg_stream/sg_stream.gen/sources_1/bd/signal_generator/ipshared/52c0/hdl/verilog/xsdbm_v3_0_3_bs_core_vec.vh:205]
INFO: [Synth 8-11241] undeclared symbol 'runtest_int', assumed default net type 'wire' [c:/Users/marce/OneDrive/Dokumente/zynq_project/photonsorting/sg_stream/sg_stream.gen/sources_1/bd/signal_generator/ipshared/52c0/hdl/verilog/xsdbm_v3_0_3_bs_core_vec.vh:207]
INFO: [Synth 8-11241] undeclared symbol 'tms_int', assumed default net type 'wire' [c:/Users/marce/OneDrive/Dokumente/zynq_project/photonsorting/sg_stream/sg_stream.gen/sources_1/bd/signal_generator/ipshared/52c0/hdl/verilog/xsdbm_v3_0_3_bs_core_vec.vh:240]
INFO: [Synth 8-11241] undeclared symbol 'runtest_int', assumed default net type 'wire' [c:/Users/marce/OneDrive/Dokumente/zynq_project/photonsorting/sg_stream/sg_stream.gen/sources_1/bd/signal_generator/ipshared/52c0/hdl/verilog/xsdbm_v3_0_3_bs_core_vec.vh:242]
INFO: [Synth 8-11241] undeclared symbol 'tms_int', assumed default net type 'wire' [c:/Users/marce/OneDrive/Dokumente/zynq_project/photonsorting/sg_stream/sg_stream.gen/sources_1/bd/signal_generator/ipshared/52c0/hdl/verilog/xsdbm_v3_0_3_bs_core_vec.vh:275]
INFO: [Synth 8-11241] undeclared symbol 'runtest_int', assumed default net type 'wire' [c:/Users/marce/OneDrive/Dokumente/zynq_project/photonsorting/sg_stream/sg_stream.gen/sources_1/bd/signal_generator/ipshared/52c0/hdl/verilog/xsdbm_v3_0_3_bs_core_vec.vh:277]
INFO: [Common 17-14] Message 'Synth 8-11241' appears 100 times and further instances of the messages will be disabled. Use the Tcl command set_msg_config to change the current settings.
INFO: [Synth 8-6157] synthesizing module 'signal_generator_ila_0_7' [c:/Users/marce/OneDrive/Dokumente/zynq_project/photonsorting/sg_stream/sg_stream.gen/sources_1/bd/signal_generator/ip/signal_generator_ila_0_7/synth/signal_generator_ila_0_7.v:48]
INFO: [Synth 8-6157] synthesizing module 'CFGLUT5' [C:/Xilinx/Vivado/2024.2/scripts/rt/data/unisim_comp.v:3129]
INFO: [Synth 8-6155] done synthesizing module 'CFGLUT5' (0#1) [C:/Xilinx/Vivado/2024.2/scripts/rt/data/unisim_comp.v:3129]
INFO: [Synth 8-6157] synthesizing module 'CARRY4' [C:/Xilinx/Vivado/2024.2/scripts/rt/data/unisim_comp.v:3092]
INFO: [Synth 8-6155] done synthesizing module 'CARRY4' (0#1) [C:/Xilinx/Vivado/2024.2/scripts/rt/data/unisim_comp.v:3092]
INFO: [Synth 8-6157] synthesizing module 'SRLC32E' [C:/Xilinx/Vivado/2024.2/scripts/rt/data/unisim_comp.v:149195]
INFO: [Synth 8-6155] done synthesizing module 'SRLC32E' (0#1) [C:/Xilinx/Vivado/2024.2/scripts/rt/data/unisim_comp.v:149195]
INFO: [Synth 8-6157] synthesizing module 'SRL16E' [C:/Xilinx/Vivado/2024.2/scripts/rt/data/unisim_comp.v:149045]
INFO: [Synth 8-6155] done synthesizing module 'SRL16E' (0#1) [C:/Xilinx/Vivado/2024.2/scripts/rt/data/unisim_comp.v:149045]
INFO: [Synth 8-6157] synthesizing module 'SRLC16E' [C:/Xilinx/Vivado/2024.2/scripts/rt/data/unisim_comp.v:149134]
INFO: [Synth 8-6155] done synthesizing module 'SRLC16E' (0#1) [C:/Xilinx/Vivado/2024.2/scripts/rt/data/unisim_comp.v:149134]
INFO: [Synth 8-6157] synthesizing module 'FDRE' [C:/Xilinx/Vivado/2024.2/scripts/rt/data/unisim_comp.v:43188]
INFO: [Synth 8-6155] done synthesizing module 'FDRE' (0#1) [C:/Xilinx/Vivado/2024.2/scripts/rt/data/unisim_comp.v:43188]
WARNING: [Synth 8-7071] port 'clk_nobuf' of module 'ila_v6_2_16_ila' is unconnected for instance 'inst' [c:/Users/marce/OneDrive/Dokumente/zynq_project/photonsorting/sg_stream/sg_stream.gen/sources_1/bd/signal_generator/ip/signal_generator_ila_0_7/synth/signal_generator_ila_0_7.v:3217]
WARNING: [Synth 8-7071] port 'clkdiv_out' of module 'ila_v6_2_16_ila' is unconnected for instance 'inst' [c:/Users/marce/OneDrive/Dokumente/zynq_project/photonsorting/sg_stream/sg_stream.gen/sources_1/bd/signal_generator/ip/signal_generator_ila_0_7/synth/signal_generator_ila_0_7.v:3217]
WARNING: [Synth 8-7023] instance 'inst' of module 'ila_v6_2_16_ila' has 1033 connections declared, but only 1031 given [c:/Users/marce/OneDrive/Dokumente/zynq_project/photonsorting/sg_stream/sg_stream.gen/sources_1/bd/signal_generator/ip/signal_generator_ila_0_7/synth/signal_generator_ila_0_7.v:3217]
INFO: [Synth 8-6155] done synthesizing module 'signal_generator_ila_0_7' (0#1) [c:/Users/marce/OneDrive/Dokumente/zynq_project/photonsorting/sg_stream/sg_stream.gen/sources_1/bd/signal_generator/ip/signal_generator_ila_0_7/synth/signal_generator_ila_0_7.v:48]
WARNING: [Synth 8-3848] Net sl_iport0 in module/entity signal_generator_ila_0_7 does not have driver. [c:/Users/marce/OneDrive/Dokumente/zynq_project/photonsorting/sg_stream/sg_stream.gen/sources_1/bd/signal_generator/ip/signal_generator_ila_0_7/synth/signal_generator_ila_0_7.v:106]
WARNING: [Synth 8-7129] Port CLKB in module blk_mem_gen_v8_4_9_blk_mem_output_block is either unconnected or has no load
WARNING: [Synth 8-7129] Port DOUTA_I[65] in module blk_mem_gen_v8_4_9_blk_mem_output_block is either unconnected or has no load
WARNING: [Synth 8-7129] Port DOUTA_I[64] in module blk_mem_gen_v8_4_9_blk_mem_output_block is either unconnected or has no load
WARNING: [Synth 8-7129] Port DOUTA_I[63] in module blk_mem_gen_v8_4_9_blk_mem_output_block is either unconnected or has no load
WARNING: [Synth 8-7129] Port DOUTA_I[62] in module blk_mem_gen_v8_4_9_blk_mem_output_block is either unconnected or has no load
WARNING: [Synth 8-7129] Port DOUTA_I[61] in module blk_mem_gen_v8_4_9_blk_mem_output_block is either unconnected or has no load
WARNING: [Synth 8-7129] Port DOUTA_I[60] in module blk_mem_gen_v8_4_9_blk_mem_output_block is either unconnected or has no load
WARNING: [Synth 8-7129] Port DOUTA_I[59] in module blk_mem_gen_v8_4_9_blk_mem_output_block is either unconnected or has no load
WARNING: [Synth 8-7129] Port DOUTA_I[58] in module blk_mem_gen_v8_4_9_blk_mem_output_block is either unconnected or has no load
WARNING: [Synth 8-7129] Port DOUTA_I[57] in module blk_mem_gen_v8_4_9_blk_mem_output_block is either unconnected or has no load
WARNING: [Synth 8-7129] Port DOUTA_I[56] in module blk_mem_gen_v8_4_9_blk_mem_output_block is either unconnected or has no load
WARNING: [Synth 8-7129] Port DOUTA_I[55] in module blk_mem_gen_v8_4_9_blk_mem_output_block is either unconnected or has no load
WARNING: [Synth 8-7129] Port DOUTA_I[54] in module blk_mem_gen_v8_4_9_blk_mem_output_block is either unconnected or has no load
WARNING: [Synth 8-7129] Port DOUTA_I[53] in module blk_mem_gen_v8_4_9_blk_mem_output_block is either unconnected or has no load
WARNING: [Synth 8-7129] Port DOUTA_I[52] in module blk_mem_gen_v8_4_9_blk_mem_output_block is either unconnected or has no load
WARNING: [Synth 8-7129] Port DOUTA_I[51] in module blk_mem_gen_v8_4_9_blk_mem_output_block is either unconnected or has no load
WARNING: [Synth 8-7129] Port DOUTA_I[50] in module blk_mem_gen_v8_4_9_blk_mem_output_block is either unconnected or has no load
WARNING: [Synth 8-7129] Port DOUTA_I[49] in module blk_mem_gen_v8_4_9_blk_mem_output_block is either unconnected or has no load
WARNING: [Synth 8-7129] Port DOUTA_I[48] in module blk_mem_gen_v8_4_9_blk_mem_output_block is either unconnected or has no load
WARNING: [Synth 8-7129] Port DOUTA_I[47] in module blk_mem_gen_v8_4_9_blk_mem_output_block is either unconnected or has no load
WARNING: [Synth 8-7129] Port DOUTA_I[46] in module blk_mem_gen_v8_4_9_blk_mem_output_block is either unconnected or has no load
WARNING: [Synth 8-7129] Port DOUTA_I[45] in module blk_mem_gen_v8_4_9_blk_mem_output_block is either unconnected or has no load
WARNING: [Synth 8-7129] Port DOUTA_I[44] in module blk_mem_gen_v8_4_9_blk_mem_output_block is either unconnected or has no load
WARNING: [Synth 8-7129] Port DOUTA_I[43] in module blk_mem_gen_v8_4_9_blk_mem_output_block is either unconnected or has no load
WARNING: [Synth 8-7129] Port DOUTA_I[42] in module blk_mem_gen_v8_4_9_blk_mem_output_block is either unconnected or has no load
WARNING: [Synth 8-7129] Port DOUTA_I[41] in module blk_mem_gen_v8_4_9_blk_mem_output_block is either unconnected or has no load
WARNING: [Synth 8-7129] Port DOUTA_I[40] in module blk_mem_gen_v8_4_9_blk_mem_output_block is either unconnected or has no load
WARNING: [Synth 8-7129] Port DOUTA_I[39] in module blk_mem_gen_v8_4_9_blk_mem_output_block is either unconnected or has no load
WARNING: [Synth 8-7129] Port DOUTA_I[38] in module blk_mem_gen_v8_4_9_blk_mem_output_block is either unconnected or has no load
WARNING: [Synth 8-7129] Port DOUTA_I[37] in module blk_mem_gen_v8_4_9_blk_mem_output_block is either unconnected or has no load
WARNING: [Synth 8-7129] Port DOUTA_I[36] in module blk_mem_gen_v8_4_9_blk_mem_output_block is either unconnected or has no load
WARNING: [Synth 8-7129] Port DOUTA_I[35] in module blk_mem_gen_v8_4_9_blk_mem_output_block is either unconnected or has no load
WARNING: [Synth 8-7129] Port DOUTA_I[34] in module blk_mem_gen_v8_4_9_blk_mem_output_block is either unconnected or has no load
WARNING: [Synth 8-7129] Port DOUTA_I[33] in module blk_mem_gen_v8_4_9_blk_mem_output_block is either unconnected or has no load
WARNING: [Synth 8-7129] Port DOUTA_I[32] in module blk_mem_gen_v8_4_9_blk_mem_output_block is either unconnected or has no load
WARNING: [Synth 8-7129] Port DOUTA_I[31] in module blk_mem_gen_v8_4_9_blk_mem_output_block is either unconnected or has no load
WARNING: [Synth 8-7129] Port DOUTA_I[30] in module blk_mem_gen_v8_4_9_blk_mem_output_block is either unconnected or has no load
WARNING: [Synth 8-7129] Port DOUTA_I[29] in module blk_mem_gen_v8_4_9_blk_mem_output_block is either unconnected or has no load
WARNING: [Synth 8-7129] Port DOUTA_I[28] in module blk_mem_gen_v8_4_9_blk_mem_output_block is either unconnected or has no load
WARNING: [Synth 8-7129] Port DOUTA_I[27] in module blk_mem_gen_v8_4_9_blk_mem_output_block is either unconnected or has no load
WARNING: [Synth 8-7129] Port DOUTA_I[26] in module blk_mem_gen_v8_4_9_blk_mem_output_block is either unconnected or has no load
WARNING: [Synth 8-7129] Port DOUTA_I[25] in module blk_mem_gen_v8_4_9_blk_mem_output_block is either unconnected or has no load
WARNING: [Synth 8-7129] Port DOUTA_I[24] in module blk_mem_gen_v8_4_9_blk_mem_output_block is either unconnected or has no load
WARNING: [Synth 8-7129] Port DOUTA_I[23] in module blk_mem_gen_v8_4_9_blk_mem_output_block is either unconnected or has no load
WARNING: [Synth 8-7129] Port DOUTA_I[22] in module blk_mem_gen_v8_4_9_blk_mem_output_block is either unconnected or has no load
WARNING: [Synth 8-7129] Port DOUTA_I[21] in module blk_mem_gen_v8_4_9_blk_mem_output_block is either unconnected or has no load
WARNING: [Synth 8-7129] Port DOUTA_I[20] in module blk_mem_gen_v8_4_9_blk_mem_output_block is either unconnected or has no load
WARNING: [Synth 8-7129] Port DOUTA_I[19] in module blk_mem_gen_v8_4_9_blk_mem_output_block is either unconnected or has no load
WARNING: [Synth 8-7129] Port DOUTA_I[18] in module blk_mem_gen_v8_4_9_blk_mem_output_block is either unconnected or has no load
WARNING: [Synth 8-7129] Port DOUTA_I[17] in module blk_mem_gen_v8_4_9_blk_mem_output_block is either unconnected or has no load
WARNING: [Synth 8-7129] Port DOUTA_I[16] in module blk_mem_gen_v8_4_9_blk_mem_output_block is either unconnected or has no load
WARNING: [Synth 8-7129] Port DOUTA_I[15] in module blk_mem_gen_v8_4_9_blk_mem_output_block is either unconnected or has no load
WARNING: [Synth 8-7129] Port DOUTA_I[14] in module blk_mem_gen_v8_4_9_blk_mem_output_block is either unconnected or has no load
WARNING: [Synth 8-7129] Port DOUTA_I[13] in module blk_mem_gen_v8_4_9_blk_mem_output_block is either unconnected or has no load
WARNING: [Synth 8-7129] Port DOUTA_I[12] in module blk_mem_gen_v8_4_9_blk_mem_output_block is either unconnected or has no load
WARNING: [Synth 8-7129] Port DOUTA_I[11] in module blk_mem_gen_v8_4_9_blk_mem_output_block is either unconnected or has no load
WARNING: [Synth 8-7129] Port DOUTA_I[10] in module blk_mem_gen_v8_4_9_blk_mem_output_block is either unconnected or has no load
WARNING: [Synth 8-7129] Port DOUTA_I[9] in module blk_mem_gen_v8_4_9_blk_mem_output_block is either unconnected or has no load
WARNING: [Synth 8-7129] Port DOUTA_I[8] in module blk_mem_gen_v8_4_9_blk_mem_output_block is either unconnected or has no load
WARNING: [Synth 8-7129] Port DOUTA_I[7] in module blk_mem_gen_v8_4_9_blk_mem_output_block is either unconnected or has no load
WARNING: [Synth 8-7129] Port DOUTA_I[6] in module blk_mem_gen_v8_4_9_blk_mem_output_block is either unconnected or has no load
WARNING: [Synth 8-7129] Port DOUTA_I[5] in module blk_mem_gen_v8_4_9_blk_mem_output_block is either unconnected or has no load
WARNING: [Synth 8-7129] Port DOUTA_I[4] in module blk_mem_gen_v8_4_9_blk_mem_output_block is either unconnected or has no load
WARNING: [Synth 8-7129] Port DOUTA_I[3] in module blk_mem_gen_v8_4_9_blk_mem_output_block is either unconnected or has no load
WARNING: [Synth 8-7129] Port DOUTA_I[2] in module blk_mem_gen_v8_4_9_blk_mem_output_block is either unconnected or has no load
WARNING: [Synth 8-7129] Port DOUTA_I[1] in module blk_mem_gen_v8_4_9_blk_mem_output_block is either unconnected or has no load
WARNING: [Synth 8-7129] Port DOUTA_I[0] in module blk_mem_gen_v8_4_9_blk_mem_output_block is either unconnected or has no load
WARNING: [Synth 8-7129] Port SBITERR_I in module blk_mem_gen_v8_4_9_blk_mem_output_block is either unconnected or has no load
WARNING: [Synth 8-7129] Port DBITERR_I in module blk_mem_gen_v8_4_9_blk_mem_output_block is either unconnected or has no load
WARNING: [Synth 8-7129] Port RDADDRECC_I[9] in module blk_mem_gen_v8_4_9_blk_mem_output_block is either unconnected or has no load
WARNING: [Synth 8-7129] Port RDADDRECC_I[8] in module blk_mem_gen_v8_4_9_blk_mem_output_block is either unconnected or has no load
WARNING: [Synth 8-7129] Port RDADDRECC_I[7] in module blk_mem_gen_v8_4_9_blk_mem_output_block is either unconnected or has no load
WARNING: [Synth 8-7129] Port RDADDRECC_I[6] in module blk_mem_gen_v8_4_9_blk_mem_output_block is either unconnected or has no load
WARNING: [Synth 8-7129] Port RDADDRECC_I[5] in module blk_mem_gen_v8_4_9_blk_mem_output_block is either unconnected or has no load
WARNING: [Synth 8-7129] Port RDADDRECC_I[4] in module blk_mem_gen_v8_4_9_blk_mem_output_block is either unconnected or has no load
WARNING: [Synth 8-7129] Port RDADDRECC_I[3] in module blk_mem_gen_v8_4_9_blk_mem_output_block is either unconnected or has no load
WARNING: [Synth 8-7129] Port RDADDRECC_I[2] in module blk_mem_gen_v8_4_9_blk_mem_output_block is either unconnected or has no load
WARNING: [Synth 8-7129] Port RDADDRECC_I[1] in module blk_mem_gen_v8_4_9_blk_mem_output_block is either unconnected or has no load
WARNING: [Synth 8-7129] Port RDADDRECC_I[0] in module blk_mem_gen_v8_4_9_blk_mem_output_block is either unconnected or has no load
WARNING: [Synth 8-7129] Port DOUTA[35] in module blk_mem_gen_v8_4_9_blk_mem_gen_prim_wrapper__parameterized0 is either unconnected or has no load
WARNING: [Synth 8-7129] Port DOUTA[34] in module blk_mem_gen_v8_4_9_blk_mem_gen_prim_wrapper__parameterized0 is either unconnected or has no load
WARNING: [Synth 8-7129] Port DOUTA[33] in module blk_mem_gen_v8_4_9_blk_mem_gen_prim_wrapper__parameterized0 is either unconnected or has no load
WARNING: [Synth 8-7129] Port DOUTA[32] in module blk_mem_gen_v8_4_9_blk_mem_gen_prim_wrapper__parameterized0 is either unconnected or has no load
WARNING: [Synth 8-7129] Port DOUTA[31] in module blk_mem_gen_v8_4_9_blk_mem_gen_prim_wrapper__parameterized0 is either unconnected or has no load
WARNING: [Synth 8-7129] Port DOUTA[30] in module blk_mem_gen_v8_4_9_blk_mem_gen_prim_wrapper__parameterized0 is either unconnected or has no load
WARNING: [Synth 8-7129] Port DOUTA[29] in module blk_mem_gen_v8_4_9_blk_mem_gen_prim_wrapper__parameterized0 is either unconnected or has no load
WARNING: [Synth 8-7129] Port DOUTA[28] in module blk_mem_gen_v8_4_9_blk_mem_gen_prim_wrapper__parameterized0 is either unconnected or has no load
WARNING: [Synth 8-7129] Port DOUTA[27] in module blk_mem_gen_v8_4_9_blk_mem_gen_prim_wrapper__parameterized0 is either unconnected or has no load
WARNING: [Synth 8-7129] Port DOUTA[26] in module blk_mem_gen_v8_4_9_blk_mem_gen_prim_wrapper__parameterized0 is either unconnected or has no load
WARNING: [Synth 8-7129] Port DOUTA[25] in module blk_mem_gen_v8_4_9_blk_mem_gen_prim_wrapper__parameterized0 is either unconnected or has no load
WARNING: [Synth 8-7129] Port DOUTA[24] in module blk_mem_gen_v8_4_9_blk_mem_gen_prim_wrapper__parameterized0 is either unconnected or has no load
WARNING: [Synth 8-7129] Port DOUTA[23] in module blk_mem_gen_v8_4_9_blk_mem_gen_prim_wrapper__parameterized0 is either unconnected or has no load
WARNING: [Synth 8-7129] Port DOUTA[22] in module blk_mem_gen_v8_4_9_blk_mem_gen_prim_wrapper__parameterized0 is either unconnected or has no load
WARNING: [Synth 8-7129] Port DOUTA[21] in module blk_mem_gen_v8_4_9_blk_mem_gen_prim_wrapper__parameterized0 is either unconnected or has no load
WARNING: [Synth 8-7129] Port DOUTA[20] in module blk_mem_gen_v8_4_9_blk_mem_gen_prim_wrapper__parameterized0 is either unconnected or has no load
WARNING: [Synth 8-7129] Port DOUTA[19] in module blk_mem_gen_v8_4_9_blk_mem_gen_prim_wrapper__parameterized0 is either unconnected or has no load
WARNING: [Synth 8-7129] Port DOUTA[18] in module blk_mem_gen_v8_4_9_blk_mem_gen_prim_wrapper__parameterized0 is either unconnected or has no load
WARNING: [Synth 8-7129] Port DOUTA[17] in module blk_mem_gen_v8_4_9_blk_mem_gen_prim_wrapper__parameterized0 is either unconnected or has no load
WARNING: [Synth 8-7129] Port DOUTA[16] in module blk_mem_gen_v8_4_9_blk_mem_gen_prim_wrapper__parameterized0 is either unconnected or has no load
WARNING: [Synth 8-7129] Port DOUTA[15] in module blk_mem_gen_v8_4_9_blk_mem_gen_prim_wrapper__parameterized0 is either unconnected or has no load
INFO: [Common 17-14] Message 'Synth 8-7129' appears 100 times and further instances of the messages will be disabled. Use the Tcl command set_msg_config to change the current settings.
---------------------------------------------------------------------------------
Finished RTL Elaboration : Time (s): cpu = 00:01:07 ; elapsed = 00:01:13 . Memory (MB): peak = 1670.141 ; gain = 1005.562
---------------------------------------------------------------------------------
---------------------------------------------------------------------------------
Start Handling Custom Attributes
---------------------------------------------------------------------------------
---------------------------------------------------------------------------------
Finished Handling Custom Attributes : Time (s): cpu = 00:01:07 ; elapsed = 00:01:13 . Memory (MB): peak = 1670.141 ; gain = 1005.562
---------------------------------------------------------------------------------
---------------------------------------------------------------------------------
Finished RTL Optimization Phase 1 : Time (s): cpu = 00:01:07 ; elapsed = 00:01:13 . Memory (MB): peak = 1670.141 ; gain = 1005.562
---------------------------------------------------------------------------------
Netlist sorting complete. Time (s): cpu = 00:00:00 ; elapsed = 00:00:00.126 . Memory (MB): peak = 1670.141 ; gain = 0.000
INFO: [Netlist 29-17] Analyzing 96 Unisim elements for replacement
INFO: [Netlist 29-28] Unisim Transformation completed in 1 CPU seconds
INFO: [Project 1-570] Preparing netlist for logic optimization

Processing XDC Constraints
Initializing timing engine
Parsing XDC File [c:/Users/marce/OneDrive/Dokumente/zynq_project/photonsorting/sg_stream/sg_stream.gen/sources_1/bd/signal_generator/ip/signal_generator_ila_0_7/signal_generator_ila_0_7_ooc.xdc] for cell 'inst'
Finished Parsing XDC File [c:/Users/marce/OneDrive/Dokumente/zynq_project/photonsorting/sg_stream/sg_stream.gen/sources_1/bd/signal_generator/ip/signal_generator_ila_0_7/signal_generator_ila_0_7_ooc.xdc] for cell 'inst'
Parsing XDC File [c:/Users/marce/OneDrive/Dokumente/zynq_project/photonsorting/sg_stream/sg_stream.gen/sources_1/bd/signal_generator/ip/signal_generator_ila_0_7/ila_v6_2/constraints/ila.xdc] for cell 'inst'
Finished Parsing XDC File [c:/Users/marce/OneDrive/Dokumente/zynq_project/photonsorting/sg_stream/sg_stream.gen/sources_1/bd/signal_generator/ip/signal_generator_ila_0_7/ila_v6_2/constraints/ila.xdc] for cell 'inst'
INFO: [Project 1-236] Implementation specific constraints were found while reading constraint file [c:/Users/marce/OneDrive/Dokumente/zynq_project/photonsorting/sg_stream/sg_stream.gen/sources_1/bd/signal_generator/ip/signal_generator_ila_0_7/ila_v6_2/constraints/ila.xdc]. These constraints will be ignored for synthesis but will be used in implementation. Impacted constraints are listed in the file [.Xil/signal_generator_ila_0_7_propImpl.xdc].
Resolution: To avoid this warning, move constraints listed in [.Xil/signal_generator_ila_0_7_propImpl.xdc] to another XDC file and exclude this new file from synthesis with the used_in_synthesis property (File Properties dialog in GUI) and re-run elaboration/synthesis.
Parsing XDC File [C:/Users/marce/OneDrive/Dokumente/zynq_project/photonsorting/sg_stream/sg_stream.runs/signal_generator_ila_0_7_synth_1/dont_touch.xdc]
Finished Parsing XDC File [C:/Users/marce/OneDrive/Dokumente/zynq_project/photonsorting/sg_stream/sg_stream.runs/signal_generator_ila_0_7_synth_1/dont_touch.xdc]
Completed Processing XDC Constraints

Netlist sorting complete. Time (s): cpu = 00:00:00 ; elapsed = 00:00:00.002 . Memory (MB): peak = 1670.141 ; gain = 0.000
INFO: [Project 1-111] Unisim Transformation Summary:
  A total of 71 instances were transformed.
  CFGLUT5 => CFGLUT5 (SRL16E, SRLC32E): 64 instances
  CFGLUT5 => SRLC32E: 7 instances

Constraint Validation Runtime : Time (s): cpu = 00:00:00 ; elapsed = 00:00:00.166 . Memory (MB): peak = 1670.141 ; gain = 0.000
INFO: [Designutils 20-5008] Incremental synthesis strategy off
---------------------------------------------------------------------------------
Finished Constraint Validation : Time (s): cpu = 00:01:21 ; elapsed = 00:01:28 . Memory (MB): peak = 1670.141 ; gain = 1005.562
---------------------------------------------------------------------------------
---------------------------------------------------------------------------------
Start Loading Part and Timing Information
---------------------------------------------------------------------------------
Loading part: xc7z020clg484-1
---------------------------------------------------------------------------------
Finished Loading Part and Timing Information : Time (s): cpu = 00:01:21 ; elapsed = 00:01:28 . Memory (MB): peak = 1670.141 ; gain = 1005.562
---------------------------------------------------------------------------------
---------------------------------------------------------------------------------
Start Applying 'set_property' XDC Constraints
---------------------------------------------------------------------------------
Applied set_property KEEP_HIERARCHY = SOFT for inst. (constraint file  C:/Users/marce/OneDrive/Dokumente/zynq_project/photonsorting/sg_stream/sg_stream.runs/signal_generator_ila_0_7_synth_1/dont_touch.xdc, line 9).
---------------------------------------------------------------------------------
Finished applying 'set_property' XDC Constraints : Time (s): cpu = 00:01:22 ; elapsed = 00:01:28 . Memory (MB): peak = 1670.141 ; gain = 1005.562
---------------------------------------------------------------------------------
INFO: [Synth 8-802] inferred FSM for state register 'current_state_reg' in module 'xsdbs_v1_0_4_reg_p2s'
INFO: [Synth 8-802] inferred FSM for state register 'current_state_reg' in module 'xsdbs_v1_0_4_reg_p2s__parameterized0'
INFO: [Synth 8-802] inferred FSM for state register 'current_state_reg' in module 'xsdbs_v1_0_4_reg_p2s__parameterized1'
INFO: [Synth 8-802] inferred FSM for state register 'current_state_reg' in module 'xsdbs_v1_0_4_reg_p2s__parameterized2'
INFO: [Synth 8-802] inferred FSM for state register 'current_state_reg' in module 'xsdbs_v1_0_4_reg_p2s__parameterized3'
INFO: [Synth 8-802] inferred FSM for state register 'current_state_reg' in module 'ltlib_v1_0_2_generic_memrd'
---------------------------------------------------------------------------------------------------
                   State |                     New Encoding |                Previous Encoding 
---------------------------------------------------------------------------------------------------
*
                    IDLE |                             0001 |                             0001
                     REG |                             0010 |                             0010
                     P2S |                             0100 |                             0100
                     S2P |                             1000 |                             1000
---------------------------------------------------------------------------------------------------
INFO: [Synth 8-3898] No Re-encoding of one hot register 'current_state_reg' in module 'xsdbs_v1_0_4_reg_p2s'
---------------------------------------------------------------------------------------------------
                   State |                     New Encoding |                Previous Encoding 
---------------------------------------------------------------------------------------------------
*
                    IDLE |                             0001 |                             0001
                     REG |                             0010 |                             0010
                     P2S |                             0100 |                             0100
                     S2P |                             1000 |                             1000
---------------------------------------------------------------------------------------------------
INFO: [Synth 8-3898] No Re-encoding of one hot register 'current_state_reg' in module 'xsdbs_v1_0_4_reg_p2s__parameterized0'
---------------------------------------------------------------------------------------------------
                   State |                     New Encoding |                Previous Encoding 
---------------------------------------------------------------------------------------------------
*
                    IDLE |                             0001 |                             0001
                     REG |                             0010 |                             0010
                     P2S |                             0100 |                             0100
                     S2P |                             1000 |                             1000
---------------------------------------------------------------------------------------------------
INFO: [Synth 8-3898] No Re-encoding of one hot register 'current_state_reg' in module 'xsdbs_v1_0_4_reg_p2s__parameterized1'
---------------------------------------------------------------------------------------------------
                   State |                     New Encoding |                Previous Encoding 
---------------------------------------------------------------------------------------------------
*
                    IDLE |                             0001 |                             0001
                     REG |                             0010 |                             0010
                     P2S |                             0100 |                             0100
                     S2P |                             1000 |                             1000
---------------------------------------------------------------------------------------------------
INFO: [Synth 8-3898] No Re-encoding of one hot register 'current_state_reg' in module 'xsdbs_v1_0_4_reg_p2s__parameterized2'
---------------------------------------------------------------------------------------------------
                   State |                     New Encoding |                Previous Encoding 
---------------------------------------------------------------------------------------------------
*
                    IDLE |                             0001 |                             0001
                     REG |                             0010 |                             0010
                     P2S |                             0100 |                             0100
                     S2P |                             1000 |                             1000
---------------------------------------------------------------------------------------------------
INFO: [Synth 8-3898] No Re-encoding of one hot register 'current_state_reg' in module 'xsdbs_v1_0_4_reg_p2s__parameterized3'
---------------------------------------------------------------------------------------------------
                   State |                     New Encoding |                Previous Encoding 
---------------------------------------------------------------------------------------------------
*
              RESET_ADDR |                          0000001 |                          0000001
            REQUEST_READ |                          0000010 |                          0000010
           WAIT_READ_ACK |                          0000100 |                          0000100
             OUTPUT_DATA |                          0001000 |                          0001000
                    IDLE |                          0010000 |                          0010000
         INCREMENT_BLOCK |                          0100000 |                          0100000
       INCREMENT_ADDRESS |                          1000000 |                          1000000
---------------------------------------------------------------------------------------------------
INFO: [Synth 8-3898] No Re-encoding of one hot register 'current_state_reg' in module 'ltlib_v1_0_2_generic_memrd'
---------------------------------------------------------------------------------
Finished RTL Optimization Phase 2 : Time (s): cpu = 00:01:24 ; elapsed = 00:01:30 . Memory (MB): peak = 1670.141 ; gain = 1005.562
---------------------------------------------------------------------------------
---------------------------------------------------------------------------------
Start RTL Component Statistics 
---------------------------------------------------------------------------------
---------------------------------------------------------------------------------
Finished RTL Component Statistics 
---------------------------------------------------------------------------------
---------------------------------------------------------------------------------
Start Part Resource Summary
---------------------------------------------------------------------------------
Part Resources:
DSPs: 220 (col length:60)
BRAMs: 280 (col length: RAMB18 60 RAMB36 30)
---------------------------------------------------------------------------------
Finished Part Resource Summary
---------------------------------------------------------------------------------
---------------------------------------------------------------------------------
Start Cross Boundary and Area Optimization
---------------------------------------------------------------------------------
WARNING: [Synth 8-7080] Parallel synthesis criteria is not met
---------------------------------------------------------------------------------
Finished Cross Boundary and Area Optimization : Time (s): cpu = 00:01:37 ; elapsed = 00:01:44 . Memory (MB): peak = 1670.141 ; gain = 1005.562
---------------------------------------------------------------------------------
---------------------------------------------------------------------------------
Start Applying XDC Timing Constraints
---------------------------------------------------------------------------------
---------------------------------------------------------------------------------
Finished Applying XDC Timing Constraints : Time (s): cpu = 00:01:48 ; elapsed = 00:01:56 . Memory (MB): peak = 1670.141 ; gain = 1005.562
---------------------------------------------------------------------------------
---------------------------------------------------------------------------------
Start Timing Optimization
---------------------------------------------------------------------------------
---------------------------------------------------------------------------------
Finished Timing Optimization : Time (s): cpu = 00:01:49 ; elapsed = 00:01:57 . Memory (MB): peak = 1670.141 ; gain = 1005.562
---------------------------------------------------------------------------------
---------------------------------------------------------------------------------
Start Technology Mapping
---------------------------------------------------------------------------------
---------------------------------------------------------------------------------
Finished Technology Mapping : Time (s): cpu = 00:01:50 ; elapsed = 00:01:58 . Memory (MB): peak = 1670.141 ; gain = 1005.562
---------------------------------------------------------------------------------
---------------------------------------------------------------------------------
Start IO Insertion
---------------------------------------------------------------------------------
---------------------------------------------------------------------------------
Start Flattening Before IO Insertion
---------------------------------------------------------------------------------
---------------------------------------------------------------------------------
Finished Flattening Before IO Insertion
---------------------------------------------------------------------------------
---------------------------------------------------------------------------------
Start Final Netlist Cleanup
---------------------------------------------------------------------------------
---------------------------------------------------------------------------------
Finished Final Netlist Cleanup
---------------------------------------------------------------------------------
INFO: [Synth 8-3295] tying undriven pin dummy_inferred:in0 to constant 0
INFO: [Synth 8-3295] tying undriven pin inst:sl_iport0[36] to constant 0
INFO: [Synth 8-3295] tying undriven pin inst:sl_iport0[35] to constant 0
INFO: [Synth 8-3295] tying undriven pin inst:sl_iport0[34] to constant 0
INFO: [Synth 8-3295] tying undriven pin inst:sl_iport0[33] to constant 0
INFO: [Synth 8-3295] tying undriven pin inst:sl_iport0[32] to constant 0
INFO: [Synth 8-3295] tying undriven pin inst:sl_iport0[31] to constant 0
INFO: [Synth 8-3295] tying undriven pin inst:sl_iport0[30] to constant 0
INFO: [Synth 8-3295] tying undriven pin inst:sl_iport0[29] to constant 0
INFO: [Synth 8-3295] tying undriven pin inst:sl_iport0[28] to constant 0
INFO: [Synth 8-3295] tying undriven pin inst:sl_iport0[27] to constant 0
INFO: [Synth 8-3295] tying undriven pin inst:sl_iport0[26] to constant 0
INFO: [Synth 8-3295] tying undriven pin inst:sl_iport0[25] to constant 0
INFO: [Synth 8-3295] tying undriven pin inst:sl_iport0[24] to constant 0
INFO: [Synth 8-3295] tying undriven pin inst:sl_iport0[23] to constant 0
INFO: [Synth 8-3295] tying undriven pin inst:sl_iport0[22] to constant 0
INFO: [Synth 8-3295] tying undriven pin inst:sl_iport0[21] to constant 0
INFO: [Synth 8-3295] tying undriven pin inst:sl_iport0[20] to constant 0
INFO: [Synth 8-3295] tying undriven pin inst:sl_iport0[19] to constant 0
INFO: [Synth 8-3295] tying undriven pin inst:sl_iport0[18] to constant 0
INFO: [Synth 8-3295] tying undriven pin inst:sl_iport0[17] to constant 0
INFO: [Synth 8-3295] tying undriven pin inst:sl_iport0[16] to constant 0
INFO: [Synth 8-3295] tying undriven pin inst:sl_iport0[15] to constant 0
INFO: [Synth 8-3295] tying undriven pin inst:sl_iport0[14] to constant 0
INFO: [Synth 8-3295] tying undriven pin inst:sl_iport0[13] to constant 0
INFO: [Synth 8-3295] tying undriven pin inst:sl_iport0[12] to constant 0
INFO: [Synth 8-3295] tying undriven pin inst:sl_iport0[11] to constant 0
INFO: [Synth 8-3295] tying undriven pin inst:sl_iport0[10] to constant 0
INFO: [Synth 8-3295] tying undriven pin inst:sl_iport0[9] to constant 0
INFO: [Synth 8-3295] tying undriven pin inst:sl_iport0[8] to constant 0
INFO: [Synth 8-3295] tying undriven pin inst:sl_iport0[7] to constant 0
INFO: [Synth 8-3295] tying undriven pin inst:sl_iport0[6] to constant 0
INFO: [Synth 8-3295] tying undriven pin inst:sl_iport0[5] to constant 0
INFO: [Synth 8-3295] tying undriven pin inst:sl_iport0[4] to constant 0
INFO: [Synth 8-3295] tying undriven pin inst:sl_iport0[3] to constant 0
INFO: [Synth 8-3295] tying undriven pin inst:sl_iport0[2] to constant 0
INFO: [Synth 8-3295] tying undriven pin inst:sl_iport0[1] to constant 0
INFO: [Synth 8-3295] tying undriven pin inst:sl_iport0[0] to constant 0
---------------------------------------------------------------------------------
Finished IO Insertion : Time (s): cpu = 00:01:58 ; elapsed = 00:02:06 . Memory (MB): peak = 1738.672 ; gain = 1074.094
---------------------------------------------------------------------------------
---------------------------------------------------------------------------------
Start Renaming Generated Instances
---------------------------------------------------------------------------------
---------------------------------------------------------------------------------
Finished Renaming Generated Instances : Time (s): cpu = 00:01:58 ; elapsed = 00:02:06 . Memory (MB): peak = 1738.672 ; gain = 1074.094
---------------------------------------------------------------------------------
---------------------------------------------------------------------------------
Start Rebuilding User Hierarchy
---------------------------------------------------------------------------------
---------------------------------------------------------------------------------
Finished Rebuilding User Hierarchy : Time (s): cpu = 00:01:58 ; elapsed = 00:02:07 . Memory (MB): peak = 1738.672 ; gain = 1074.094
---------------------------------------------------------------------------------
---------------------------------------------------------------------------------
Start Renaming Generated Ports
---------------------------------------------------------------------------------
---------------------------------------------------------------------------------
Finished Renaming Generated Ports : Time (s): cpu = 00:01:58 ; elapsed = 00:02:07 . Memory (MB): peak = 1738.672 ; gain = 1074.094
---------------------------------------------------------------------------------
---------------------------------------------------------------------------------
Start Handling Custom Attributes
---------------------------------------------------------------------------------
---------------------------------------------------------------------------------
Finished Handling Custom Attributes : Time (s): cpu = 00:01:59 ; elapsed = 00:02:07 . Memory (MB): peak = 1738.672 ; gain = 1074.094
---------------------------------------------------------------------------------
---------------------------------------------------------------------------------
Start Renaming Generated Nets
---------------------------------------------------------------------------------
---------------------------------------------------------------------------------
Finished Renaming Generated Nets : Time (s): cpu = 00:01:59 ; elapsed = 00:02:07 . Memory (MB): peak = 1738.672 ; gain = 1074.094
---------------------------------------------------------------------------------
---------------------------------------------------------------------------------
Start Writing Synthesis Report
---------------------------------------------------------------------------------

Report BlackBoxes: 
+-+--------------+----------+
| |BlackBox name |Instances |
+-+--------------+----------+
+-+--------------+----------+

Report Cell Usage: 
+------+---------+------+
|      |Cell     |Count |
+------+---------+------+
|1     |CARRY4   |    23|
|2     |CFGLUT5  |    71|
|3     |LUT1     |    30|
|4     |LUT2     |    88|
|5     |LUT3     |    97|
|6     |LUT4     |    88|
|7     |LUT5     |   124|
|8     |LUT6     |   404|
|9     |MUXF7    |     4|
|10    |RAMB36E1 |     2|
|11    |SRL16E   |    69|
|12    |SRLC16E  |     2|
|13    |SRLC32E  |    17|
|14    |FDRE     |  1429|
|15    |FDSE     |    10|
+------+---------+------+
---------------------------------------------------------------------------------
Finished Writing Synthesis Report : Time (s): cpu = 00:01:59 ; elapsed = 00:02:07 . Memory (MB): peak = 1738.672 ; gain = 1074.094
---------------------------------------------------------------------------------
Synthesis finished with 0 errors, 0 critical warnings and 2660 warnings.
Synthesis Optimization Runtime : Time (s): cpu = 00:00:46 ; elapsed = 00:02:00 . Memory (MB): peak = 1738.672 ; gain = 1074.094
Synthesis Optimization Complete : Time (s): cpu = 00:01:59 ; elapsed = 00:02:07 . Memory (MB): peak = 1738.672 ; gain = 1074.094
INFO: [Project 1-571] Translating synthesized netlist
Netlist sorting complete. Time (s): cpu = 00:00:01 ; elapsed = 00:00:00.060 . Memory (MB): peak = 1738.672 ; gain = 0.000
INFO: [Netlist 29-17] Analyzing 100 Unisim elements for replacement
INFO: [Netlist 29-28] Unisim Transformation completed in 0 CPU seconds
INFO: [Project 1-570] Preparing netlist for logic optimization
INFO: [Opt 31-138] Pushed 0 inverter(s) to 0 load pin(s).
Netlist sorting complete. Time (s): cpu = 00:00:00 ; elapsed = 00:00:00.001 . Memory (MB): peak = 1751.465 ; gain = 0.000
INFO: [Project 1-111] Unisim Transformation Summary:
  A total of 71 instances were transformed.
  CFGLUT5 => CFGLUT5 (SRL16E, SRLC32E): 64 instances
  CFGLUT5 => SRLC32E: 7 instances

Synth Design complete | Checksum: d643ec36
INFO: [Common 17-83] Releasing license: Synthesis
194 Infos, 111 Warnings, 0 Critical Warnings and 0 Errors encountered.
synth_design completed successfully
synth_design: Time (s): cpu = 00:02:09 ; elapsed = 00:02:34 . Memory (MB): peak = 1751.465 ; gain = 1322.211
Write ShapeDB Complete: Time (s): cpu = 00:00:00 ; elapsed = 00:00:00.015 . Memory (MB): peak = 1751.465 ; gain = 0.000
INFO: [Common 17-1381] The checkpoint 'C:/Users/marce/OneDrive/Dokumente/zynq_project/photonsorting/sg_stream/sg_stream.runs/signal_generator_ila_0_7_synth_1/signal_generator_ila_0_7.dcp' has been generated.
INFO: [Coretcl 2-1648] Added synthesis output to IP cache for IP signal_generator_ila_0_7, cache-ID = 58b601bef4eeb155
INFO: [Coretcl 2-1174] Renamed 121 cell refs.
Write ShapeDB Complete: Time (s): cpu = 00:00:00 ; elapsed = 00:00:00.012 . Memory (MB): peak = 1751.465 ; gain = 0.000
INFO: [Common 17-1381] The checkpoint 'C:/Users/marce/OneDrive/Dokumente/zynq_project/photonsorting/sg_stream/sg_stream.runs/signal_generator_ila_0_7_synth_1/signal_generator_ila_0_7.dcp' has been generated.
INFO: [Vivado 12-24828] Executing command : report_utilization -file signal_generator_ila_0_7_utilization_synth.rpt -pb signal_generator_ila_0_7_utilization_synth.pb
INFO: [Common 17-206] Exiting Vivado at Mon Feb 23 17:33:17 2026...

*** Running vivado
    with args -log signal_generator_ila_0_7.vds -m64 -product Vivado -mode batch -messageDb vivado.pb -notrace -source signal_generator_ila_0_7.tcl



****** Vivado v2024.2 (64-bit)
  **** SW Build 5239630 on Fri Nov 08 22:35:27 MST 2024
  **** IP Build 5239520 on Sun Nov 10 16:12:51 MST 2024
  **** SharedData Build 5239561 on Fri Nov 08 14:39:27 MST 2024
  **** Start of session at: Mon Feb 23 20:36:41 2026
    ** Copyright 1986-2022 Xilinx, Inc. All Rights Reserved.
    ** Copyright 2022-2024 Advanced Micro Devices, Inc. All Rights Reserved.

source signal_generator_ila_0_7.tcl -notrace
WARNING: [Common 17-1361] You have specified a new message control rule that is equivalent to an existing rule with attributes ' -id {17-179}  -suppress '. The existing rule will be replaced.
WARNING: [Common 17-1361] You have specified a new message control rule that is equivalent to an existing rule with attributes ' -id {17-179}  -suppress '. The existing rule will be replaced.
WARNING: [Common 17-1361] You have specified a new message control rule that is equivalent to an existing rule with attributes ' -id {17-179}  -suppress '. The existing rule will be replaced.
WARNING: [Common 17-1361] You have specified a new message control rule that is equivalent to an existing rule with attributes ' -id {17-179}  -suppress '. The existing rule will be replaced.
INFO: [IP_Flow 19-234] Refreshing IP repositories
INFO: [IP_Flow 19-1700] Loaded user IP repository 'c:/Users/marce/OneDrive/Dokumente/zynq_project/LVDS/IP/DDR_Fabric_2_always_debug'.
INFO: [IP_Flow 19-1700] Loaded user IP repository 'c:/Users/marce/OneDrive/Dokumente/zynq_project/photonsorting/IP/barrel_histo'.
INFO: [IP_Flow 19-1700] Loaded user IP repository 'c:/Users/marce/OneDrive/Dokumente/zynq_project/LVDS/IP/DDR_Fabric'.
INFO: [IP_Flow 19-1700] Loaded user IP repository 'c:/Users/marce/OneDrive/Dokumente/zynq_project/LVDS/IP/DDR_LVDS_Fabric_IP'.
INFO: [IP_Flow 19-1700] Loaded user IP repository 'c:/Users/marce/OneDrive/Dokumente/zynq_project/ip/laser_emulator'.
INFO: [IP_Flow 19-1700] Loaded user IP repository 'c:/Users/marce/OneDrive/Dokumente/zynq_project/photonsorting/IP/histo_stream'.
INFO: [IP_Flow 19-1700] Loaded user IP repository 'c:/Users/marce/OneDrive/Dokumente/zynq_project/ip/laser_emulator_xxl'.
INFO: [IP_Flow 19-2313] Loaded Vivado IP repository 'C:/Xilinx/Vivado/2024.2/data/ip'.
WARNING: [IP_Flow 19-4995] The host OS only allows 260 characters in a normal path. The IP cache path is more than 80 characters. If you experience issues with IP caching, please consider changing the IP cache to a location with a shorter path. Alternately consider using the OS subst command to map part of the path to a drive letter. 
Current IP cache path is c:/Users/marce/OneDrive/Dokumente/zynq_project/photonsorting/sg_stream/sg_stream.cache/ip 
INFO: [IP_Flow 19-6924] IPCACHE: Running cache check for IP inst: signal_generator_ila_0_7
Command: synth_design -top signal_generator_ila_0_7 -part xc7z020clg484-1 -incremental_mode off -mode out_of_context
Starting synth_design
Attempting to get a license for feature 'Synthesis' and/or device 'xc7z020'
INFO: [Common 17-349] Got license for feature 'Synthesis' and/or device 'xc7z020'
INFO: [Device 21-403] Loading part xc7z020clg484-1
INFO: [Synth 8-7079] Multithreading enabled for synth_design using a maximum of 2 processes.
INFO: [Synth 8-7078] Launching helper process for spawning children vivado processes
WARNING: [Common 17-1361] You have specified a new message control rule that is equivalent to an existing rule with attributes ' -id {17-179}  -suppress '. The existing rule will be replaced.
INFO: [Synth 8-7075] Helper process launched with PID 24000
---------------------------------------------------------------------------------
Starting RTL Elaboration : Time (s): cpu = 00:00:16 ; elapsed = 00:00:17 . Memory (MB): peak = 1131.750 ; gain = 465.359
---------------------------------------------------------------------------------
INFO: [Synth 8-11241] undeclared symbol 'tms_int', assumed default net type 'wire' [c:/Users/marce/OneDrive/Dokumente/zynq_project/photonsorting/sg_stream/sg_stream.gen/sources_1/bd/signal_generator/ipshared/52c0/hdl/verilog/xsdbm_v3_0_3_bs_core_ext.vh:30]
INFO: [Synth 8-11241] undeclared symbol 'runtest_int', assumed default net type 'wire' [c:/Users/marce/OneDrive/Dokumente/zynq_project/photonsorting/sg_stream/sg_stream.gen/sources_1/bd/signal_generator/ipshared/52c0/hdl/verilog/xsdbm_v3_0_3_bs_core_ext.vh:32]
INFO: [Synth 8-11241] undeclared symbol 'tms_int', assumed default net type 'wire' [c:/Users/marce/OneDrive/Dokumente/zynq_project/photonsorting/sg_stream/sg_stream.gen/sources_1/bd/signal_generator/ipshared/52c0/hdl/verilog/xsdbm_v3_0_3_bs_core_ext.vh:69]
INFO: [Synth 8-11241] undeclared symbol 'runtest_int', assumed default net type 'wire' [c:/Users/marce/OneDrive/Dokumente/zynq_project/photonsorting/sg_stream/sg_stream.gen/sources_1/bd/signal_generator/ipshared/52c0/hdl/verilog/xsdbm_v3_0_3_bs_core_ext.vh:71]
INFO: [Synth 8-11241] undeclared symbol 'tms_int', assumed default net type 'wire' [c:/Users/marce/OneDrive/Dokumente/zynq_project/photonsorting/sg_stream/sg_stream.gen/sources_1/bd/signal_generator/ipshared/52c0/hdl/verilog/xsdbm_v3_0_3_bs_core_ext.vh:109]
INFO: [Synth 8-11241] undeclared symbol 'runtest_int', assumed default net type 'wire' [c:/Users/marce/OneDrive/Dokumente/zynq_project/photonsorting/sg_stream/sg_stream.gen/sources_1/bd/signal_generator/ipshared/52c0/hdl/verilog/xsdbm_v3_0_3_bs_core_ext.vh:111]
INFO: [Synth 8-11241] undeclared symbol 'tms_int', assumed default net type 'wire' [c:/Users/marce/OneDrive/Dokumente/zynq_project/photonsorting/sg_stream/sg_stream.gen/sources_1/bd/signal_generator/ipshared/52c0/hdl/verilog/xsdbm_v3_0_3_bs_core_ext.vh:150]
INFO: [Synth 8-11241] undeclared symbol 'runtest_int', assumed default net type 'wire' [c:/Users/marce/OneDrive/Dokumente/zynq_project/photonsorting/sg_stream/sg_stream.gen/sources_1/bd/signal_generator/ipshared/52c0/hdl/verilog/xsdbm_v3_0_3_bs_core_ext.vh:152]
INFO: [Synth 8-11241] undeclared symbol 'tms_int', assumed default net type 'wire' [c:/Users/marce/OneDrive/Dokumente/zynq_project/photonsorting/sg_stream/sg_stream.gen/sources_1/bd/signal_generator/ipshared/52c0/hdl/verilog/xsdbm_v3_0_3_bs_core_ext.vh:192]
INFO: [Synth 8-11241] undeclared symbol 'runtest_int', assumed default net type 'wire' [c:/Users/marce/OneDrive/Dokumente/zynq_project/photonsorting/sg_stream/sg_stream.gen/sources_1/bd/signal_generator/ipshared/52c0/hdl/verilog/xsdbm_v3_0_3_bs_core_ext.vh:194]
INFO: [Synth 8-11241] undeclared symbol 'tms_int', assumed default net type 'wire' [c:/Users/marce/OneDrive/Dokumente/zynq_project/photonsorting/sg_stream/sg_stream.gen/sources_1/bd/signal_generator/ipshared/52c0/hdl/verilog/xsdbm_v3_0_3_bs_core_ext.vh:235]
INFO: [Synth 8-11241] undeclared symbol 'runtest_int', assumed default net type 'wire' [c:/Users/marce/OneDrive/Dokumente/zynq_project/photonsorting/sg_stream/sg_stream.gen/sources_1/bd/signal_generator/ipshared/52c0/hdl/verilog/xsdbm_v3_0_3_bs_core_ext.vh:237]
INFO: [Synth 8-11241] undeclared symbol 'tms_int', assumed default net type 'wire' [c:/Users/marce/OneDrive/Dokumente/zynq_project/photonsorting/sg_stream/sg_stream.gen/sources_1/bd/signal_generator/ipshared/52c0/hdl/verilog/xsdbm_v3_0_3_bs_core_ext.vh:279]
INFO: [Synth 8-11241] undeclared symbol 'runtest_int', assumed default net type 'wire' [c:/Users/marce/OneDrive/Dokumente/zynq_project/photonsorting/sg_stream/sg_stream.gen/sources_1/bd/signal_generator/ipshared/52c0/hdl/verilog/xsdbm_v3_0_3_bs_core_ext.vh:281]
INFO: [Synth 8-11241] undeclared symbol 'tms_int', assumed default net type 'wire' [c:/Users/marce/OneDrive/Dokumente/zynq_project/photonsorting/sg_stream/sg_stream.gen/sources_1/bd/signal_generator/ipshared/52c0/hdl/verilog/xsdbm_v3_0_3_bs_core_ext.vh:324]
INFO: [Synth 8-11241] undeclared symbol 'runtest_int', assumed default net type 'wire' [c:/Users/marce/OneDrive/Dokumente/zynq_project/photonsorting/sg_stream/sg_stream.gen/sources_1/bd/signal_generator/ipshared/52c0/hdl/verilog/xsdbm_v3_0_3_bs_core_ext.vh:326]
INFO: [Synth 8-11241] undeclared symbol 'tms_int', assumed default net type 'wire' [c:/Users/marce/OneDrive/Dokumente/zynq_project/photonsorting/sg_stream/sg_stream.gen/sources_1/bd/signal_generator/ipshared/52c0/hdl/verilog/xsdbm_v3_0_3_bs_core_ext.vh:370]
INFO: [Synth 8-11241] undeclared symbol 'runtest_int', assumed default net type 'wire' [c:/Users/marce/OneDrive/Dokumente/zynq_project/photonsorting/sg_stream/sg_stream.gen/sources_1/bd/signal_generator/ipshared/52c0/hdl/verilog/xsdbm_v3_0_3_bs_core_ext.vh:372]
INFO: [Synth 8-11241] undeclared symbol 'tms_int', assumed default net type 'wire' [c:/Users/marce/OneDrive/Dokumente/zynq_project/photonsorting/sg_stream/sg_stream.gen/sources_1/bd/signal_generator/ipshared/52c0/hdl/verilog/xsdbm_v3_0_3_bs_core_ext.vh:417]
INFO: [Synth 8-11241] undeclared symbol 'runtest_int', assumed default net type 'wire' [c:/Users/marce/OneDrive/Dokumente/zynq_project/photonsorting/sg_stream/sg_stream.gen/sources_1/bd/signal_generator/ipshared/52c0/hdl/verilog/xsdbm_v3_0_3_bs_core_ext.vh:419]
INFO: [Synth 8-11241] undeclared symbol 'tms_int', assumed default net type 'wire' [c:/Users/marce/OneDrive/Dokumente/zynq_project/photonsorting/sg_stream/sg_stream.gen/sources_1/bd/signal_generator/ipshared/52c0/hdl/verilog/xsdbm_v3_0_3_bs_core_ext.vh:465]
INFO: [Synth 8-11241] undeclared symbol 'runtest_int', assumed default net type 'wire' [c:/Users/marce/OneDrive/Dokumente/zynq_project/photonsorting/sg_stream/sg_stream.gen/sources_1/bd/signal_generator/ipshared/52c0/hdl/verilog/xsdbm_v3_0_3_bs_core_ext.vh:467]
INFO: [Synth 8-11241] undeclared symbol 'tms_int', assumed default net type 'wire' [c:/Users/marce/OneDrive/Dokumente/zynq_project/photonsorting/sg_stream/sg_stream.gen/sources_1/bd/signal_generator/ipshared/52c0/hdl/verilog/xsdbm_v3_0_3_bs_core_ext.vh:514]
INFO: [Synth 8-11241] undeclared symbol 'runtest_int', assumed default net type 'wire' [c:/Users/marce/OneDrive/Dokumente/zynq_project/photonsorting/sg_stream/sg_stream.gen/sources_1/bd/signal_generator/ipshared/52c0/hdl/verilog/xsdbm_v3_0_3_bs_core_ext.vh:516]
INFO: [Synth 8-11241] undeclared symbol 'tms_int', assumed default net type 'wire' [c:/Users/marce/OneDrive/Dokumente/zynq_project/photonsorting/sg_stream/sg_stream.gen/sources_1/bd/signal_generator/ipshared/52c0/hdl/verilog/xsdbm_v3_0_3_bs_core_ext.vh:564]
INFO: [Synth 8-11241] undeclared symbol 'runtest_int', assumed default net type 'wire' [c:/Users/marce/OneDrive/Dokumente/zynq_project/photonsorting/sg_stream/sg_stream.gen/sources_1/bd/signal_generator/ipshared/52c0/hdl/verilog/xsdbm_v3_0_3_bs_core_ext.vh:566]
INFO: [Synth 8-11241] undeclared symbol 'tms_int', assumed default net type 'wire' [c:/Users/marce/OneDrive/Dokumente/zynq_project/photonsorting/sg_stream/sg_stream.gen/sources_1/bd/signal_generator/ipshared/52c0/hdl/verilog/xsdbm_v3_0_3_bs_core_ext.vh:615]
INFO: [Synth 8-11241] undeclared symbol 'runtest_int', assumed default net type 'wire' [c:/Users/marce/OneDrive/Dokumente/zynq_project/photonsorting/sg_stream/sg_stream.gen/sources_1/bd/signal_generator/ipshared/52c0/hdl/verilog/xsdbm_v3_0_3_bs_core_ext.vh:617]
INFO: [Synth 8-11241] undeclared symbol 'tms_int', assumed default net type 'wire' [c:/Users/marce/OneDrive/Dokumente/zynq_project/photonsorting/sg_stream/sg_stream.gen/sources_1/bd/signal_generator/ipshared/52c0/hdl/verilog/xsdbm_v3_0_3_bs_core.vh:30]
INFO: [Synth 8-11241] undeclared symbol 'runtest_int', assumed default net type 'wire' [c:/Users/marce/OneDrive/Dokumente/zynq_project/photonsorting/sg_stream/sg_stream.gen/sources_1/bd/signal_generator/ipshared/52c0/hdl/verilog/xsdbm_v3_0_3_bs_core.vh:32]
INFO: [Synth 8-11241] undeclared symbol 'tms_int', assumed default net type 'wire' [c:/Users/marce/OneDrive/Dokumente/zynq_project/photonsorting/sg_stream/sg_stream.gen/sources_1/bd/signal_generator/ipshared/52c0/hdl/verilog/xsdbm_v3_0_3_bs_core.vh:69]
INFO: [Synth 8-11241] undeclared symbol 'runtest_int', assumed default net type 'wire' [c:/Users/marce/OneDrive/Dokumente/zynq_project/photonsorting/sg_stream/sg_stream.gen/sources_1/bd/signal_generator/ipshared/52c0/hdl/verilog/xsdbm_v3_0_3_bs_core.vh:71]
INFO: [Synth 8-11241] undeclared symbol 'tms_int', assumed default net type 'wire' [c:/Users/marce/OneDrive/Dokumente/zynq_project/photonsorting/sg_stream/sg_stream.gen/sources_1/bd/signal_generator/ipshared/52c0/hdl/verilog/xsdbm_v3_0_3_bs_core.vh:109]
INFO: [Synth 8-11241] undeclared symbol 'runtest_int', assumed default net type 'wire' [c:/Users/marce/OneDrive/Dokumente/zynq_project/photonsorting/sg_stream/sg_stream.gen/sources_1/bd/signal_generator/ipshared/52c0/hdl/verilog/xsdbm_v3_0_3_bs_core.vh:111]
INFO: [Synth 8-11241] undeclared symbol 'tms_int', assumed default net type 'wire' [c:/Users/marce/OneDrive/Dokumente/zynq_project/photonsorting/sg_stream/sg_stream.gen/sources_1/bd/signal_generator/ipshared/52c0/hdl/verilog/xsdbm_v3_0_3_bs_core.vh:150]
INFO: [Synth 8-11241] undeclared symbol 'runtest_int', assumed default net type 'wire' [c:/Users/marce/OneDrive/Dokumente/zynq_project/photonsorting/sg_stream/sg_stream.gen/sources_1/bd/signal_generator/ipshared/52c0/hdl/verilog/xsdbm_v3_0_3_bs_core.vh:152]
INFO: [Synth 8-11241] undeclared symbol 'tms_int', assumed default net type 'wire' [c:/Users/marce/OneDrive/Dokumente/zynq_project/photonsorting/sg_stream/sg_stream.gen/sources_1/bd/signal_generator/ipshared/52c0/hdl/verilog/xsdbm_v3_0_3_bs_core.vh:192]
INFO: [Synth 8-11241] undeclared symbol 'runtest_int', assumed default net type 'wire' [c:/Users/marce/OneDrive/Dokumente/zynq_project/photonsorting/sg_stream/sg_stream.gen/sources_1/bd/signal_generator/ipshared/52c0/hdl/verilog/xsdbm_v3_0_3_bs_core.vh:194]
INFO: [Synth 8-11241] undeclared symbol 'tms_int', assumed default net type 'wire' [c:/Users/marce/OneDrive/Dokumente/zynq_project/photonsorting/sg_stream/sg_stream.gen/sources_1/bd/signal_generator/ipshared/52c0/hdl/verilog/xsdbm_v3_0_3_bs_core.vh:235]
INFO: [Synth 8-11241] undeclared symbol 'runtest_int', assumed default net type 'wire' [c:/Users/marce/OneDrive/Dokumente/zynq_project/photonsorting/sg_stream/sg_stream.gen/sources_1/bd/signal_generator/ipshared/52c0/hdl/verilog/xsdbm_v3_0_3_bs_core.vh:237]
INFO: [Synth 8-11241] undeclared symbol 'tms_int', assumed default net type 'wire' [c:/Users/marce/OneDrive/Dokumente/zynq_project/photonsorting/sg_stream/sg_stream.gen/sources_1/bd/signal_generator/ipshared/52c0/hdl/verilog/xsdbm_v3_0_3_bs_core.vh:279]
INFO: [Synth 8-11241] undeclared symbol 'runtest_int', assumed default net type 'wire' [c:/Users/marce/OneDrive/Dokumente/zynq_project/photonsorting/sg_stream/sg_stream.gen/sources_1/bd/signal_generator/ipshared/52c0/hdl/verilog/xsdbm_v3_0_3_bs_core.vh:281]
INFO: [Synth 8-11241] undeclared symbol 'tms_int', assumed default net type 'wire' [c:/Users/marce/OneDrive/Dokumente/zynq_project/photonsorting/sg_stream/sg_stream.gen/sources_1/bd/signal_generator/ipshared/52c0/hdl/verilog/xsdbm_v3_0_3_bs_core.vh:324]
INFO: [Synth 8-11241] undeclared symbol 'runtest_int', assumed default net type 'wire' [c:/Users/marce/OneDrive/Dokumente/zynq_project/photonsorting/sg_stream/sg_stream.gen/sources_1/bd/signal_generator/ipshared/52c0/hdl/verilog/xsdbm_v3_0_3_bs_core.vh:326]
INFO: [Synth 8-11241] undeclared symbol 'tms_int', assumed default net type 'wire' [c:/Users/marce/OneDrive/Dokumente/zynq_project/photonsorting/sg_stream/sg_stream.gen/sources_1/bd/signal_generator/ipshared/52c0/hdl/verilog/xsdbm_v3_0_3_bs_core.vh:370]
INFO: [Synth 8-11241] undeclared symbol 'runtest_int', assumed default net type 'wire' [c:/Users/marce/OneDrive/Dokumente/zynq_project/photonsorting/sg_stream/sg_stream.gen/sources_1/bd/signal_generator/ipshared/52c0/hdl/verilog/xsdbm_v3_0_3_bs_core.vh:372]
INFO: [Synth 8-11241] undeclared symbol 'tms_int', assumed default net type 'wire' [c:/Users/marce/OneDrive/Dokumente/zynq_project/photonsorting/sg_stream/sg_stream.gen/sources_1/bd/signal_generator/ipshared/52c0/hdl/verilog/xsdbm_v3_0_3_bs_core.vh:417]
INFO: [Synth 8-11241] undeclared symbol 'runtest_int', assumed default net type 'wire' [c:/Users/marce/OneDrive/Dokumente/zynq_project/photonsorting/sg_stream/sg_stream.gen/sources_1/bd/signal_generator/ipshared/52c0/hdl/verilog/xsdbm_v3_0_3_bs_core.vh:419]
INFO: [Synth 8-11241] undeclared symbol 'tms_int', assumed default net type 'wire' [c:/Users/marce/OneDrive/Dokumente/zynq_project/photonsorting/sg_stream/sg_stream.gen/sources_1/bd/signal_generator/ipshared/52c0/hdl/verilog/xsdbm_v3_0_3_bs_core.vh:465]
INFO: [Synth 8-11241] undeclared symbol 'runtest_int', assumed default net type 'wire' [c:/Users/marce/OneDrive/Dokumente/zynq_project/photonsorting/sg_stream/sg_stream.gen/sources_1/bd/signal_generator/ipshared/52c0/hdl/verilog/xsdbm_v3_0_3_bs_core.vh:467]
INFO: [Synth 8-11241] undeclared symbol 'tms_int', assumed default net type 'wire' [c:/Users/marce/OneDrive/Dokumente/zynq_project/photonsorting/sg_stream/sg_stream.gen/sources_1/bd/signal_generator/ipshared/52c0/hdl/verilog/xsdbm_v3_0_3_bs_core.vh:514]
INFO: [Synth 8-11241] undeclared symbol 'runtest_int', assumed default net type 'wire' [c:/Users/marce/OneDrive/Dokumente/zynq_project/photonsorting/sg_stream/sg_stream.gen/sources_1/bd/signal_generator/ipshared/52c0/hdl/verilog/xsdbm_v3_0_3_bs_core.vh:516]
INFO: [Synth 8-11241] undeclared symbol 'tms_int', assumed default net type 'wire' [c:/Users/marce/OneDrive/Dokumente/zynq_project/photonsorting/sg_stream/sg_stream.gen/sources_1/bd/signal_generator/ipshared/52c0/hdl/verilog/xsdbm_v3_0_3_bs_core.vh:564]
INFO: [Synth 8-11241] undeclared symbol 'runtest_int', assumed default net type 'wire' [c:/Users/marce/OneDrive/Dokumente/zynq_project/photonsorting/sg_stream/sg_stream.gen/sources_1/bd/signal_generator/ipshared/52c0/hdl/verilog/xsdbm_v3_0_3_bs_core.vh:566]
INFO: [Synth 8-11241] undeclared symbol 'tms_int', assumed default net type 'wire' [c:/Users/marce/OneDrive/Dokumente/zynq_project/photonsorting/sg_stream/sg_stream.gen/sources_1/bd/signal_generator/ipshared/52c0/hdl/verilog/xsdbm_v3_0_3_bs_core.vh:615]
INFO: [Synth 8-11241] undeclared symbol 'runtest_int', assumed default net type 'wire' [c:/Users/marce/OneDrive/Dokumente/zynq_project/photonsorting/sg_stream/sg_stream.gen/sources_1/bd/signal_generator/ipshared/52c0/hdl/verilog/xsdbm_v3_0_3_bs_core.vh:617]
INFO: [Synth 8-11241] undeclared symbol 'tms_int', assumed default net type 'wire' [c:/Users/marce/OneDrive/Dokumente/zynq_project/photonsorting/sg_stream/sg_stream.gen/sources_1/bd/signal_generator/ipshared/52c0/hdl/verilog/xsdbm_v3_0_3_bs_core_vec.vh:30]
INFO: [Synth 8-11241] undeclared symbol 'runtest_int', assumed default net type 'wire' [c:/Users/marce/OneDrive/Dokumente/zynq_project/photonsorting/sg_stream/sg_stream.gen/sources_1/bd/signal_generator/ipshared/52c0/hdl/verilog/xsdbm_v3_0_3_bs_core_vec.vh:32]
INFO: [Synth 8-11241] undeclared symbol 'tms_int', assumed default net type 'wire' [c:/Users/marce/OneDrive/Dokumente/zynq_project/photonsorting/sg_stream/sg_stream.gen/sources_1/bd/signal_generator/ipshared/52c0/hdl/verilog/xsdbm_v3_0_3_bs_core_vec.vh:65]
INFO: [Synth 8-11241] undeclared symbol 'runtest_int', assumed default net type 'wire' [c:/Users/marce/OneDrive/Dokumente/zynq_project/photonsorting/sg_stream/sg_stream.gen/sources_1/bd/signal_generator/ipshared/52c0/hdl/verilog/xsdbm_v3_0_3_bs_core_vec.vh:67]
INFO: [Synth 8-11241] undeclared symbol 'tms_int', assumed default net type 'wire' [c:/Users/marce/OneDrive/Dokumente/zynq_project/photonsorting/sg_stream/sg_stream.gen/sources_1/bd/signal_generator/ipshared/52c0/hdl/verilog/xsdbm_v3_0_3_bs_core_vec.vh:100]
INFO: [Synth 8-11241] undeclared symbol 'runtest_int', assumed default net type 'wire' [c:/Users/marce/OneDrive/Dokumente/zynq_project/photonsorting/sg_stream/sg_stream.gen/sources_1/bd/signal_generator/ipshared/52c0/hdl/verilog/xsdbm_v3_0_3_bs_core_vec.vh:102]
INFO: [Synth 8-11241] undeclared symbol 'tms_int', assumed default net type 'wire' [c:/Users/marce/OneDrive/Dokumente/zynq_project/photonsorting/sg_stream/sg_stream.gen/sources_1/bd/signal_generator/ipshared/52c0/hdl/verilog/xsdbm_v3_0_3_bs_core_vec.vh:135]
INFO: [Synth 8-11241] undeclared symbol 'runtest_int', assumed default net type 'wire' [c:/Users/marce/OneDrive/Dokumente/zynq_project/photonsorting/sg_stream/sg_stream.gen/sources_1/bd/signal_generator/ipshared/52c0/hdl/verilog/xsdbm_v3_0_3_bs_core_vec.vh:137]
INFO: [Synth 8-11241] undeclared symbol 'tms_int', assumed default net type 'wire' [c:/Users/marce/OneDrive/Dokumente/zynq_project/photonsorting/sg_stream/sg_stream.gen/sources_1/bd/signal_generator/ipshared/52c0/hdl/verilog/xsdbm_v3_0_3_bs_core_vec.vh:170]
INFO: [Synth 8-11241] undeclared symbol 'runtest_int', assumed default net type 'wire' [c:/Users/marce/OneDrive/Dokumente/zynq_project/photonsorting/sg_stream/sg_stream.gen/sources_1/bd/signal_generator/ipshared/52c0/hdl/verilog/xsdbm_v3_0_3_bs_core_vec.vh:172]
INFO: [Synth 8-11241] undeclared symbol 'tms_int', assumed default net type 'wire' [c:/Users/marce/OneDrive/Dokumente/zynq_project/photonsorting/sg_stream/sg_stream.gen/sources_1/bd/signal_generator/ipshared/52c0/hdl/verilog/xsdbm_v3_0_3_bs_core_vec.vh:205]
INFO: [Synth 8-11241] undeclared symbol 'runtest_int', assumed default net type 'wire' [c:/Users/marce/OneDrive/Dokumente/zynq_project/photonsorting/sg_stream/sg_stream.gen/sources_1/bd/signal_generator/ipshared/52c0/hdl/verilog/xsdbm_v3_0_3_bs_core_vec.vh:207]
INFO: [Synth 8-11241] undeclared symbol 'tms_int', assumed default net type 'wire' [c:/Users/marce/OneDrive/Dokumente/zynq_project/photonsorting/sg_stream/sg_stream.gen/sources_1/bd/signal_generator/ipshared/52c0/hdl/verilog/xsdbm_v3_0_3_bs_core_vec.vh:240]
INFO: [Synth 8-11241] undeclared symbol 'runtest_int', assumed default net type 'wire' [c:/Users/marce/OneDrive/Dokumente/zynq_project/photonsorting/sg_stream/sg_stream.gen/sources_1/bd/signal_generator/ipshared/52c0/hdl/verilog/xsdbm_v3_0_3_bs_core_vec.vh:242]
INFO: [Synth 8-11241] undeclared symbol 'tms_int', assumed default net type 'wire' [c:/Users/marce/OneDrive/Dokumente/zynq_project/photonsorting/sg_stream/sg_stream.gen/sources_1/bd/signal_generator/ipshared/52c0/hdl/verilog/xsdbm_v3_0_3_bs_core_vec.vh:275]
INFO: [Synth 8-11241] undeclared symbol 'runtest_int', assumed default net type 'wire' [c:/Users/marce/OneDrive/Dokumente/zynq_project/photonsorting/sg_stream/sg_stream.gen/sources_1/bd/signal_generator/ipshared/52c0/hdl/verilog/xsdbm_v3_0_3_bs_core_vec.vh:277]
INFO: [Synth 8-11241] undeclared symbol 'tms_int', assumed default net type 'wire' [c:/Users/marce/OneDrive/Dokumente/zynq_project/photonsorting/sg_stream/sg_stream.gen/sources_1/bd/signal_generator/ipshared/52c0/hdl/verilog/xsdbm_v3_0_3_bs_core_vec.vh:310]
INFO: [Synth 8-11241] undeclared symbol 'runtest_int', assumed default net type 'wire' [c:/Users/marce/OneDrive/Dokumente/zynq_project/photonsorting/sg_stream/sg_stream.gen/sources_1/bd/signal_generator/ipshared/52c0/hdl/verilog/xsdbm_v3_0_3_bs_core_vec.vh:312]
INFO: [Synth 8-11241] undeclared symbol 'tms_int', assumed default net type 'wire' [c:/Users/marce/OneDrive/Dokumente/zynq_project/photonsorting/sg_stream/sg_stream.gen/sources_1/bd/signal_generator/ipshared/52c0/hdl/verilog/xsdbm_v3_0_3_bs_core_vec.vh:345]
INFO: [Synth 8-11241] undeclared symbol 'runtest_int', assumed default net type 'wire' [c:/Users/marce/OneDrive/Dokumente/zynq_project/photonsorting/sg_stream/sg_stream.gen/sources_1/bd/signal_generator/ipshared/52c0/hdl/verilog/xsdbm_v3_0_3_bs_core_vec.vh:347]
INFO: [Synth 8-11241] undeclared symbol 'tms_int', assumed default net type 'wire' [c:/Users/marce/OneDrive/Dokumente/zynq_project/photonsorting/sg_stream/sg_stream.gen/sources_1/bd/signal_generator/ipshared/52c0/hdl/verilog/xsdbm_v3_0_3_bs_core_vec.vh:380]
INFO: [Synth 8-11241] undeclared symbol 'runtest_int', assumed default net type 'wire' [c:/Users/marce/OneDrive/Dokumente/zynq_project/photonsorting/sg_stream/sg_stream.gen/sources_1/bd/signal_generator/ipshared/52c0/hdl/verilog/xsdbm_v3_0_3_bs_core_vec.vh:382]
INFO: [Synth 8-11241] undeclared symbol 'tms_int', assumed default net type 'wire' [c:/Users/marce/OneDrive/Dokumente/zynq_project/photonsorting/sg_stream/sg_stream.gen/sources_1/bd/signal_generator/ipshared/52c0/hdl/verilog/xsdbm_v3_0_3_bs_core_vec.vh:415]
INFO: [Synth 8-11241] undeclared symbol 'runtest_int', assumed default net type 'wire' [c:/Users/marce/OneDrive/Dokumente/zynq_project/photonsorting/sg_stream/sg_stream.gen/sources_1/bd/signal_generator/ipshared/52c0/hdl/verilog/xsdbm_v3_0_3_bs_core_vec.vh:417]
INFO: [Synth 8-11241] undeclared symbol 'tms_int', assumed default net type 'wire' [c:/Users/marce/OneDrive/Dokumente/zynq_project/photonsorting/sg_stream/sg_stream.gen/sources_1/bd/signal_generator/ipshared/52c0/hdl/verilog/xsdbm_v3_0_3_bs_core_vec.vh:450]
INFO: [Synth 8-11241] undeclared symbol 'runtest_int', assumed default net type 'wire' [c:/Users/marce/OneDrive/Dokumente/zynq_project/photonsorting/sg_stream/sg_stream.gen/sources_1/bd/signal_generator/ipshared/52c0/hdl/verilog/xsdbm_v3_0_3_bs_core_vec.vh:452]
INFO: [Synth 8-11241] undeclared symbol 'tms_int', assumed default net type 'wire' [c:/Users/marce/OneDrive/Dokumente/zynq_project/photonsorting/sg_stream/sg_stream.gen/sources_1/bd/signal_generator/ipshared/52c0/hdl/verilog/xsdbm_v3_0_3_bs_core_vec.vh:485]
INFO: [Synth 8-11241] undeclared symbol 'runtest_int', assumed default net type 'wire' [c:/Users/marce/OneDrive/Dokumente/zynq_project/photonsorting/sg_stream/sg_stream.gen/sources_1/bd/signal_generator/ipshared/52c0/hdl/verilog/xsdbm_v3_0_3_bs_core_vec.vh:487]
INFO: [Synth 8-11241] undeclared symbol 'tms_int', assumed default net type 'wire' [c:/Users/marce/OneDrive/Dokumente/zynq_project/photonsorting/sg_stream/sg_stream.gen/sources_1/bd/signal_generator/ipshared/52c0/hdl/verilog/xsdbm_v3_0_3_bs_core_vec.vh:30]
INFO: [Synth 8-11241] undeclared symbol 'runtest_int', assumed default net type 'wire' [c:/Users/marce/OneDrive/Dokumente/zynq_project/photonsorting/sg_stream/sg_stream.gen/sources_1/bd/signal_generator/ipshared/52c0/hdl/verilog/xsdbm_v3_0_3_bs_core_vec.vh:32]
INFO: [Synth 8-11241] undeclared symbol 'tms_int', assumed default net type 'wire' [c:/Users/marce/OneDrive/Dokumente/zynq_project/photonsorting/sg_stream/sg_stream.gen/sources_1/bd/signal_generator/ipshared/52c0/hdl/verilog/xsdbm_v3_0_3_bs_core_vec.vh:65]
INFO: [Synth 8-11241] undeclared symbol 'runtest_int', assumed default net type 'wire' [c:/Users/marce/OneDrive/Dokumente/zynq_project/photonsorting/sg_stream/sg_stream.gen/sources_1/bd/signal_generator/ipshared/52c0/hdl/verilog/xsdbm_v3_0_3_bs_core_vec.vh:67]
INFO: [Synth 8-11241] undeclared symbol 'tms_int', assumed default net type 'wire' [c:/Users/marce/OneDrive/Dokumente/zynq_project/photonsorting/sg_stream/sg_stream.gen/sources_1/bd/signal_generator/ipshared/52c0/hdl/verilog/xsdbm_v3_0_3_bs_core_vec.vh:100]
INFO: [Synth 8-11241] undeclared symbol 'runtest_int', assumed default net type 'wire' [c:/Users/marce/OneDrive/Dokumente/zynq_project/photonsorting/sg_stream/sg_stream.gen/sources_1/bd/signal_generator/ipshared/52c0/hdl/verilog/xsdbm_v3_0_3_bs_core_vec.vh:102]
INFO: [Synth 8-11241] undeclared symbol 'tms_int', assumed default net type 'wire' [c:/Users/marce/OneDrive/Dokumente/zynq_project/photonsorting/sg_stream/sg_stream.gen/sources_1/bd/signal_generator/ipshared/52c0/hdl/verilog/xsdbm_v3_0_3_bs_core_vec.vh:135]
INFO: [Synth 8-11241] undeclared symbol 'runtest_int', assumed default net type 'wire' [c:/Users/marce/OneDrive/Dokumente/zynq_project/photonsorting/sg_stream/sg_stream.gen/sources_1/bd/signal_generator/ipshared/52c0/hdl/verilog/xsdbm_v3_0_3_bs_core_vec.vh:137]
INFO: [Synth 8-11241] undeclared symbol 'tms_int', assumed default net type 'wire' [c:/Users/marce/OneDrive/Dokumente/zynq_project/photonsorting/sg_stream/sg_stream.gen/sources_1/bd/signal_generator/ipshared/52c0/hdl/verilog/xsdbm_v3_0_3_bs_core_vec.vh:170]
INFO: [Synth 8-11241] undeclared symbol 'runtest_int', assumed default net type 'wire' [c:/Users/marce/OneDrive/Dokumente/zynq_project/photonsorting/sg_stream/sg_stream.gen/sources_1/bd/signal_generator/ipshared/52c0/hdl/verilog/xsdbm_v3_0_3_bs_core_vec.vh:172]
INFO: [Synth 8-11241] undeclared symbol 'tms_int', assumed default net type 'wire' [c:/Users/marce/OneDrive/Dokumente/zynq_project/photonsorting/sg_stream/sg_stream.gen/sources_1/bd/signal_generator/ipshared/52c0/hdl/verilog/xsdbm_v3_0_3_bs_core_vec.vh:205]
INFO: [Synth 8-11241] undeclared symbol 'runtest_int', assumed default net type 'wire' [c:/Users/marce/OneDrive/Dokumente/zynq_project/photonsorting/sg_stream/sg_stream.gen/sources_1/bd/signal_generator/ipshared/52c0/hdl/verilog/xsdbm_v3_0_3_bs_core_vec.vh:207]
INFO: [Synth 8-11241] undeclared symbol 'tms_int', assumed default net type 'wire' [c:/Users/marce/OneDrive/Dokumente/zynq_project/photonsorting/sg_stream/sg_stream.gen/sources_1/bd/signal_generator/ipshared/52c0/hdl/verilog/xsdbm_v3_0_3_bs_core_vec.vh:240]
INFO: [Synth 8-11241] undeclared symbol 'runtest_int', assumed default net type 'wire' [c:/Users/marce/OneDrive/Dokumente/zynq_project/photonsorting/sg_stream/sg_stream.gen/sources_1/bd/signal_generator/ipshared/52c0/hdl/verilog/xsdbm_v3_0_3_bs_core_vec.vh:242]
INFO: [Synth 8-11241] undeclared symbol 'tms_int', assumed default net type 'wire' [c:/Users/marce/OneDrive/Dokumente/zynq_project/photonsorting/sg_stream/sg_stream.gen/sources_1/bd/signal_generator/ipshared/52c0/hdl/verilog/xsdbm_v3_0_3_bs_core_vec.vh:275]
INFO: [Synth 8-11241] undeclared symbol 'runtest_int', assumed default net type 'wire' [c:/Users/marce/OneDrive/Dokumente/zynq_project/photonsorting/sg_stream/sg_stream.gen/sources_1/bd/signal_generator/ipshared/52c0/hdl/verilog/xsdbm_v3_0_3_bs_core_vec.vh:277]
INFO: [Common 17-14] Message 'Synth 8-11241' appears 100 times and further instances of the messages will be disabled. Use the Tcl command set_msg_config to change the current settings.
INFO: [Synth 8-6157] synthesizing module 'signal_generator_ila_0_7' [c:/Users/marce/OneDrive/Dokumente/zynq_project/photonsorting/sg_stream/sg_stream.gen/sources_1/bd/signal_generator/ip/signal_generator_ila_0_7/synth/signal_generator_ila_0_7.v:48]
INFO: [Synth 8-6157] synthesizing module 'CFGLUT5' [C:/Xilinx/Vivado/2024.2/scripts/rt/data/unisim_comp.v:3129]
INFO: [Synth 8-6155] done synthesizing module 'CFGLUT5' (0#1) [C:/Xilinx/Vivado/2024.2/scripts/rt/data/unisim_comp.v:3129]
INFO: [Synth 8-6157] synthesizing module 'CARRY4' [C:/Xilinx/Vivado/2024.2/scripts/rt/data/unisim_comp.v:3092]
INFO: [Synth 8-6155] done synthesizing module 'CARRY4' (0#1) [C:/Xilinx/Vivado/2024.2/scripts/rt/data/unisim_comp.v:3092]
INFO: [Synth 8-6157] synthesizing module 'SRLC32E' [C:/Xilinx/Vivado/2024.2/scripts/rt/data/unisim_comp.v:149195]
INFO: [Synth 8-6155] done synthesizing module 'SRLC32E' (0#1) [C:/Xilinx/Vivado/2024.2/scripts/rt/data/unisim_comp.v:149195]
INFO: [Synth 8-6157] synthesizing module 'SRL16E' [C:/Xilinx/Vivado/2024.2/scripts/rt/data/unisim_comp.v:149045]
INFO: [Synth 8-6155] done synthesizing module 'SRL16E' (0#1) [C:/Xilinx/Vivado/2024.2/scripts/rt/data/unisim_comp.v:149045]
INFO: [Synth 8-6157] synthesizing module 'SRLC16E' [C:/Xilinx/Vivado/2024.2/scripts/rt/data/unisim_comp.v:149134]
INFO: [Synth 8-6155] done synthesizing module 'SRLC16E' (0#1) [C:/Xilinx/Vivado/2024.2/scripts/rt/data/unisim_comp.v:149134]
INFO: [Synth 8-6157] synthesizing module 'FDRE' [C:/Xilinx/Vivado/2024.2/scripts/rt/data/unisim_comp.v:43188]
INFO: [Synth 8-6155] done synthesizing module 'FDRE' (0#1) [C:/Xilinx/Vivado/2024.2/scripts/rt/data/unisim_comp.v:43188]
WARNING: [Synth 8-7071] port 'clk_nobuf' of module 'ila_v6_2_16_ila' is unconnected for instance 'inst' [c:/Users/marce/OneDrive/Dokumente/zynq_project/photonsorting/sg_stream/sg_stream.gen/sources_1/bd/signal_generator/ip/signal_generator_ila_0_7/synth/signal_generator_ila_0_7.v:3217]
WARNING: [Synth 8-7071] port 'clkdiv_out' of module 'ila_v6_2_16_ila' is unconnected for instance 'inst' [c:/Users/marce/OneDrive/Dokumente/zynq_project/photonsorting/sg_stream/sg_stream.gen/sources_1/bd/signal_generator/ip/signal_generator_ila_0_7/synth/signal_generator_ila_0_7.v:3217]
WARNING: [Synth 8-7023] instance 'inst' of module 'ila_v6_2_16_ila' has 1033 connections declared, but only 1031 given [c:/Users/marce/OneDrive/Dokumente/zynq_project/photonsorting/sg_stream/sg_stream.gen/sources_1/bd/signal_generator/ip/signal_generator_ila_0_7/synth/signal_generator_ila_0_7.v:3217]
INFO: [Synth 8-6155] done synthesizing module 'signal_generator_ila_0_7' (0#1) [c:/Users/marce/OneDrive/Dokumente/zynq_project/photonsorting/sg_stream/sg_stream.gen/sources_1/bd/signal_generator/ip/signal_generator_ila_0_7/synth/signal_generator_ila_0_7.v:48]
WARNING: [Synth 8-3848] Net sl_iport0 in module/entity signal_generator_ila_0_7 does not have driver. [c:/Users/marce/OneDrive/Dokumente/zynq_project/photonsorting/sg_stream/sg_stream.gen/sources_1/bd/signal_generator/ip/signal_generator_ila_0_7/synth/signal_generator_ila_0_7.v:106]
WARNING: [Synth 8-7129] Port CLKB in module blk_mem_gen_v8_4_9_blk_mem_output_block is either unconnected or has no load
WARNING: [Synth 8-7129] Port DOUTA_I[65] in module blk_mem_gen_v8_4_9_blk_mem_output_block is either unconnected or has no load
WARNING: [Synth 8-7129] Port DOUTA_I[64] in module blk_mem_gen_v8_4_9_blk_mem_output_block is either unconnected or has no load
WARNING: [Synth 8-7129] Port DOUTA_I[63] in module blk_mem_gen_v8_4_9_blk_mem_output_block is either unconnected or has no load
WARNING: [Synth 8-7129] Port DOUTA_I[62] in module blk_mem_gen_v8_4_9_blk_mem_output_block is either unconnected or has no load
WARNING: [Synth 8-7129] Port DOUTA_I[61] in module blk_mem_gen_v8_4_9_blk_mem_output_block is either unconnected or has no load
WARNING: [Synth 8-7129] Port DOUTA_I[60] in module blk_mem_gen_v8_4_9_blk_mem_output_block is either unconnected or has no load
WARNING: [Synth 8-7129] Port DOUTA_I[59] in module blk_mem_gen_v8_4_9_blk_mem_output_block is either unconnected or has no load
WARNING: [Synth 8-7129] Port DOUTA_I[58] in module blk_mem_gen_v8_4_9_blk_mem_output_block is either unconnected or has no load
WARNING: [Synth 8-7129] Port DOUTA_I[57] in module blk_mem_gen_v8_4_9_blk_mem_output_block is either unconnected or has no load
WARNING: [Synth 8-7129] Port DOUTA_I[56] in module blk_mem_gen_v8_4_9_blk_mem_output_block is either unconnected or has no load
WARNING: [Synth 8-7129] Port DOUTA_I[55] in module blk_mem_gen_v8_4_9_blk_mem_output_block is either unconnected or has no load
WARNING: [Synth 8-7129] Port DOUTA_I[54] in module blk_mem_gen_v8_4_9_blk_mem_output_block is either unconnected or has no load
WARNING: [Synth 8-7129] Port DOUTA_I[53] in module blk_mem_gen_v8_4_9_blk_mem_output_block is either unconnected or has no load
WARNING: [Synth 8-7129] Port DOUTA_I[52] in module blk_mem_gen_v8_4_9_blk_mem_output_block is either unconnected or has no load
WARNING: [Synth 8-7129] Port DOUTA_I[51] in module blk_mem_gen_v8_4_9_blk_mem_output_block is either unconnected or has no load
WARNING: [Synth 8-7129] Port DOUTA_I[50] in module blk_mem_gen_v8_4_9_blk_mem_output_block is either unconnected or has no load
WARNING: [Synth 8-7129] Port DOUTA_I[49] in module blk_mem_gen_v8_4_9_blk_mem_output_block is either unconnected or has no load
WARNING: [Synth 8-7129] Port DOUTA_I[48] in module blk_mem_gen_v8_4_9_blk_mem_output_block is either unconnected or has no load
WARNING: [Synth 8-7129] Port DOUTA_I[47] in module blk_mem_gen_v8_4_9_blk_mem_output_block is either unconnected or has no load
WARNING: [Synth 8-7129] Port DOUTA_I[46] in module blk_mem_gen_v8_4_9_blk_mem_output_block is either unconnected or has no load
WARNING: [Synth 8-7129] Port DOUTA_I[45] in module blk_mem_gen_v8_4_9_blk_mem_output_block is either unconnected or has no load
WARNING: [Synth 8-7129] Port DOUTA_I[44] in module blk_mem_gen_v8_4_9_blk_mem_output_block is either unconnected or has no load
WARNING: [Synth 8-7129] Port DOUTA_I[43] in module blk_mem_gen_v8_4_9_blk_mem_output_block is either unconnected or has no load
WARNING: [Synth 8-7129] Port DOUTA_I[42] in module blk_mem_gen_v8_4_9_blk_mem_output_block is either unconnected or has no load
WARNING: [Synth 8-7129] Port DOUTA_I[41] in module blk_mem_gen_v8_4_9_blk_mem_output_block is either unconnected or has no load
WARNING: [Synth 8-7129] Port DOUTA_I[40] in module blk_mem_gen_v8_4_9_blk_mem_output_block is either unconnected or has no load
WARNING: [Synth 8-7129] Port DOUTA_I[39] in module blk_mem_gen_v8_4_9_blk_mem_output_block is either unconnected or has no load
WARNING: [Synth 8-7129] Port DOUTA_I[38] in module blk_mem_gen_v8_4_9_blk_mem_output_block is either unconnected or has no load
WARNING: [Synth 8-7129] Port DOUTA_I[37] in module blk_mem_gen_v8_4_9_blk_mem_output_block is either unconnected or has no load
WARNING: [Synth 8-7129] Port DOUTA_I[36] in module blk_mem_gen_v8_4_9_blk_mem_output_block is either unconnected or has no load
WARNING: [Synth 8-7129] Port DOUTA_I[35] in module blk_mem_gen_v8_4_9_blk_mem_output_block is either unconnected or has no load
WARNING: [Synth 8-7129] Port DOUTA_I[34] in module blk_mem_gen_v8_4_9_blk_mem_output_block is either unconnected or has no load
WARNING: [Synth 8-7129] Port DOUTA_I[33] in module blk_mem_gen_v8_4_9_blk_mem_output_block is either unconnected or has no load
WARNING: [Synth 8-7129] Port DOUTA_I[32] in module blk_mem_gen_v8_4_9_blk_mem_output_block is either unconnected or has no load
WARNING: [Synth 8-7129] Port DOUTA_I[31] in module blk_mem_gen_v8_4_9_blk_mem_output_block is either unconnected or has no load
WARNING: [Synth 8-7129] Port DOUTA_I[30] in module blk_mem_gen_v8_4_9_blk_mem_output_block is either unconnected or has no load
WARNING: [Synth 8-7129] Port DOUTA_I[29] in module blk_mem_gen_v8_4_9_blk_mem_output_block is either unconnected or has no load
WARNING: [Synth 8-7129] Port DOUTA_I[28] in module blk_mem_gen_v8_4_9_blk_mem_output_block is either unconnected or has no load
WARNING: [Synth 8-7129] Port DOUTA_I[27] in module blk_mem_gen_v8_4_9_blk_mem_output_block is either unconnected or has no load
WARNING: [Synth 8-7129] Port DOUTA_I[26] in module blk_mem_gen_v8_4_9_blk_mem_output_block is either unconnected or has no load
WARNING: [Synth 8-7129] Port DOUTA_I[25] in module blk_mem_gen_v8_4_9_blk_mem_output_block is either unconnected or has no load
WARNING: [Synth 8-7129] Port DOUTA_I[24] in module blk_mem_gen_v8_4_9_blk_mem_output_block is either unconnected or has no load
WARNING: [Synth 8-7129] Port DOUTA_I[23] in module blk_mem_gen_v8_4_9_blk_mem_output_block is either unconnected or has no load
WARNING: [Synth 8-7129] Port DOUTA_I[22] in module blk_mem_gen_v8_4_9_blk_mem_output_block is either unconnected or has no load
WARNING: [Synth 8-7129] Port DOUTA_I[21] in module blk_mem_gen_v8_4_9_blk_mem_output_block is either unconnected or has no load
WARNING: [Synth 8-7129] Port DOUTA_I[20] in module blk_mem_gen_v8_4_9_blk_mem_output_block is either unconnected or has no load
WARNING: [Synth 8-7129] Port DOUTA_I[19] in module blk_mem_gen_v8_4_9_blk_mem_output_block is either unconnected or has no load
WARNING: [Synth 8-7129] Port DOUTA_I[18] in module blk_mem_gen_v8_4_9_blk_mem_output_block is either unconnected or has no load
WARNING: [Synth 8-7129] Port DOUTA_I[17] in module blk_mem_gen_v8_4_9_blk_mem_output_block is either unconnected or has no load
WARNING: [Synth 8-7129] Port DOUTA_I[16] in module blk_mem_gen_v8_4_9_blk_mem_output_block is either unconnected or has no load
WARNING: [Synth 8-7129] Port DOUTA_I[15] in module blk_mem_gen_v8_4_9_blk_mem_output_block is either unconnected or has no load
WARNING: [Synth 8-7129] Port DOUTA_I[14] in module blk_mem_gen_v8_4_9_blk_mem_output_block is either unconnected or has no load
WARNING: [Synth 8-7129] Port DOUTA_I[13] in module blk_mem_gen_v8_4_9_blk_mem_output_block is either unconnected or has no load
WARNING: [Synth 8-7129] Port DOUTA_I[12] in module blk_mem_gen_v8_4_9_blk_mem_output_block is either unconnected or has no load
WARNING: [Synth 8-7129] Port DOUTA_I[11] in module blk_mem_gen_v8_4_9_blk_mem_output_block is either unconnected or has no load
WARNING: [Synth 8-7129] Port DOUTA_I[10] in module blk_mem_gen_v8_4_9_blk_mem_output_block is either unconnected or has no load
WARNING: [Synth 8-7129] Port DOUTA_I[9] in module blk_mem_gen_v8_4_9_blk_mem_output_block is either unconnected or has no load
WARNING: [Synth 8-7129] Port DOUTA_I[8] in module blk_mem_gen_v8_4_9_blk_mem_output_block is either unconnected or has no load
WARNING: [Synth 8-7129] Port DOUTA_I[7] in module blk_mem_gen_v8_4_9_blk_mem_output_block is either unconnected or has no load
WARNING: [Synth 8-7129] Port DOUTA_I[6] in module blk_mem_gen_v8_4_9_blk_mem_output_block is either unconnected or has no load
WARNING: [Synth 8-7129] Port DOUTA_I[5] in module blk_mem_gen_v8_4_9_blk_mem_output_block is either unconnected or has no load
WARNING: [Synth 8-7129] Port DOUTA_I[4] in module blk_mem_gen_v8_4_9_blk_mem_output_block is either unconnected or has no load
WARNING: [Synth 8-7129] Port DOUTA_I[3] in module blk_mem_gen_v8_4_9_blk_mem_output_block is either unconnected or has no load
WARNING: [Synth 8-7129] Port DOUTA_I[2] in module blk_mem_gen_v8_4_9_blk_mem_output_block is either unconnected or has no load
WARNING: [Synth 8-7129] Port DOUTA_I[1] in module blk_mem_gen_v8_4_9_blk_mem_output_block is either unconnected or has no load
WARNING: [Synth 8-7129] Port DOUTA_I[0] in module blk_mem_gen_v8_4_9_blk_mem_output_block is either unconnected or has no load
WARNING: [Synth 8-7129] Port SBITERR_I in module blk_mem_gen_v8_4_9_blk_mem_output_block is either unconnected or has no load
WARNING: [Synth 8-7129] Port DBITERR_I in module blk_mem_gen_v8_4_9_blk_mem_output_block is either unconnected or has no load
WARNING: [Synth 8-7129] Port RDADDRECC_I[9] in module blk_mem_gen_v8_4_9_blk_mem_output_block is either unconnected or has no load
WARNING: [Synth 8-7129] Port RDADDRECC_I[8] in module blk_mem_gen_v8_4_9_blk_mem_output_block is either unconnected or has no load
WARNING: [Synth 8-7129] Port RDADDRECC_I[7] in module blk_mem_gen_v8_4_9_blk_mem_output_block is either unconnected or has no load
WARNING: [Synth 8-7129] Port RDADDRECC_I[6] in module blk_mem_gen_v8_4_9_blk_mem_output_block is either unconnected or has no load
WARNING: [Synth 8-7129] Port RDADDRECC_I[5] in module blk_mem_gen_v8_4_9_blk_mem_output_block is either unconnected or has no load
WARNING: [Synth 8-7129] Port RDADDRECC_I[4] in module blk_mem_gen_v8_4_9_blk_mem_output_block is either unconnected or has no load
WARNING: [Synth 8-7129] Port RDADDRECC_I[3] in module blk_mem_gen_v8_4_9_blk_mem_output_block is either unconnected or has no load
WARNING: [Synth 8-7129] Port RDADDRECC_I[2] in module blk_mem_gen_v8_4_9_blk_mem_output_block is either unconnected or has no load
WARNING: [Synth 8-7129] Port RDADDRECC_I[1] in module blk_mem_gen_v8_4_9_blk_mem_output_block is either unconnected or has no load
WARNING: [Synth 8-7129] Port RDADDRECC_I[0] in module blk_mem_gen_v8_4_9_blk_mem_output_block is either unconnected or has no load
WARNING: [Synth 8-7129] Port DOUTA[35] in module blk_mem_gen_v8_4_9_blk_mem_gen_prim_wrapper__parameterized0 is either unconnected or has no load
WARNING: [Synth 8-7129] Port DOUTA[34] in module blk_mem_gen_v8_4_9_blk_mem_gen_prim_wrapper__parameterized0 is either unconnected or has no load
WARNING: [Synth 8-7129] Port DOUTA[33] in module blk_mem_gen_v8_4_9_blk_mem_gen_prim_wrapper__parameterized0 is either unconnected or has no load
WARNING: [Synth 8-7129] Port DOUTA[32] in module blk_mem_gen_v8_4_9_blk_mem_gen_prim_wrapper__parameterized0 is either unconnected or has no load
WARNING: [Synth 8-7129] Port DOUTA[31] in module blk_mem_gen_v8_4_9_blk_mem_gen_prim_wrapper__parameterized0 is either unconnected or has no load
WARNING: [Synth 8-7129] Port DOUTA[30] in module blk_mem_gen_v8_4_9_blk_mem_gen_prim_wrapper__parameterized0 is either unconnected or has no load
WARNING: [Synth 8-7129] Port DOUTA[29] in module blk_mem_gen_v8_4_9_blk_mem_gen_prim_wrapper__parameterized0 is either unconnected or has no load
WARNING: [Synth 8-7129] Port DOUTA[28] in module blk_mem_gen_v8_4_9_blk_mem_gen_prim_wrapper__parameterized0 is either unconnected or has no load
WARNING: [Synth 8-7129] Port DOUTA[27] in module blk_mem_gen_v8_4_9_blk_mem_gen_prim_wrapper__parameterized0 is either unconnected or has no load
WARNING: [Synth 8-7129] Port DOUTA[26] in module blk_mem_gen_v8_4_9_blk_mem_gen_prim_wrapper__parameterized0 is either unconnected or has no load
WARNING: [Synth 8-7129] Port DOUTA[25] in module blk_mem_gen_v8_4_9_blk_mem_gen_prim_wrapper__parameterized0 is either unconnected or has no load
WARNING: [Synth 8-7129] Port DOUTA[24] in module blk_mem_gen_v8_4_9_blk_mem_gen_prim_wrapper__parameterized0 is either unconnected or has no load
WARNING: [Synth 8-7129] Port DOUTA[23] in module blk_mem_gen_v8_4_9_blk_mem_gen_prim_wrapper__parameterized0 is either unconnected or has no load
WARNING: [Synth 8-7129] Port DOUTA[22] in module blk_mem_gen_v8_4_9_blk_mem_gen_prim_wrapper__parameterized0 is either unconnected or has no load
WARNING: [Synth 8-7129] Port DOUTA[21] in module blk_mem_gen_v8_4_9_blk_mem_gen_prim_wrapper__parameterized0 is either unconnected or has no load
WARNING: [Synth 8-7129] Port DOUTA[20] in module blk_mem_gen_v8_4_9_blk_mem_gen_prim_wrapper__parameterized0 is either unconnected or has no load
WARNING: [Synth 8-7129] Port DOUTA[19] in module blk_mem_gen_v8_4_9_blk_mem_gen_prim_wrapper__parameterized0 is either unconnected or has no load
WARNING: [Synth 8-7129] Port DOUTA[18] in module blk_mem_gen_v8_4_9_blk_mem_gen_prim_wrapper__parameterized0 is either unconnected or has no load
WARNING: [Synth 8-7129] Port DOUTA[17] in module blk_mem_gen_v8_4_9_blk_mem_gen_prim_wrapper__parameterized0 is either unconnected or has no load
WARNING: [Synth 8-7129] Port DOUTA[16] in module blk_mem_gen_v8_4_9_blk_mem_gen_prim_wrapper__parameterized0 is either unconnected or has no load
WARNING: [Synth 8-7129] Port DOUTA[15] in module blk_mem_gen_v8_4_9_blk_mem_gen_prim_wrapper__parameterized0 is either unconnected or has no load
INFO: [Common 17-14] Message 'Synth 8-7129' appears 100 times and further instances of the messages will be disabled. Use the Tcl command set_msg_config to change the current settings.
---------------------------------------------------------------------------------
Finished RTL Elaboration : Time (s): cpu = 00:00:47 ; elapsed = 00:00:49 . Memory (MB): peak = 1669.055 ; gain = 1002.664
---------------------------------------------------------------------------------
---------------------------------------------------------------------------------
Start Handling Custom Attributes
---------------------------------------------------------------------------------
---------------------------------------------------------------------------------
Finished Handling Custom Attributes : Time (s): cpu = 00:00:47 ; elapsed = 00:00:49 . Memory (MB): peak = 1669.055 ; gain = 1002.664
---------------------------------------------------------------------------------
---------------------------------------------------------------------------------
Finished RTL Optimization Phase 1 : Time (s): cpu = 00:00:47 ; elapsed = 00:00:49 . Memory (MB): peak = 1669.055 ; gain = 1002.664
---------------------------------------------------------------------------------
Netlist sorting complete. Time (s): cpu = 00:00:00 ; elapsed = 00:00:00.081 . Memory (MB): peak = 1669.055 ; gain = 0.000
INFO: [Netlist 29-17] Analyzing 96 Unisim elements for replacement
INFO: [Netlist 29-28] Unisim Transformation completed in 0 CPU seconds
INFO: [Project 1-570] Preparing netlist for logic optimization

Processing XDC Constraints
Initializing timing engine
Parsing XDC File [c:/Users/marce/OneDrive/Dokumente/zynq_project/photonsorting/sg_stream/sg_stream.gen/sources_1/bd/signal_generator/ip/signal_generator_ila_0_7/signal_generator_ila_0_7_ooc.xdc] for cell 'inst'
Finished Parsing XDC File [c:/Users/marce/OneDrive/Dokumente/zynq_project/photonsorting/sg_stream/sg_stream.gen/sources_1/bd/signal_generator/ip/signal_generator_ila_0_7/signal_generator_ila_0_7_ooc.xdc] for cell 'inst'
Parsing XDC File [c:/Users/marce/OneDrive/Dokumente/zynq_project/photonsorting/sg_stream/sg_stream.gen/sources_1/bd/signal_generator/ip/signal_generator_ila_0_7/ila_v6_2/constraints/ila.xdc] for cell 'inst'
Finished Parsing XDC File [c:/Users/marce/OneDrive/Dokumente/zynq_project/photonsorting/sg_stream/sg_stream.gen/sources_1/bd/signal_generator/ip/signal_generator_ila_0_7/ila_v6_2/constraints/ila.xdc] for cell 'inst'
INFO: [Project 1-236] Implementation specific constraints were found while reading constraint file [c:/Users/marce/OneDrive/Dokumente/zynq_project/photonsorting/sg_stream/sg_stream.gen/sources_1/bd/signal_generator/ip/signal_generator_ila_0_7/ila_v6_2/constraints/ila.xdc]. These constraints will be ignored for synthesis but will be used in implementation. Impacted constraints are listed in the file [.Xil/signal_generator_ila_0_7_propImpl.xdc].
Resolution: To avoid this warning, move constraints listed in [.Xil/signal_generator_ila_0_7_propImpl.xdc] to another XDC file and exclude this new file from synthesis with the used_in_synthesis property (File Properties dialog in GUI) and re-run elaboration/synthesis.
Parsing XDC File [C:/Users/marce/OneDrive/Dokumente/zynq_project/photonsorting/sg_stream/sg_stream.runs/signal_generator_ila_0_7_synth_1/dont_touch.xdc]
Finished Parsing XDC File [C:/Users/marce/OneDrive/Dokumente/zynq_project/photonsorting/sg_stream/sg_stream.runs/signal_generator_ila_0_7_synth_1/dont_touch.xdc]
Completed Processing XDC Constraints

Netlist sorting complete. Time (s): cpu = 00:00:00 ; elapsed = 00:00:00.002 . Memory (MB): peak = 1669.055 ; gain = 0.000
INFO: [Project 1-111] Unisim Transformation Summary:
  A total of 71 instances were transformed.
  CFGLUT5 => CFGLUT5 (SRL16E, SRLC32E): 64 instances
  CFGLUT5 => SRLC32E: 7 instances

Constraint Validation Runtime : Time (s): cpu = 00:00:00 ; elapsed = 00:00:00.122 . Memory (MB): peak = 1669.055 ; gain = 0.000
INFO: [Designutils 20-5008] Incremental synthesis strategy off
---------------------------------------------------------------------------------
Finished Constraint Validation : Time (s): cpu = 00:01:01 ; elapsed = 00:01:04 . Memory (MB): peak = 1669.055 ; gain = 1002.664
---------------------------------------------------------------------------------
---------------------------------------------------------------------------------
Start Loading Part and Timing Information
---------------------------------------------------------------------------------
Loading part: xc7z020clg484-1
---------------------------------------------------------------------------------
Finished Loading Part and Timing Information : Time (s): cpu = 00:01:01 ; elapsed = 00:01:04 . Memory (MB): peak = 1669.055 ; gain = 1002.664
---------------------------------------------------------------------------------
---------------------------------------------------------------------------------
Start Applying 'set_property' XDC Constraints
---------------------------------------------------------------------------------
Applied set_property KEEP_HIERARCHY = SOFT for inst. (constraint file  C:/Users/marce/OneDrive/Dokumente/zynq_project/photonsorting/sg_stream/sg_stream.runs/signal_generator_ila_0_7_synth_1/dont_touch.xdc, line 9).
---------------------------------------------------------------------------------
Finished applying 'set_property' XDC Constraints : Time (s): cpu = 00:01:01 ; elapsed = 00:01:04 . Memory (MB): peak = 1669.055 ; gain = 1002.664
---------------------------------------------------------------------------------
INFO: [Synth 8-802] inferred FSM for state register 'current_state_reg' in module 'xsdbs_v1_0_4_reg_p2s'
INFO: [Synth 8-802] inferred FSM for state register 'current_state_reg' in module 'xsdbs_v1_0_4_reg_p2s__parameterized0'
INFO: [Synth 8-802] inferred FSM for state register 'current_state_reg' in module 'xsdbs_v1_0_4_reg_p2s__parameterized1'
INFO: [Synth 8-802] inferred FSM for state register 'current_state_reg' in module 'xsdbs_v1_0_4_reg_p2s__parameterized2'
INFO: [Synth 8-802] inferred FSM for state register 'current_state_reg' in module 'xsdbs_v1_0_4_reg_p2s__parameterized3'
INFO: [Synth 8-802] inferred FSM for state register 'current_state_reg' in module 'ltlib_v1_0_2_generic_memrd'
---------------------------------------------------------------------------------------------------
                   State |                     New Encoding |                Previous Encoding 
---------------------------------------------------------------------------------------------------
*
                    IDLE |                             0001 |                             0001
                     REG |                             0010 |                             0010
                     P2S |                             0100 |                             0100
                     S2P |                             1000 |                             1000
---------------------------------------------------------------------------------------------------
INFO: [Synth 8-3898] No Re-encoding of one hot register 'current_state_reg' in module 'xsdbs_v1_0_4_reg_p2s'
---------------------------------------------------------------------------------------------------
                   State |                     New Encoding |                Previous Encoding 
---------------------------------------------------------------------------------------------------
*
                    IDLE |                             0001 |                             0001
                     REG |                             0010 |                             0010
                     P2S |                             0100 |                             0100
                     S2P |                             1000 |                             1000
---------------------------------------------------------------------------------------------------
INFO: [Synth 8-3898] No Re-encoding of one hot register 'current_state_reg' in module 'xsdbs_v1_0_4_reg_p2s__parameterized0'
---------------------------------------------------------------------------------------------------
                   State |                     New Encoding |                Previous Encoding 
---------------------------------------------------------------------------------------------------
*
                    IDLE |                             0001 |                             0001
                     REG |                             0010 |                             0010
                     P2S |                             0100 |                             0100
                     S2P |                             1000 |                             1000
---------------------------------------------------------------------------------------------------
INFO: [Synth 8-3898] No Re-encoding of one hot register 'current_state_reg' in module 'xsdbs_v1_0_4_reg_p2s__parameterized1'
---------------------------------------------------------------------------------------------------
                   State |                     New Encoding |                Previous Encoding 
---------------------------------------------------------------------------------------------------
*
                    IDLE |                             0001 |                             0001
                     REG |                             0010 |                             0010
                     P2S |                             0100 |                             0100
                     S2P |                             1000 |                             1000
---------------------------------------------------------------------------------------------------
INFO: [Synth 8-3898] No Re-encoding of one hot register 'current_state_reg' in module 'xsdbs_v1_0_4_reg_p2s__parameterized2'
---------------------------------------------------------------------------------------------------
                   State |                     New Encoding |                Previous Encoding 
---------------------------------------------------------------------------------------------------
*
                    IDLE |                             0001 |                             0001
                     REG |                             0010 |                             0010
                     P2S |                             0100 |                             0100
                     S2P |                             1000 |                             1000
---------------------------------------------------------------------------------------------------
INFO: [Synth 8-3898] No Re-encoding of one hot register 'current_state_reg' in module 'xsdbs_v1_0_4_reg_p2s__parameterized3'
---------------------------------------------------------------------------------------------------
                   State |                     New Encoding |                Previous Encoding 
---------------------------------------------------------------------------------------------------
*
              RESET_ADDR |                          0000001 |                          0000001
            REQUEST_READ |                          0000010 |                          0000010
           WAIT_READ_ACK |                          0000100 |                          0000100
             OUTPUT_DATA |                          0001000 |                          0001000
                    IDLE |                          0010000 |                          0010000
         INCREMENT_BLOCK |                          0100000 |                          0100000
       INCREMENT_ADDRESS |                          1000000 |                          1000000
---------------------------------------------------------------------------------------------------
INFO: [Synth 8-3898] No Re-encoding of one hot register 'current_state_reg' in module 'ltlib_v1_0_2_generic_memrd'
---------------------------------------------------------------------------------
Finished RTL Optimization Phase 2 : Time (s): cpu = 00:01:03 ; elapsed = 00:01:06 . Memory (MB): peak = 1669.055 ; gain = 1002.664
---------------------------------------------------------------------------------
---------------------------------------------------------------------------------
Start RTL Component Statistics 
---------------------------------------------------------------------------------
---------------------------------------------------------------------------------
Finished RTL Component Statistics 
---------------------------------------------------------------------------------
---------------------------------------------------------------------------------
Start Part Resource Summary
---------------------------------------------------------------------------------
Part Resources:
DSPs: 220 (col length:60)
BRAMs: 280 (col length: RAMB18 60 RAMB36 30)
---------------------------------------------------------------------------------
Finished Part Resource Summary
---------------------------------------------------------------------------------
---------------------------------------------------------------------------------
Start Cross Boundary and Area Optimization
---------------------------------------------------------------------------------
WARNING: [Synth 8-7080] Parallel synthesis criteria is not met
---------------------------------------------------------------------------------
Finished Cross Boundary and Area Optimization : Time (s): cpu = 00:01:13 ; elapsed = 00:01:16 . Memory (MB): peak = 1669.055 ; gain = 1002.664
---------------------------------------------------------------------------------
---------------------------------------------------------------------------------
Start Applying XDC Timing Constraints
---------------------------------------------------------------------------------
---------------------------------------------------------------------------------
Finished Applying XDC Timing Constraints : Time (s): cpu = 00:01:22 ; elapsed = 00:01:25 . Memory (MB): peak = 1669.055 ; gain = 1002.664
---------------------------------------------------------------------------------
---------------------------------------------------------------------------------
Start Timing Optimization
---------------------------------------------------------------------------------
---------------------------------------------------------------------------------
Finished Timing Optimization : Time (s): cpu = 00:01:22 ; elapsed = 00:01:25 . Memory (MB): peak = 1669.055 ; gain = 1002.664
---------------------------------------------------------------------------------
---------------------------------------------------------------------------------
Start Technology Mapping
---------------------------------------------------------------------------------
---------------------------------------------------------------------------------
Finished Technology Mapping : Time (s): cpu = 00:01:23 ; elapsed = 00:01:26 . Memory (MB): peak = 1669.055 ; gain = 1002.664
---------------------------------------------------------------------------------
---------------------------------------------------------------------------------
Start IO Insertion
---------------------------------------------------------------------------------
---------------------------------------------------------------------------------
Start Flattening Before IO Insertion
---------------------------------------------------------------------------------
---------------------------------------------------------------------------------
Finished Flattening Before IO Insertion
---------------------------------------------------------------------------------
---------------------------------------------------------------------------------
Start Final Netlist Cleanup
---------------------------------------------------------------------------------
---------------------------------------------------------------------------------
Finished Final Netlist Cleanup
---------------------------------------------------------------------------------
INFO: [Synth 8-3295] tying undriven pin dummy_inferred:in0 to constant 0
INFO: [Synth 8-3295] tying undriven pin inst:sl_iport0[36] to constant 0
INFO: [Synth 8-3295] tying undriven pin inst:sl_iport0[35] to constant 0
INFO: [Synth 8-3295] tying undriven pin inst:sl_iport0[34] to constant 0
INFO: [Synth 8-3295] tying undriven pin inst:sl_iport0[33] to constant 0
INFO: [Synth 8-3295] tying undriven pin inst:sl_iport0[32] to constant 0
INFO: [Synth 8-3295] tying undriven pin inst:sl_iport0[31] to constant 0
INFO: [Synth 8-3295] tying undriven pin inst:sl_iport0[30] to constant 0
INFO: [Synth 8-3295] tying undriven pin inst:sl_iport0[29] to constant 0
INFO: [Synth 8-3295] tying undriven pin inst:sl_iport0[28] to constant 0
INFO: [Synth 8-3295] tying undriven pin inst:sl_iport0[27] to constant 0
INFO: [Synth 8-3295] tying undriven pin inst:sl_iport0[26] to constant 0
INFO: [Synth 8-3295] tying undriven pin inst:sl_iport0[25] to constant 0
INFO: [Synth 8-3295] tying undriven pin inst:sl_iport0[24] to constant 0
INFO: [Synth 8-3295] tying undriven pin inst:sl_iport0[23] to constant 0
INFO: [Synth 8-3295] tying undriven pin inst:sl_iport0[22] to constant 0
INFO: [Synth 8-3295] tying undriven pin inst:sl_iport0[21] to constant 0
INFO: [Synth 8-3295] tying undriven pin inst:sl_iport0[20] to constant 0
INFO: [Synth 8-3295] tying undriven pin inst:sl_iport0[19] to constant 0
INFO: [Synth 8-3295] tying undriven pin inst:sl_iport0[18] to constant 0
INFO: [Synth 8-3295] tying undriven pin inst:sl_iport0[17] to constant 0
INFO: [Synth 8-3295] tying undriven pin inst:sl_iport0[16] to constant 0
INFO: [Synth 8-3295] tying undriven pin inst:sl_iport0[15] to constant 0
INFO: [Synth 8-3295] tying undriven pin inst:sl_iport0[14] to constant 0
INFO: [Synth 8-3295] tying undriven pin inst:sl_iport0[13] to constant 0
INFO: [Synth 8-3295] tying undriven pin inst:sl_iport0[12] to constant 0
INFO: [Synth 8-3295] tying undriven pin inst:sl_iport0[11] to constant 0
INFO: [Synth 8-3295] tying undriven pin inst:sl_iport0[10] to constant 0
INFO: [Synth 8-3295] tying undriven pin inst:sl_iport0[9] to constant 0
INFO: [Synth 8-3295] tying undriven pin inst:sl_iport0[8] to constant 0
INFO: [Synth 8-3295] tying undriven pin inst:sl_iport0[7] to constant 0
INFO: [Synth 8-3295] tying undriven pin inst:sl_iport0[6] to constant 0
INFO: [Synth 8-3295] tying undriven pin inst:sl_iport0[5] to constant 0
INFO: [Synth 8-3295] tying undriven pin inst:sl_iport0[4] to constant 0
INFO: [Synth 8-3295] tying undriven pin inst:sl_iport0[3] to constant 0
INFO: [Synth 8-3295] tying undriven pin inst:sl_iport0[2] to constant 0
INFO: [Synth 8-3295] tying undriven pin inst:sl_iport0[1] to constant 0
INFO: [Synth 8-3295] tying undriven pin inst:sl_iport0[0] to constant 0
---------------------------------------------------------------------------------
Finished IO Insertion : Time (s): cpu = 00:01:30 ; elapsed = 00:01:33 . Memory (MB): peak = 1741.531 ; gain = 1075.141
---------------------------------------------------------------------------------
---------------------------------------------------------------------------------
Start Renaming Generated Instances
---------------------------------------------------------------------------------
---------------------------------------------------------------------------------
Finished Renaming Generated Instances : Time (s): cpu = 00:01:30 ; elapsed = 00:01:33 . Memory (MB): peak = 1741.531 ; gain = 1075.141
---------------------------------------------------------------------------------
---------------------------------------------------------------------------------
Start Rebuilding User Hierarchy
---------------------------------------------------------------------------------
---------------------------------------------------------------------------------
Finished Rebuilding User Hierarchy : Time (s): cpu = 00:01:30 ; elapsed = 00:01:33 . Memory (MB): peak = 1741.531 ; gain = 1075.141
---------------------------------------------------------------------------------
---------------------------------------------------------------------------------
Start Renaming Generated Ports
---------------------------------------------------------------------------------
---------------------------------------------------------------------------------
Finished Renaming Generated Ports : Time (s): cpu = 00:01:30 ; elapsed = 00:01:33 . Memory (MB): peak = 1741.531 ; gain = 1075.141
---------------------------------------------------------------------------------
---------------------------------------------------------------------------------
Start Handling Custom Attributes
---------------------------------------------------------------------------------
---------------------------------------------------------------------------------
Finished Handling Custom Attributes : Time (s): cpu = 00:01:30 ; elapsed = 00:01:33 . Memory (MB): peak = 1741.531 ; gain = 1075.141
---------------------------------------------------------------------------------
---------------------------------------------------------------------------------
Start Renaming Generated Nets
---------------------------------------------------------------------------------
---------------------------------------------------------------------------------
Finished Renaming Generated Nets : Time (s): cpu = 00:01:30 ; elapsed = 00:01:33 . Memory (MB): peak = 1741.531 ; gain = 1075.141
---------------------------------------------------------------------------------
---------------------------------------------------------------------------------
Start Writing Synthesis Report
---------------------------------------------------------------------------------

Report BlackBoxes: 
+-+--------------+----------+
| |BlackBox name |Instances |
+-+--------------+----------+
+-+--------------+----------+

Report Cell Usage: 
+------+---------+------+
|      |Cell     |Count |
+------+---------+------+
|1     |CARRY4   |    23|
|2     |CFGLUT5  |    71|
|3     |LUT1     |    30|
|4     |LUT2     |    88|
|5     |LUT3     |    97|
|6     |LUT4     |    88|
|7     |LUT5     |   123|
|8     |LUT6     |   404|
|9     |MUXF7    |     3|
|10    |RAMB36E1 |     2|
|11    |SRL16E   |    69|
|12    |SRLC16E  |     2|
|13    |SRLC32E  |    17|
|14    |FDRE     |  1429|
|15    |FDSE     |    10|
+------+---------+------+
---------------------------------------------------------------------------------
Finished Writing Synthesis Report : Time (s): cpu = 00:01:30 ; elapsed = 00:01:33 . Memory (MB): peak = 1741.531 ; gain = 1075.141
---------------------------------------------------------------------------------
Synthesis finished with 0 errors, 0 critical warnings and 2660 warnings.
Synthesis Optimization Runtime : Time (s): cpu = 00:00:38 ; elapsed = 00:01:29 . Memory (MB): peak = 1741.531 ; gain = 1075.141
Synthesis Optimization Complete : Time (s): cpu = 00:01:30 ; elapsed = 00:01:33 . Memory (MB): peak = 1741.531 ; gain = 1075.141
INFO: [Project 1-571] Translating synthesized netlist
Netlist sorting complete. Time (s): cpu = 00:00:00 ; elapsed = 00:00:00.040 . Memory (MB): peak = 1741.531 ; gain = 0.000
INFO: [Netlist 29-17] Analyzing 99 Unisim elements for replacement
INFO: [Netlist 29-28] Unisim Transformation completed in 0 CPU seconds
INFO: [Project 1-570] Preparing netlist for logic optimization
INFO: [Opt 31-138] Pushed 0 inverter(s) to 0 load pin(s).
Netlist sorting complete. Time (s): cpu = 00:00:00 ; elapsed = 00:00:00.001 . Memory (MB): peak = 1754.336 ; gain = 0.000
INFO: [Project 1-111] Unisim Transformation Summary:
  A total of 71 instances were transformed.
  CFGLUT5 => CFGLUT5 (SRL16E, SRLC32E): 64 instances
  CFGLUT5 => SRLC32E: 7 instances

Synth Design complete | Checksum: 7bebb0d0
INFO: [Common 17-83] Releasing license: Synthesis
194 Infos, 111 Warnings, 0 Critical Warnings and 0 Errors encountered.
synth_design completed successfully
synth_design: Time (s): cpu = 00:01:36 ; elapsed = 00:01:41 . Memory (MB): peak = 1754.336 ; gain = 1325.410
Write ShapeDB Complete: Time (s): cpu = 00:00:00 ; elapsed = 00:00:00.009 . Memory (MB): peak = 1754.336 ; gain = 0.000
INFO: [Common 17-1381] The checkpoint 'C:/Users/marce/OneDrive/Dokumente/zynq_project/photonsorting/sg_stream/sg_stream.runs/signal_generator_ila_0_7_synth_1/signal_generator_ila_0_7.dcp' has been generated.
INFO: [Coretcl 2-1648] Added synthesis output to IP cache for IP signal_generator_ila_0_7, cache-ID = c4b2d1338b9c27ea
INFO: [Coretcl 2-1174] Renamed 121 cell refs.
Write ShapeDB Complete: Time (s): cpu = 00:00:00 ; elapsed = 00:00:00.006 . Memory (MB): peak = 1754.336 ; gain = 0.000
INFO: [Common 17-1381] The checkpoint 'C:/Users/marce/OneDrive/Dokumente/zynq_project/photonsorting/sg_stream/sg_stream.runs/signal_generator_ila_0_7_synth_1/signal_generator_ila_0_7.dcp' has been generated.
INFO: [Vivado 12-24828] Executing command : report_utilization -file signal_generator_ila_0_7_utilization_synth.rpt -pb signal_generator_ila_0_7_utilization_synth.pb
INFO: [Common 17-206] Exiting Vivado at Mon Feb 23 20:38:37 2026...
